box	game_id	families	n_hard	n_soft	n_damage	n_findings	perspectives	sample_turn	sample_message
i-0007c93f1013e0a91	b000/g3/20260812T065013-l5-000007	struggle_damage,ko_margin_soft	1	1	1	2	p2	35	observed damage 21 on coalossal from thundurustherian struggle (crit=False) not in the PS-exact roll set (nearest delta -3; max_roll 29)
i-005adc19f61405de9	b000/g0/20260812T042531-l5-000054	struggle_damage	1	0	1	1	p1	21	observed damage 95 on blissey from exeggutoralola struggle (crit=False) not in the PS-exact roll set (nearest delta -19; max_roll 135)
i-005adc19f61405de9	b000/g13/20260812T042531-l2-000068	revival_blessing	1	0	0	1	p1	20	observed - spa on user but no branch produces it
i-005adc19f61405de9	b000/g14/20260812T042531-l4-000039	ko_margin_soft	0	1	0	1	p1	25	observed slp on user but no branch applies it [ko-margin]
i-005adc19f61405de9	b000/g14/20260812T042531-l4-000044	struggle_damage	1	0	1	1	p1	89	observed damage 20 on walkingwake from umbreon struggle (crit=False) not in the PS-exact roll set (nearest delta -6; max_roll 31)
i-005adc19f61405de9	b000/g14/20260812T042531-l6-000028	struggle_damage	2	0	2	2	p2	138	observed damage 14 on umbreon from bastiodon struggle (crit=False) not in the PS-exact roll set (nearest delta -6; max_roll 24)
i-005adc19f61405de9	b000/g2/20260812T042531-l6-000043	revival_blessing	1	0	0	1	p2	24	observed weather SUN but no branch sets it
i-005adc19f61405de9	b000/g5/20260812T042531-l3-000089	struggle_damage	2	0	2	2	p2	142	observed damage 15 on porygon2 from florgesyellow struggle (crit=False) not in the PS-exact roll set (nearest delta -2; max_roll 21)
i-005adc19f61405de9	b000/g7/20260812T042531-l2-000002	ko_margin_soft	0	3	0	3	p2	10	observed - atk on opp but no branch produces it [ko-margin]
i-005adc19f61405de9	b001/g1/20260812T044139-l1-000001	struggle_damage	1	0	1	1	p2	95	observed damage 23 on magmortar from sylveon struggle (crit=False) not in the PS-exact roll set (nearest delta -7; max_roll 36)
i-005adc19f61405de9	b001/g11/20260812T044139-l1-000085	bellydrum_sitrus	0	1	0	1	p1	23	observed item loss (Sitrus Berry) on opp but no branch removes it
i-005adc19f61405de9	b001/g15/20260812T044139-l1-000041	struggle_damage	1	0	1	1	p1	24	observed damage 40 on wigglytuff from toxtricity struggle (crit=False) not in the PS-exact roll set (nearest delta -4; max_roll 52)
i-005adc19f61405de9	b001/g3/20260812T044139-l2-000029	revival_blessing	1	0	0	1	p2	19	observed tox on opp but no branch applies it
i-005adc19f61405de9	b001/g3/20260812T044139-l2-000090	struggle_damage	3	0	3	3	p2	116	observed damage 24 on trevenant from lunala struggle (crit=False) not in the PS-exact roll set (nearest delta -4; max_roll 34)
i-005adc19f61405de9	b001/g9/20260812T044139-l5-000089	struggle_damage	3	0	3	3	p1+p2	112	observed damage 43 on blissey from gholdengo struggle (crit=False) not in the PS-exact roll set (nearest delta -14; max_roll 68)
i-005adc19f61405de9	b002/g12/20260812T045533-l2-000022	struggle_damage	1	0	1	1	p1	20	observed damage 19 on arceusghost from indeedeef struggle (crit=False) not in the PS-exact roll set (nearest delta -5; max_roll 29)
i-005adc19f61405de9	b002/g13/20260812T045533-l2-000053	bellydrum_sitrus	0	2	0	2	p2	1	observed item loss (Sitrus Berry) on opp but no branch removes it
i-005adc19f61405de9	b002/g14/20260812T045533-l2-000023	other_categorical	0	1	0	1	p1	16	observed volatile Substitute end on opp but no branch removes it
i-005adc19f61405de9	b002/g4/20260812T045533-l3-000073	ko_margin_soft	0	1	0	1	p1	20	observed par on opp but no branch applies it [ko-margin]
i-005adc19f61405de9	b002/g4/20260812T045533-l5-000029	bellydrum_sitrus	0	1	0	1	p1	3	observed item loss (Sitrus Berry) on opp but no branch removes it
i-005adc19f61405de9	b002/g4/20260812T045533-l6-000067	other_categorical	0	1	0	1	p2	48	observed heal on user but no branch heals it [membership 5/5 vacuous]
i-005adc19f61405de9	b002/g5/20260812T045533-l5-000030	other_categorical	1	0	0	1	p1	23	observed + spa on opp but no branch produces it
i-005adc19f61405de9	b002/g7/20260812T045533-l2-000038	other_categorical	1	0	0	1	p1	18	observed - spd on user but no branch produces it
i-005adc19f61405de9	b003/g3/20260812T051200-l3-000003	struggle_damage	3	0	3	3	p1	101	observed damage 19 on cresselia from chimecho struggle (crit=False) not in the PS-exact roll set (nearest delta -3; max_roll 27)
i-005adc19f61405de9	b003/g5/20260812T051200-l1-000053	ko_margin_soft	0	1	0	1	p2	15	observed slp on user but no branch applies it [ko-margin]
i-005adc19f61405de9	b003/g6/20260812T051200-l2-000071	struggle_damage	1	0	1	1	p2	27	observed damage 21 on hippowdon from ludicolo struggle (crit=False) not in the PS-exact roll set (nearest delta -3; max_roll 29)
i-005adc19f61405de9	b003/g9/20260812T051200-l1-000020	struggle_damage	1	0	1	1	p1	27	observed damage 70 on blissey from ludicolo struggle (crit=False) not in the PS-exact roll set (nearest delta -17; max_roll 103)
i-005adc19f61405de9	b004/g1/20260812T052515-l1-000020	struggle_damage	1	0	1	1	p1	38	observed damage 24 on slowbrogalar from raikou struggle (crit=False) not in the PS-exact roll set (nearest delta -2; max_roll 31)
i-005adc19f61405de9	b004/g11/20260812T052515-l1-000024	bellydrum_sitrus	0	1	0	1	p2	12	observed item loss (Sitrus Berry) on opp but no branch removes it
i-005adc19f61405de9	b004/g11/20260812T052515-l2-000034	revival_blessing	0	1	0	1	p1	22	observed heal on user but no branch heals it
i-005adc19f61405de9	b004/g15/20260812T052515-l4-000004	struggle_damage	1	0	1	1	p2	15	observed damage 22 on noctowl from chandelure struggle (crit=False) not in the PS-exact roll set (nearest delta -6; max_roll 34)
i-005adc19f61405de9	b004/g3/20260812T052515-l4-000079	struggle_damage	1	0	1	1	p2	13	observed damage 19 on chienpao from vivillonmarine struggle (crit=False) not in the PS-exact roll set (nearest delta -7; max_roll 31)
i-005adc19f61405de9	b004/g4/20260812T052515-l4-000031	struggle_damage	2	0	2	2	p2	89	observed damage 7 on oinkolognef from lunala struggle (crit=False) not in the PS-exact roll set (nearest delta -1; max_roll 10)
i-005adc19f61405de9	b005/g1/20260812T053806-l4-000069	struggle_damage	1	0	1	1	p2	117	observed damage 10 on suicune from arboliva struggle (crit=False) not in the PS-exact roll set (nearest delta -2; max_roll 15)
i-005adc19f61405de9	b005/g11/20260812T053806-l3-000081	bellydrum_sitrus	0	1	0	1	p2	15	observed heal on opp but no branch heals it
i-005adc19f61405de9	b005/g11/20260812T053806-l4-000087	struggle_damage	1	0	1	1	p2	126	observed damage 18 on glaceon from lunala struggle (crit=False) not in the PS-exact roll set (nearest delta -2; max_roll 24)
i-005adc19f61405de9	b005/g13/20260812T053806-l5-000066	struggle_damage	3	0	3	3	p2	98	observed damage 15 on diancie from tropius struggle (crit=False) not in the PS-exact roll set (nearest delta -5; max_roll 24)
i-005adc19f61405de9	b005/g3/20260812T053806-l1-000037	other_categorical	1	0	0	1	p2	42	observed + def on user but no branch produces it
i-005adc19f61405de9	b005/g5/20260812T053806-l5-000013	struggle_damage	1	0	1	1	p1	75	observed damage 34 on jolteon from wigglytuff struggle (crit=False) not in the PS-exact roll set (nearest delta -10; max_roll 52)
i-005adc19f61405de9	b005/g5/20260812T053806-l6-000038	ko_margin_soft	0	1	0	1	p2	9	observed slp on opp but no branch applies it [ko-margin]
i-005adc19f61405de9	b005/g8/20260812T053806-l3-000063	struggle_damage	1	0	1	1	p2	13	observed damage 22 on palkiaorigin from kyogre struggle (crit=False) not in the PS-exact roll set (nearest delta -4; max_roll 31)
i-005adc19f61405de9	b006/g15/20260812T055341-l4-000065	ko_margin_soft	0	1	0	1	p1	7	observed + spe on opp but no branch produces it [ko-margin]
i-005adc19f61405de9	b006/g15/20260812T055341-l4-000080	ko_margin_soft	0	1	0	1	p1	50	observed - atk on user but no branch produces it [ko-margin]
i-005adc19f61405de9	b006/g15/20260812T055341-l5-000092	ko_margin_soft	0	2	0	2	p1	59	observed + spe on opp but no branch produces it [ko-margin]
i-005adc19f61405de9	b006/g2/20260812T055341-l5-000043	struggle_damage	1	0	1	1	p1	33	observed damage 25 on dragapult from jolteon struggle (crit=False) not in the PS-exact roll set (nearest delta -5; max_roll 36)
i-005adc19f61405de9	b006/g4/20260812T055341-l5-000063	struggle_damage	1	0	1	1	p2	43	observed damage 25 on alcremierubycream from typhlosion struggle (crit=False) not in the PS-exact roll set (nearest delta -6; max_roll 37)
i-005adc19f61405de9	b006/g9/20260812T055341-l2-000011	struggle_damage	1	0	1	1	p1	76	observed damage 16 on cresselia from electrodehisui struggle (crit=False) not in the PS-exact roll set (nearest delta -4; max_roll 24)
i-005adc19f61405de9	b006/g9/20260812T055341-l2-000068	struggle_damage	1	0	1	1	p1	15	observed damage 31 on empoleon from palkia struggle (crit=False) not in the PS-exact roll set (nearest delta -1; max_roll 38)
i-005adc19f61405de9	b006/g9/20260812T055341-l3-000062	bellydrum_sitrus	0	1	0	1	p1	33	observed item loss (Sitrus Berry) on opp but no branch removes it
i-005adc19f61405de9	b007/g10/20260812T060658-l5-000005	struggle_damage	1	0	1	1	p2	104	observed damage 14 on glastrier from screamtail struggle (crit=False) not in the PS-exact roll set (nearest delta -4; max_roll 22)
i-005adc19f61405de9	b007/g2/20260812T060658-l5-000033	struggle_damage	1	0	1	1	p2	46	observed damage 23 on clefable from gothitelle struggle (crit=False) not in the PS-exact roll set (nearest delta -6; max_roll 35)
i-005adc19f61405de9	b007/g3/20260812T060658-l1-000068	struggle_damage	1	0	1	1	p1	91	observed damage 26 on flamigo from pecharunt struggle (crit=False) not in the PS-exact roll set (nearest delta -4; max_roll 36)
i-005adc19f61405de9	b007/g7/20260812T060658-l4-000094	ko_margin_soft	0	2	0	2	p2	22	observed - atk on user but no branch produces it [ko-margin]
i-005adc19f61405de9	b008/g10/20260812T062037-l1-000062	struggle_damage	1	0	1	1	p2	29	observed damage 12 on dunsparce from palkia struggle (crit=False) not in the PS-exact roll set (nearest delta -1; max_roll 16)
i-005adc19f61405de9	b008/g14/20260812T062037-l2-000085	bellydrum_sitrus	0	2	0	2	p1	2	observed item loss (Sitrus Berry) on opp but no branch removes it
i-005adc19f61405de9	b008/g15/20260812T062037-l3-000003	ko_margin_soft	0	1	0	1	p1	15	observed slp on opp but no branch applies it [ko-margin]
i-005adc19f61405de9	b008/g3/20260812T062037-l4-000004	struggle_damage	1	0	1	1	p2	118	observed damage 27 on oricoriopompom from suicune struggle (crit=False) not in the PS-exact roll set (nearest delta -4; max_roll 37)
i-005adc19f61405de9	b008/g5/20260812T062037-l1-000009	struggle_damage	1	0	1	1	p2	24	observed damage 39 on espeon from raichu struggle (crit=False) not in the PS-exact roll set (nearest delta -6; max_roll 53)
i-005adc19f61405de9	b008/g7/20260812T062037-l6-000082	struggle_damage	1	0	1	1	p1	13	observed damage 20 on froslass from clawitzer struggle (crit=False) not in the PS-exact roll set (nearest delta -2; max_roll 26)
i-005adc19f61405de9	b009/g0/20260812T063826-l3-000032	bellydrum_sitrus	0	1	0	1	p1	4	observed item loss (Sitrus Berry) on opp but no branch removes it
i-005adc19f61405de9	b009/g0/20260812T063826-l4-000059	other_categorical	1	0	0	1	p1	42	observed volatile confusion start on opp but no branch applies it
i-005adc19f61405de9	b009/g1/20260812T063826-l2-000054	revival_blessing	2	0	0	2	p2	19	observed + spa on user but no branch produces it
i-005adc19f61405de9	b009/g1/20260812T063826-l4-000061	other_categorical	1	0	0	1	p2	15	observed - spa on user but no branch produces it
i-005adc19f61405de9	b009/g10/20260812T063826-l5-000022	bellydrum_sitrus	0	2	0	2	p1	1	observed item loss (Sitrus Berry) on opp but no branch removes it
i-005adc19f61405de9	b009/g2/20260812T063826-l4-000032	struggle_damage	4	0	4	4	p2	129	observed damage 2 on misdreavus from blissey struggle (crit=False) not in the PS-exact roll set (nearest delta -2; max_roll 5)
i-005adc19f61405de9	b009/g7/20260812T063826-l3-000010	struggle_damage	1	0	1	1	p1	108	observed damage 15 on palossand from sylveon struggle (crit=False) not in the PS-exact roll set (nearest delta -6; max_roll 25)
i-00708246f812c0788	b000/g0/20260812T065012-l2-000027	bellydrum_sitrus	0	2	0	2	p1	1	observed item loss (Sitrus Berry) on opp but no branch removes it
i-00708246f812c0788	b000/g0/20260812T065012-l6-000044	struggle_damage	3	0	3	3	p2	90	observed damage 21 on malamar from chimecho struggle (crit=False) not in the PS-exact roll set (nearest delta -5; max_roll 31)
i-00708246f812c0788	b000/g15/20260812T065012-l5-000057	struggle_damage	1	0	1	1	p1	24	observed damage 17 on dipplin from gothitelle struggle (crit=True) not in the PS-exact roll set (nearest delta -4; max_roll 25)
i-00708246f812c0788	b000/g5/20260812T065012-l4-000013	revival_blessing	2	0	0	2	p1	25	observed + def on user but no branch produces it
i-00708246f812c0788	b000/g6/20260812T065012-l2-000002	bellydrum_sitrus	0	2	0	2	p1	1	observed item loss (Sitrus Berry) on opp but no branch removes it
i-00708246f812c0788	b000/g7/20260812T065012-l1-000001	other_damage_rollset	1	0	1	1	p2	11	observed damage 100 on volcarona from bellossom terablast (crit=False) not in the PS-exact roll set (nearest delta -144; max_roll 292)
i-00b4314672584842e	b000/g13/20260812T065015-l3-000003	ko_margin_soft	0	1	0	1	p1	39	observed slp on opp but no branch applies it [ko-margin]
i-00b4314672584842e	b000/g14/20260812T065015-l3-000003	struggle_damage	1	0	1	1	p1	26	observed damage 23 on grafaiai from ursalunabloodmoon struggle (crit=False) not in the PS-exact roll set (nearest delta -5; max_roll 33)
i-00b4314672584842e	b000/g7/20260812T065015-l2-000022	bellydrum_sitrus	0	1	0	1	p2	9	observed item loss (Sitrus Berry) on opp but no branch removes it
i-00b4314672584842e	b000/g8/20260812T065015-l6-000039	struggle_damage	1	0	1	1	p1	74	observed damage 28 on quagsire from volcanion struggle (crit=False) not in the PS-exact roll set (nearest delta -5; max_roll 39)
i-00cabc96530ceb0d2	b000/g10/20260812T042524-l4-000010	bellydrum_sitrus	1	1	0	2	p2	5	observed item loss (Sitrus Berry) on opp but no branch removes it
i-00cabc96530ceb0d2	b000/g11/20260812T042524-l4-000071	struggle_damage	2	0	2	2	p2	130	observed damage 4 on spiritomb from blissey struggle (crit=False) not in the PS-exact roll set (nearest delta -5; max_roll 11)
i-00cabc96530ceb0d2	b000/g7/20260812T042524-l5-000024	struggle_damage	2	0	2	2	p2	87	observed damage 11 on kingdra from arboliva struggle (crit=False) not in the PS-exact roll set (nearest delta -4; max_roll 18)
i-00cabc96530ceb0d2	b000/g8/20260812T042524-l4-000030	bellydrum_sitrus	0	1	0	1	p1	5	observed item loss (Sitrus Berry) on opp but no branch removes it
i-00cabc96530ceb0d2	b001/g1/20260812T044207-l3-000043	struggle_damage	1	0	1	1	p1	33	observed damage 18 on mesprit from cresselia struggle (crit=False) not in the PS-exact roll set (nearest delta -3; max_roll 25)
i-00cabc96530ceb0d2	b001/g3/20260812T044207-l1-000011	struggle_damage	1	0	1	1	p2	87	observed damage 33 on vaporeon from wigglytuff struggle (crit=False) not in the PS-exact roll set (nearest delta -10; max_roll 51)
i-00cabc96530ceb0d2	b001/g6/20260812T044207-l4-000023	struggle_damage	1	0	1	1	p2	9	observed damage 22 on kingambit from typhlosionhisui struggle (crit=False) not in the PS-exact roll set (nearest delta -4; max_roll 31)
i-00cabc96530ceb0d2	b002/g0/20260812T045551-l5-000062	struggle_damage	3	0	3	3	p1	124	observed damage 23 on articuno from tropius struggle (crit=False) not in the PS-exact roll set (nearest delta -4; max_roll 32)
i-00cabc96530ceb0d2	b002/g10/20260812T045551-l2-000029	struggle_damage	1	0	1	1	p2	71	observed damage 13 on slowbrogalar from appletun struggle (crit=False) not in the PS-exact roll set (nearest delta -3; max_roll 19)
i-00cabc96530ceb0d2	b002/g15/20260812T045551-l2-000035	struggle_damage	1	0	1	1	p1	35	observed damage 23 on greattusk from wigglytuff struggle (crit=False) not in the PS-exact roll set (nearest delta -4; max_roll 32)
i-00cabc96530ceb0d2	b002/g15/20260812T045551-l6-000018	struggle_damage	1	0	1	1	p1	110	observed damage 29 on sylveon from pecharunt struggle (crit=False) not in the PS-exact roll set (nearest delta -3; max_roll 38)
i-00cabc96530ceb0d2	b002/g2/20260812T045551-l1-000064	ko_margin_soft	0	1	0	1	p2	42	observed - atk on user but no branch produces it [ko-margin]
i-00cabc96530ceb0d2	b002/g2/20260812T045551-l6-000075	struggle_damage	1	0	1	1	p2	29	observed damage 43 on raikou from scovillain struggle (crit=False) not in the PS-exact roll set (nearest delta -6; max_roll 58)
i-00cabc96530ceb0d2	b002/g4/20260812T045551-l5-000056	struggle_damage	5	0	5	5	p2	86	observed damage 9 on clodsire from chimecho struggle (crit=False) not in the PS-exact roll set (nearest delta -3; max_roll 15)
i-00cabc96530ceb0d2	b002/g7/20260812T045551-l2-000071	struggle_damage	2	0	2	2	p1	101	observed damage 25 on screamtail from reuniclus struggle (crit=False) not in the PS-exact roll set (nearest delta -7; max_roll 39)
i-00cabc96530ceb0d2	b003/g1/20260812T050905-l5-000040	bellydrum_sitrus	0	2	0	2	p2	6	observed item loss (Sitrus Berry) on opp but no branch removes it
i-00cabc96530ceb0d2	b003/g13/20260812T050905-l3-000027	ko_margin_soft	0	2	0	2	p1+p2	41	observed + atk on user but no branch produces it [ko-margin]
i-00cabc96530ceb0d2	b003/g15/20260812T050905-l2-000010	struggle_damage	1	0	1	1	p1	9	observed damage 18 on gumshoos from calyrexshadow struggle (crit=False) not in the PS-exact roll set (nearest delta -3; max_roll 25)
i-00cabc96530ceb0d2	b003/g15/20260812T050905-l5-000035	struggle_damage	1	0	1	1	p2	111	observed damage 26 on hooh from vaporeon struggle (crit=False) not in the PS-exact roll set (nearest delta -4; max_roll 36)
i-00cabc96530ceb0d2	b003/g8/20260812T050905-l3-000003	struggle_damage	2	0	2	2	p1	75	observed damage 37 on weavile from sceptile struggle (crit=False) not in the PS-exact roll set (nearest delta -5; max_roll 50)
i-00cabc96530ceb0d2	b004/g0/20260812T052233-l1-000026	bellydrum_sitrus	0	1	0	1	p2	36	observed item loss (Sitrus Berry) on opp but no branch removes it
i-00cabc96530ceb0d2	b004/g1/20260812T052233-l1-000018	revival_blessing	1	0	0	1	p2	11	observed + def on user but no branch produces it
i-00cabc96530ceb0d2	b004/g10/20260812T052233-l1-000060	struggle_damage	1	0	1	1	p2	93	observed damage 31 on heracross from palossand struggle (crit=False) not in the PS-exact roll set (nearest delta -5; max_roll 43)
i-00cabc96530ceb0d2	b004/g12/20260812T052233-l2-000027	struggle_damage	1	0	1	1	p2	21	observed damage 27 on araquanid from typhlosionhisui struggle (crit=False) not in the PS-exact roll set (nearest delta -2; max_roll 35)
i-00cabc96530ceb0d2	b004/g14/20260812T052233-l1-000024	bellydrum_sitrus	0	1	0	1	p1	8	observed item loss (Sitrus Berry) on opp but no branch removes it
i-00cabc96530ceb0d2	b004/g2/20260812T052233-l6-000069	ko_margin_soft	0	1	0	1	p2	42	observed slp on opp but no branch applies it [ko-margin]
i-00cabc96530ceb0d2	b004/g6/20260812T052233-l1-000044	revival_blessing	1	0	0	1	p1	66	observed - spa on opp but no branch produces it
i-00cabc96530ceb0d2	b004/g6/20260812T052233-l4-000081	revival_blessing	1	0	0	1	p2	22	observed + def on user but no branch produces it
i-00cabc96530ceb0d2	b004/g8/20260812T052233-l6-000087	struggle_damage	2	0	2	2	p1	9	observed damage 34 on mewtwo from volcanion struggle (crit=False) not in the PS-exact roll set (nearest delta -3; max_roll 44)
i-00cabc96530ceb0d2	b005/g10/20260812T053559-l4-000076	struggle_damage	1	0	1	1	p1	13	observed damage 30 on palkiaorigin from volcanion struggle (crit=False) not in the PS-exact roll set (nearest delta -4; max_roll 40)
i-00cabc96530ceb0d2	b005/g12/20260812T053559-l4-000007	struggle_damage	3	0	3	3	p2	111	observed damage 20 on amoonguss from gholdengo struggle (crit=False) not in the PS-exact roll set (nearest delta -4; max_roll 29)
i-00cabc96530ceb0d2	b005/g8/20260812T053559-l5-000018	struggle_damage	1	0	1	1	p2	107	observed damage 20 on vaporeon from electrodehisui struggle (crit=False) not in the PS-exact roll set (nearest delta -8; max_roll 34)
i-00cabc96530ceb0d2	b006/g0/20260812T054911-l6-000006	bellydrum_sitrus	0	1	0	1	p1	19	observed item loss (Sitrus Berry) on opp but no branch removes it
i-00cabc96530ceb0d2	b006/g2/20260812T054911-l5-000016	struggle_damage	1	0	1	1	p2	39	observed damage 23 on hatterene from ludicolo struggle (crit=False) not in the PS-exact roll set (nearest delta -5; max_roll 34)
i-00cabc96530ceb0d2	b006/g6/20260812T054911-l6-000072	bellydrum_sitrus	0	1	0	1	p1	7	observed item loss (Sitrus Berry) on opp but no branch removes it
i-00cabc96530ceb0d2	b006/g8/20260812T054911-l4-000029	ko_margin_soft	0	1	0	1	p1	17	observed brn on user but no branch applies it [ko-margin]
i-00cabc96530ceb0d2	b007/g15/20260812T060223-l1-000062	struggle_damage	1	0	1	1	p2	7	observed damage 28 on pachirisu from typhlosion struggle (crit=False) not in the PS-exact roll set (nearest delta -3; max_roll 37)
i-00cabc96530ceb0d2	b007/g5/20260812T060223-l4-000050	struggle_damage	1	0	1	1	p1	40	observed damage 3 on comfey from chansey struggle (crit=False) not in the PS-exact roll set (nearest delta -7; max_roll 12)
i-00cabc96530ceb0d2	b008/g15/20260812T061527-l3-000060	struggle_damage	1	0	1	1	p1	143	observed damage 6 on lurantis from deoxysdefense struggle (crit=False) not in the PS-exact roll set (nearest delta -2; max_roll 10)
i-00cabc96530ceb0d2	b008/g8/20260812T061527-l2-000002	revival_blessing	1	0	0	1	p2	14	observed volatile Salt Cure start on opp but no branch applies it
i-00cabc96530ceb0d2	b009/g1/20260812T063256-l1-000001	struggle_damage	2	0	2	2	p2	136	observed damage 13 on toxapex from screamtail struggle (crit=False) not in the PS-exact roll set (nearest delta -4; max_roll 20)
i-00cabc96530ceb0d2	b009/g12/20260812T063256-l5-000005	bellydrum_sitrus	0	1	0	1	p1	9	observed item loss (Sitrus Berry) on opp but no branch removes it
i-00cabc96530ceb0d2	b009/g13/20260812T063256-l3-000017	bellydrum_sitrus	0	1	0	1	p1	8	observed item loss (Sitrus Berry) on opp but no branch removes it
i-00d5b09acb436e6cb	b000/g2/20260812T065005-l2-000041	revival_blessing	1	0	0	1	p2	15	observed item loss (Heavy-Duty Boots) on opp but no branch removes it
i-00d5b09acb436e6cb	b000/g4/20260812T065005-l4-000016	struggle_damage	2	0	2	2	p2	69	observed damage 15 on avalugghisui from sceptile struggle (crit=False) not in the PS-exact roll set (nearest delta -2; max_roll 20)
i-00d65f5d61b77de3c	b000/g1/20260812T065013-l4-000020	revival_blessing	1	0	0	1	p1	19	observed item loss (Heavy-Duty Boots) on opp but no branch removes it
i-00d65f5d61b77de3c	b000/g12/20260812T065013-l6-000046	ko_margin_soft	0	2	0	2	p2	3	observed + spa on opp but no branch produces it [ko-margin]
i-00d65f5d61b77de3c	b000/g15/20260812T065013-l4-000004	bellydrum_sitrus	0	2	0	2	p2	2	observed item loss (Sitrus Berry) on opp but no branch removes it
i-00d65f5d61b77de3c	b000/g3/20260812T065013-l1-000018	bellydrum_sitrus	0	1	0	1	p2	15	observed item loss (Sitrus Berry) on opp but no branch removes it
i-00f63414a0830044a	b000/g0/20260812T042515-l2-000069	revival_blessing	1	0	0	1	p1	9	observed item loss (Heavy-Duty Boots) on opp but no branch removes it
i-00f63414a0830044a	b000/g1/20260812T042515-l1-000080	struggle_damage	1	0	1	1	p2	96	observed damage 4 on duraludon from lunala struggle (crit=False) not in the PS-exact roll set (nearest delta -1; max_roll 6)
i-00f63414a0830044a	b000/g11/20260812T042515-l2-000050	struggle_damage	2	0	2	2	p1	5	observed damage 12 on probopass from ironcrown struggle (crit=False) not in the PS-exact roll set (nearest delta -3; max_roll 18)
i-00f63414a0830044a	b000/g13/20260812T042515-l4-000095	struggle_damage	1	0	1	1	p1	76	observed damage 28 on dedenne from lugia struggle (crit=False) not in the PS-exact roll set (nearest delta -3; max_roll 37)
i-00f63414a0830044a	b000/g3/20260812T042515-l5-000010	struggle_damage	1	0	1	1	p1	114	observed damage 7 on chesnaught from screamtail struggle (crit=False) not in the PS-exact roll set (nearest delta -3; max_roll 12)
i-00f63414a0830044a	b000/g5/20260812T042515-l4-000063	struggle_damage	2	0	2	2	p1	166	observed damage 18 on articuno from screamtail struggle (crit=False) not in the PS-exact roll set (nearest delta -4; max_roll 26)
i-00f63414a0830044a	b001/g12/20260812T043954-l2-000058	bellydrum_sitrus	0	1	0	1	p1	11	observed item loss (Sitrus Berry) on opp but no branch removes it
i-00f63414a0830044a	b001/g15/20260812T043954-l6-000066	struggle_damage	9	0	9	9	p1	29	observed damage 28 on phione from volcanion struggle (crit=False) not in the PS-exact roll set (nearest delta -4; max_roll 38)
i-00f63414a0830044a	b001/g2/20260812T043954-l1-000076	other_categorical	1	0	0	1	p1	25	observed brn on opp but no branch applies it
i-00f63414a0830044a	b001/g2/20260812T043954-l5-000005	ko_margin_soft	0	1	0	1	p2	7	observed slp on user but no branch applies it [ko-margin]
i-00f63414a0830044a	b001/g7/20260812T043954-l4-000072	struggle_damage	2	0	2	2	p1	86	observed damage 18 on garganacl from tropius struggle (crit=False) not in the PS-exact roll set (nearest delta -5; max_roll 28)
i-00f63414a0830044a	b002/g0/20260812T045322-l3-000022	struggle_damage	1	0	1	1	p1	35	observed damage 26 on noivern from hydrapple struggle (crit=False) not in the PS-exact roll set (nearest delta -5; max_roll 37)
i-00f63414a0830044a	b002/g11/20260812T045322-l2-000050	struggle_damage	2	0	2	2	p1	112	observed damage 29 on vaporeon from raikou struggle (crit=False) not in the PS-exact roll set (nearest delta -7; max_roll 43)
i-00f63414a0830044a	b002/g12/20260812T045322-l3-000029	struggle_damage	1	0	1	1	p2	10	observed damage 24 on gothitelle from ursalunabloodmoon struggle (crit=True) not in the PS-exact roll set (nearest delta -7; max_roll 37)
i-00f63414a0830044a	b002/g2/20260812T045322-l1-000029	struggle_damage	3	0	3	3	p1	27	observed damage 7 on snorlax from fluttermane struggle (crit=False) not in the PS-exact roll set (nearest delta -2; max_roll 11)
i-00f63414a0830044a	b002/g7/20260812T045322-l3-000031	struggle_damage	1	0	1	1	p2	90	observed damage 4 on chesnaught from screamtail struggle (crit=False) not in the PS-exact roll set (nearest delta -1; max_roll 7)
i-00f63414a0830044a	b002/g9/20260812T045322-l4-000018	struggle_damage	1	0	1	1	p1	30	observed damage 3 on bastiodon from fluttermane struggle (crit=False) not in the PS-exact roll set (nearest delta -1; max_roll 5)
i-00f63414a0830044a	b003/g11/20260812T050634-l1-000091	bellydrum_sitrus	0	1	0	1	p2	18	observed item loss (Sitrus Berry) on opp but no branch removes it
i-00f63414a0830044a	b003/g14/20260812T050634-l2-000015	struggle_damage	2	0	2	2	p2	115	observed damage 5 on politoed from blissey struggle (crit=False) not in the PS-exact roll set (nearest delta -7; max_roll 15)
i-00f63414a0830044a	b003/g4/20260812T050634-l4-000056	struggle_damage	3	0	3	3	p2	107	observed damage 53 on cryogonal from wigglytuff struggle (crit=True) not in the PS-exact roll set (nearest delta -18; max_roll 84)
i-00f63414a0830044a	b003/g5/20260812T050634-l4-000083	struggle_damage	4	0	4	4	p2	117	observed damage 21 on swalot from cresselia struggle (crit=False) not in the PS-exact roll set (nearest delta -2; max_roll 28)
i-00f63414a0830044a	b003/g6/20260812T050634-l2-000084	revival_blessing	2	0	0	2	p2	6	observed par on opp but no branch applies it
i-00f63414a0830044a	b003/g6/20260812T050634-l3-000063	ko_margin_soft	0	1	0	1	p1	18	observed slp on opp but no branch applies it [ko-margin]
i-00f63414a0830044a	b003/g8/20260812T050634-l1-000068	struggle_damage	2	0	2	2	p1	48	observed damage 3 on chandelure from chansey struggle (crit=False) not in the PS-exact roll set (nearest delta -7; max_roll 12)
i-00f63414a0830044a	b003/g8/20260812T050634-l4-000010	bellydrum_sitrus	0	1	0	1	p1	1	observed item loss (Sitrus Berry) on opp but no branch removes it
i-00f63414a0830044a	b004/g0/20260812T052037-l5-000048	bellydrum_sitrus	0	1	0	1	p1	8	observed item loss (Sitrus Berry) on opp but no branch removes it
i-00f63414a0830044a	b004/g0/20260812T052037-l5-000054	struggle_damage	1	0	1	1	p2	62	observed damage 23 on suicune from lapras struggle (crit=False) not in the PS-exact roll set (nearest delta -4; max_roll 32)
i-00f63414a0830044a	b004/g1/20260812T052037-l1-000033	struggle_damage	1	0	1	1	p1	34	observed damage 29 on brutebonnet from sunflora struggle (crit=False) not in the PS-exact roll set (nearest delta -8; max_roll 44)
i-00f63414a0830044a	b004/g1/20260812T052037-l1-000064	bellydrum_sitrus	0	1	0	1	p2	20	observed heal on opp but no branch heals it
i-00f63414a0830044a	b004/g12/20260812T052037-l6-000091	other_categorical	1	0	0	1	p1	29	observed psn on opp but no branch applies it
i-00f63414a0830044a	b004/g14/20260812T052037-l1-000008	bellydrum_sitrus	0	1	0	1	p1	3	observed item loss (Sitrus Berry) on opp but no branch removes it
i-00f63414a0830044a	b004/g4/20260812T052037-l4-000091	ko_margin_soft	0	1	0	1	p2	14	observed + spe on opp but no branch produces it [ko-margin]
i-00f63414a0830044a	b004/g6/20260812T052037-l4-000061	struggle_damage	1	0	1	1	p2	35	observed damage 19 on golduck from delphox struggle (crit=False) not in the PS-exact roll set (nearest delta -7; max_roll 31)
i-00f63414a0830044a	b004/g9/20260812T052037-l5-000033	struggle_damage	1	0	1	1	p1	74	observed damage 14 on corviknight from illumise struggle (crit=False) not in the PS-exact roll set (nearest delta -8; max_roll 26)
i-00f63414a0830044a	b005/g10/20260812T053341-l4-000060	struggle_damage	1	0	1	1	p1	27	observed damage 13 on vigoroth from volcanion struggle (crit=False) not in the PS-exact roll set (nearest delta -3; max_roll 19)
i-00f63414a0830044a	b005/g12/20260812T053341-l6-000042	bellydrum_sitrus	0	1	0	1	p2	4	observed item loss (Sitrus Berry) on opp but no branch removes it
i-00f63414a0830044a	b005/g15/20260812T053341-l6-000054	bellydrum_sitrus	0	1	0	1	p2	1	observed item loss (Sitrus Berry) on opp but no branch removes it
i-00f63414a0830044a	b005/g2/20260812T053341-l2-000012	ko_margin_soft	0	2	0	2	p1	6	observed - atk on user but no branch produces it [ko-margin]
i-00f63414a0830044a	b005/g5/20260812T053341-l4-000081	bellydrum_sitrus	0	1	0	1	p2	2	observed item loss (Sitrus Berry) on opp but no branch removes it
i-00f63414a0830044a	b005/g6/20260812T053341-l6-000034	struggle_damage	1	0	1	1	p2	21	observed damage 27 on froslass from typhlosion struggle (crit=False) not in the PS-exact roll set (nearest delta -7; max_roll 40)
i-00f63414a0830044a	b006/g0/20260812T054701-l4-000019	struggle_damage	2	0	2	2	p2	95	observed damage 17 on landorustherian from deoxysdefense struggle (crit=False) not in the PS-exact roll set (nearest delta -2; max_roll 23)
i-00f63414a0830044a	b006/g1/20260812T054701-l5-000093	struggle_damage	3	0	3	3	p1	114	observed damage 14 on glaceon from sylveon struggle (crit=False) not in the PS-exact roll set (nearest delta -6; max_roll 24)
i-00f63414a0830044a	b006/g12/20260812T054701-l3-000039	struggle_damage	2	0	2	2	p2	72	observed damage 18 on gothitelle from latias struggle (crit=False) not in the PS-exact roll set (nearest delta -4; max_roll 27)
i-00f63414a0830044a	b006/g6/20260812T054701-l6-000054	struggle_damage	2	0	2	2	p2	39	observed damage 10 on vespiquen from gothitelle struggle (crit=False) not in the PS-exact roll set (nearest delta -3; max_roll 16)
i-00f63414a0830044a	b007/g1/20260812T060004-l6-000093	bellydrum_sitrus	0	1	0	1	p1	3	observed item loss (Sitrus Berry) on opp but no branch removes it
i-00f63414a0830044a	b007/g10/20260812T060004-l1-000074	ko_margin_soft	0	1	0	1	p2	31	observed - spd on user but no branch produces it [ko-margin]
i-00f63414a0830044a	b007/g13/20260812T060004-l2-000047	ko_margin_soft	0	3	0	3	p1	22	observed brn on opp but no branch applies it [ko-margin]
i-00f63414a0830044a	b007/g9/20260812T060004-l6-000078	bellydrum_sitrus	0	1	0	1	p2	2	observed item loss (Sitrus Berry) on opp but no branch removes it
i-00f63414a0830044a	b008/g1/20260812T061420-l2-000080	other_damage_rollset	1	0	1	1	p2	21	observed damage 152 on gengar from yanmega terablast (crit=False) not in the PS-exact roll set (nearest delta -16; max_roll 198)
i-00f63414a0830044a	b008/g10/20260812T061420-l2-000058	bellydrum_sitrus	0	2	0	2	p2	9	observed item loss (Sitrus Berry) on opp but no branch removes it
i-00f63414a0830044a	b008/g10/20260812T061420-l6-000012	revival_blessing	1	0	0	1	p2	5	observed volatile Substitute start on user but no branch applies it
i-00f63414a0830044a	b008/g12/20260812T061420-l4-000076	struggle_damage	1	0	1	1	p2	19	observed damage 24 on umbreon from hydreigon struggle (crit=False) not in the PS-exact roll set (nearest delta -2; max_roll 31)
i-00f63414a0830044a	b008/g14/20260812T061420-l1-000087	ko_margin_soft	0	1	0	1	p2	13	observed slp on opp but no branch applies it [ko-margin]
i-00f63414a0830044a	b008/g2/20260812T061420-l1-000018	bellydrum_sitrus	0	1	0	1	p2	12	observed item loss (Sitrus Berry) on opp but no branch removes it
i-00f63414a0830044a	b008/g5/20260812T061420-l5-000064	bellydrum_sitrus	0	1	0	1	p1	10	observed item loss (Sitrus Berry) on opp but no branch removes it
i-00f63414a0830044a	b008/g7/20260812T061420-l4-000004	other_categorical	1	0	0	1	p2	23	observed item loss (Heavy-Duty Boots) on opp but no branch removes it
i-00f63414a0830044a	b009/g1/20260812T062745-l4-000029	struggle_damage	6	0	6	6	p1	69	observed damage 13 on landorustherian from chimecho struggle (crit=False) not in the PS-exact roll set (nearest delta -5; max_roll 22)
i-00f63414a0830044a	b009/g1/20260812T062745-l5-000055	struggle_damage	3	0	3	3	p1	107	observed damage 10 on lugia from giratina struggle (crit=False) not in the PS-exact roll set (nearest delta -1; max_roll 14)
i-00f63414a0830044a	b009/g10/20260812T062745-l3-000059	revival_blessing	1	0	0	1	p2	16	observed + def on user but no branch produces it
i-00f63414a0830044a	b009/g4/20260812T062745-l5-000077	ko_margin_soft	0	1	0	1	p2	33	observed slp on opp but no branch applies it [ko-margin]
i-00f63414a0830044a	b009/g8/20260812T062745-l5-000031	struggle_damage	2	0	2	2	p1	87	observed damage 24 on suicune from lapras struggle (crit=False) not in the PS-exact roll set (nearest delta -3; max_roll 32)
i-01216fbca5c642e1a	b000/g12/20260812T042531-l2-000064	struggle_damage	1	0	1	1	p1	109	observed damage 19 on blissey from tropius struggle (crit=False) not in the PS-exact roll set (nearest delta -3; max_roll 27)
i-01216fbca5c642e1a	b000/g12/20260812T042531-l3-000084	bellydrum_sitrus	0	1	0	1	p2	7	observed item loss (Sitrus Berry) on opp but no branch removes it
i-01216fbca5c642e1a	b000/g12/20260812T042531-l6-000047	bellydrum_sitrus	0	1	0	1	p2	1	observed item loss (Sitrus Berry) on opp but no branch removes it
i-01216fbca5c642e1a	b000/g12/20260812T042531-l6-000052	ko_margin_soft	0	1	0	1	p2	32	observed + spe on opp but no branch produces it [ko-margin]
i-01216fbca5c642e1a	b000/g13/20260812T042531-l5-000065	bellydrum_sitrus	0	1	0	1	p1	6	observed item loss (Sitrus Berry) on opp but no branch removes it
i-01216fbca5c642e1a	b000/g15/20260812T042531-l3-000018	struggle_damage	2	0	2	2	p2	121	observed damage 22 on illumise from screamtail struggle (crit=False) not in the PS-exact roll set (nearest delta -4; max_roll 31)
i-01216fbca5c642e1a	b000/g5/20260812T042531-l6-000066	struggle_damage	1	0	1	1	p1	141	observed damage 21 on slowking from vaporeon struggle (crit=False) not in the PS-exact roll set (nearest delta -6; max_roll 32)
i-01216fbca5c642e1a	b000/g7/20260812T042531-l1-000046	struggle_damage	4	0	4	4	p2	123	observed damage 68 on blissey from lunala struggle (crit=False) not in the PS-exact roll set (nearest delta -10; max_roll 92)
i-01216fbca5c642e1a	b000/g7/20260812T042531-l3-000003	ko_margin_soft	0	2	0	2	p1	22	observed - spd on opp but no branch produces it [ko-margin]
i-01216fbca5c642e1a	b000/g8/20260812T042531-l1-000082	other_categorical	1	0	0	1	p2	12	observed + spa on opp but no branch produces it
i-01216fbca5c642e1a	b000/g9/20260812T042531-l1-000012	ko_margin_soft	0	1	0	1	p1	31	observed slp on user but no branch applies it [ko-margin]
i-01216fbca5c642e1a	b001/g13/20260812T043926-l3-000087	revival_blessing	1	1	0	2	p2	28	observed slp on user but no branch applies it
i-01216fbca5c642e1a	b001/g13/20260812T043926-l4-000027	struggle_damage	4	0	4	4	p2	85	observed damage 28 on tropius from shaymin struggle (crit=False) not in the PS-exact roll set (nearest delta -3; max_roll 37)
i-01216fbca5c642e1a	b002/g0/20260812T045209-l2-000030	bellydrum_sitrus	0	1	0	1	p1	6	observed item loss (Sitrus Berry) on opp but no branch removes it
i-01216fbca5c642e1a	b002/g0/20260812T045209-l2-000087	revival_blessing	1	0	0	1	p2	4	observed item loss (Heavy-Duty Boots) on opp but no branch removes it
i-01216fbca5c642e1a	b002/g0/20260812T045209-l3-000080	struggle_damage	2	0	2	2	p2	82	observed damage 29 on grumpig from arboliva struggle (crit=False) not in the PS-exact roll set (nearest delta -5; max_roll 41)
i-01216fbca5c642e1a	b002/g11/20260812T045210-l1-000024	other_categorical	0	1	0	1	p1	6	observed item loss (Sitrus Berry) on user but no branch removes it
i-01216fbca5c642e1a	b002/g15/20260812T045210-l1-000056	ko_margin_soft	0	2	0	2	p2	29	observed + spe on opp but no branch produces it [ko-margin]
i-01216fbca5c642e1a	b002/g9/20260812T045210-l4-000056	other_categorical	1	0	0	1	p1	13	observed volatile Substitute start on opp but no branch applies it
i-01216fbca5c642e1a	b003/g13/20260812T050517-l2-000026	struggle_damage	1	0	1	1	p2	32	observed damage 20 on empoleon from bellibolt struggle (crit=False) not in the PS-exact roll set (nearest delta -4; max_roll 29)
i-01216fbca5c642e1a	b003/g13/20260812T050517-l6-000018	bellydrum_sitrus	0	2	0	2	p1	1	observed item loss (Sitrus Berry) on opp but no branch removes it
i-01216fbca5c642e1a	b003/g6/20260812T050517-l4-000004	bellydrum_sitrus	0	1	0	1	p1	9	observed heal on opp but no branch heals it
i-01216fbca5c642e1a	b003/g7/20260812T050517-l6-000015	bellydrum_sitrus	0	1	0	1	p1	19	observed heal on opp but no branch heals it
i-01216fbca5c642e1a	b003/g8/20260812T050517-l1-000007	struggle_damage	1	0	1	1	p2	12	observed damage 59 on polteageist from kyuremwhite struggle (crit=True) not in the PS-exact roll set (nearest delta -2; max_roll 72)
i-01216fbca5c642e1a	b004/g12/20260812T051909-l2-000068	bellydrum_sitrus	0	1	0	1	p1	4	observed heal on opp but no branch heals it
i-01216fbca5c642e1a	b004/g15/20260812T051909-l1-000009	struggle_damage	1	0	1	1	p2	11	observed damage 17 on snorlax from typhlosionhisui struggle (crit=False) not in the PS-exact roll set (nearest delta -2; max_roll 23)
i-01216fbca5c642e1a	b004/g2/20260812T051909-l2-000010	bellydrum_sitrus	0	1	0	1	p2	16	observed heal on opp but no branch heals it
i-01216fbca5c642e1a	b004/g4/20260812T051909-l2-000060	other_categorical	0	1	0	1	p1	10	observed item loss (Sitrus Berry) on user but no branch removes it
i-01216fbca5c642e1a	b004/g8/20260812T051909-l6-000019	revival_blessing	1	0	0	1	p2	18	observed - spa on user but no branch produces it
i-01216fbca5c642e1a	b005/g1/20260812T053617-l4-000090	struggle_damage	1	0	1	1	p1	22	observed damage 16 on comfey from chandelure struggle (crit=False) not in the PS-exact roll set (nearest delta -6; max_roll 26)
i-01216fbca5c642e1a	b005/g11/20260812T053617-l4-000059	struggle_damage	1	0	1	1	p2	12	observed damage 27 on gengar from ursalunabloodmoon struggle (crit=False) not in the PS-exact roll set (nearest delta -4; max_roll 37)
i-01216fbca5c642e1a	b005/g14/20260812T053617-l2-000067	struggle_damage	1	0	1	1	p2	83	observed damage 8 on skarmory from screamtail struggle (crit=False) not in the PS-exact roll set (nearest delta -2; max_roll 12)
i-01216fbca5c642e1a	b005/g2/20260812T053617-l6-000036	struggle_damage	4	0	4	4	p2	102	observed damage 9 on arceuswater from vaporeon struggle (crit=False) not in the PS-exact roll set (nearest delta -3; max_roll 14)
i-01216fbca5c642e1a	b005/g3/20260812T053617-l4-000089	struggle_damage	3	0	3	3	p1	77	observed damage 5 on chimecho from chimecho struggle (crit=False) not in the PS-exact roll set (nearest delta -2; max_roll 9)
i-01216fbca5c642e1a	b006/g14/20260812T054929-l4-000004	revival_blessing	3	0	0	3	p1	21	observed + spa on user but no branch produces it
i-01216fbca5c642e1a	b006/g4/20260812T054929-l3-000081	struggle_damage	5	0	5	5	p2	111	observed damage 18 on deoxysdefense from calyrex struggle (crit=False) not in the PS-exact roll set (nearest delta -4; max_roll 26)
i-01216fbca5c642e1a	b006/g4/20260812T054929-l6-000065	ko_margin_soft	0	1	0	1	p1	28	observed + def on user but no branch produces it [ko-margin]
i-01216fbca5c642e1a	b006/g6/20260812T054929-l2-000011	struggle_damage,ko_margin_soft	2	1	2	3	p1+p2	105	observed damage 28 on amoonguss from tropius struggle (crit=False) not in the PS-exact roll set (nearest delta -8; max_roll 43)
i-01216fbca5c642e1a	b006/g7/20260812T054929-l1-000037	bellydrum_sitrus	0	2	0	2	p2	4	observed item loss (Sitrus Berry) on opp but no branch removes it
i-01216fbca5c642e1a	b007/g0/20260812T060414-l5-000055	struggle_damage	1	0	1	1	p1	36	observed damage 37 on froslass from hoopa struggle (crit=False) not in the PS-exact roll set (nearest delta -6; max_roll 51)
i-01216fbca5c642e1a	b007/g1/20260812T060414-l1-000023	struggle_damage	1	0	1	1	p2	82	observed damage 10 on dachsbun from screamtail struggle (crit=False) not in the PS-exact roll set (nearest delta -2; max_roll 15)
i-01216fbca5c642e1a	b007/g12/20260812T060414-l3-000012	struggle_damage	1	0	1	1	p1	39	observed damage 37 on enamorus from alcremierainbowswirl struggle (crit=False) not in the PS-exact roll set (nearest delta -13; max_roll 59)
i-01216fbca5c642e1a	b007/g12/20260812T060414-l4-000052	bellydrum_sitrus	0	1	0	1	p2	5	observed item loss (Sitrus Berry) on opp but no branch removes it
i-01216fbca5c642e1a	b007/g14/20260812T060414-l4-000058	struggle_damage	2	0	2	2	p1	97	observed damage 33 on umbreon from arboliva struggle (crit=True) not in the PS-exact roll set (nearest delta -5; max_roll 45)
i-01216fbca5c642e1a	b007/g3/20260812T060414-l2-000002	struggle_damage	4	0	4	4	p1	141	observed damage 19 on ariados from probopass struggle (crit=False) not in the PS-exact roll set (nearest delta -8; max_roll 32)
i-01216fbca5c642e1a	b007/g5/20260812T060414-l5-000086	struggle_damage	1	0	1	1	p1	25	observed damage 31 on zapdos from kyuremwhite struggle (crit=False) not in the PS-exact roll set (nearest delta -2; max_roll 39)
i-01216fbca5c642e1a	b007/g6/20260812T060414-l2-000020	struggle_damage	1	0	1	1	p2	24	observed damage 22 on quaquaval from espeon struggle (crit=False) not in the PS-exact roll set (nearest delta -6; max_roll 33)
i-01216fbca5c642e1a	b007/g6/20260812T060414-l3-000032	struggle_damage	1	0	1	1	p1	68	observed damage 14 on porygon2 from umbreon struggle (crit=False) not in the PS-exact roll set (nearest delta -3; max_roll 21)
i-01216fbca5c642e1a	b007/g6/20260812T060414-l6-000006	other_categorical	0	2	0	2	p1	5	observed volatile Substitute end on user but no branch removes it
i-01216fbca5c642e1a	b007/g6/20260812T060414-l6-000030	struggle_damage	1	0	1	1	p1	25	observed damage 19 on farigiraf from chandelure struggle (crit=False) not in the PS-exact roll set (nearest delta -5; max_roll 29)
i-01216fbca5c642e1a	b008/g1/20260812T061810-l1-000001	struggle_damage	1	0	1	1	p1	13	observed damage 9 on vigoroth from shayminsky struggle (crit=False) not in the PS-exact roll set (nearest delta -1; max_roll 12)
i-01216fbca5c642e1a	b008/g11/20260812T061810-l4-000055	ko_margin_soft	0	1	0	1	p2	4	observed slp on user but no branch applies it [ko-margin]
i-01216fbca5c642e1a	b008/g14/20260812T061810-l1-000053	struggle_damage	2	0	2	2	p2	20	observed damage 28 on milotic from volcanion struggle (crit=False) not in the PS-exact roll set (nearest delta -7; max_roll 42)
i-01216fbca5c642e1a	b008/g15/20260812T061810-l5-000058	struggle_damage	2	0	2	2	p1	164	observed damage 4 on bellibolt from blissey struggle (crit=False) not in the PS-exact roll set (nearest delta -7; max_roll 13)
i-01216fbca5c642e1a	b008/g15/20260812T061810-l6-000006	struggle_damage	1	0	1	1	p1	17	observed damage 24 on palkia from politoed struggle (crit=False) not in the PS-exact roll set (nearest delta -6; max_roll 36)
i-01216fbca5c642e1a	b008/g2/20260812T061810-l2-000010	struggle_damage	1	0	1	1	p1	97	observed damage 22 on bisharp from tropius struggle (crit=False) not in the PS-exact roll set (nearest delta -6; max_roll 34)
i-01216fbca5c642e1a	b008/g6/20260812T061810-l2-000040	struggle_damage	3	0	3	3	p2	93	observed damage 23 on lunala from cresselia struggle (crit=False) not in the PS-exact roll set (nearest delta -5; max_roll 34)
i-01216fbca5c642e1a	b008/g7/20260812T061810-l2-000023	revival_blessing	2	0	0	2	p2	37	observed + spa on user but no branch produces it
i-01216fbca5c642e1a	b009/g0/20260812T063129-l3-000010	ko_margin_soft	0	1	0	1	p2	33	observed slp on opp but no branch applies it [ko-margin]
i-01216fbca5c642e1a	b009/g2/20260812T063129-l5-000074	struggle_damage	3	0	3	3	p1	73	observed damage 20 on misdreavus from sceptile struggle (crit=False) not in the PS-exact roll set (nearest delta -6; max_roll 31)
i-01216fbca5c642e1a	b009/g4/20260812T063129-l1-000012	bellydrum_sitrus	0	1	0	1	p2	20	observed item loss (Sitrus Berry) on opp but no branch removes it
i-0138941a2e750e9b2	b000/g1/20260812T042526-l5-000035	struggle_damage	1	0	1	1	p2	11	observed damage 20 on spiritomb from typhlosionhisui struggle (crit=False) not in the PS-exact roll set (nearest delta -3; max_roll 28)
i-0138941a2e750e9b2	b000/g11/20260812T042526-l6-000089	struggle_damage	1	0	1	1	p2	29	observed damage 26 on gothitelle from volcanion struggle (crit=False) not in the PS-exact roll set (nearest delta -2; max_roll 34)
i-0138941a2e750e9b2	b000/g14/20260812T042526-l6-000058	struggle_damage	1	0	1	1	p2	131	observed damage 6 on dedenne from blissey struggle (crit=False) not in the PS-exact roll set (nearest delta -8; max_roll 17)
i-0138941a2e750e9b2	b000/g7/20260812T042526-l1-000060	struggle_damage	3	0	3	3	p1	107	observed damage 12 on dondozo from vaporeon struggle (crit=False) not in the PS-exact roll set (nearest delta -4; max_roll 19)
i-0138941a2e750e9b2	b001/g0/20260812T044208-l3-000003	struggle_damage	3	0	3	3	p2	89	observed damage 21 on palossand from arboliva struggle (crit=False) not in the PS-exact roll set (nearest delta -3; max_roll 29)
i-0138941a2e750e9b2	b001/g10/20260812T044208-l3-000007	struggle_damage	3	0	3	3	p2	111	observed damage 29 on kilowattrel from suicune struggle (crit=False) not in the PS-exact roll set (nearest delta -5; max_roll 41)
i-0138941a2e750e9b2	b001/g12/20260812T044208-l1-000014	struggle_damage	1	0	1	1	p2	9	observed damage 28 on arceusice from palkia struggle (crit=False) not in the PS-exact roll set (nearest delta -1; max_roll 35)
i-0138941a2e750e9b2	b001/g12/20260812T044208-l2-000002	struggle_damage	1	0	1	1	p2	84	observed damage 4 on probopass from keldeoresolute struggle (crit=False) not in the PS-exact roll set (nearest delta -1; max_roll 6)
i-0138941a2e750e9b2	b001/g15/20260812T044208-l1-000034	bellydrum_sitrus	0	1	0	1	p1	25	observed item loss (Sitrus Berry) on opp but no branch removes it
i-0138941a2e750e9b2	b001/g15/20260812T044208-l4-000089	struggle_damage	1	0	1	1	p2	24	observed damage 20 on bronzong from bellossom struggle (crit=False) not in the PS-exact roll set (nearest delta -2; max_roll 27)
i-0138941a2e750e9b2	b001/g4/20260812T044208-l6-000094	struggle_damage	6	0	6	6	p2	21	observed damage 30 on milotic from lapras struggle (crit=False) not in the PS-exact roll set (nearest delta -4; max_roll 41)
i-0138941a2e750e9b2	b001/g5/20260812T044208-l3-000003	ko_margin_soft	0	1	0	1	p1	24	observed par on opp but no branch applies it [ko-margin]
i-0138941a2e750e9b2	b001/g8/20260812T044208-l3-000064	struggle_damage	3	0	3	3	p2	116	observed damage 15 on toxapex from suicune struggle (crit=False) not in the PS-exact roll set (nearest delta -2; max_roll 21)
i-0138941a2e750e9b2	b002/g4/20260812T045444-l2-000085	other_categorical	1	0	0	1	p1	41	observed psn on opp but no branch applies it
i-0138941a2e750e9b2	b002/g4/20260812T045444-l6-000094	struggle_damage	2	0	2	2	p1	35	observed damage 17 on alomomola from kyogre struggle (crit=True) not in the PS-exact roll set (nearest delta -2; max_roll 23)
i-0138941a2e750e9b2	b002/g6/20260812T045444-l5-000009	struggle_damage	3	0	3	3	p2	22	observed damage 4 on dunsparce from mismagius struggle (crit=False) not in the PS-exact roll set (nearest delta -1; max_roll 7)
i-0138941a2e750e9b2	b002/g9/20260812T045444-l4-000077	revival_blessing	1	0	0	1	p1	16	observed - spa on user but no branch produces it
i-0138941a2e750e9b2	b003/g0/20260812T050913-l2-000014	struggle_damage	2	0	2	2	p2	115	observed damage 6 on chimecho from alcremiecaramelswirl struggle (crit=False) not in the PS-exact roll set (nearest delta -1; max_roll 9)
i-0138941a2e750e9b2	b003/g11/20260812T050913-l3-000003	struggle_damage	1	0	1	1	p1	69	observed damage 16 on cresselia from mismagius struggle (crit=False) not in the PS-exact roll set (nearest delta -6; max_roll 26)
i-0138941a2e750e9b2	b003/g14/20260812T050913-l1-000040	ko_margin_soft	0	1	0	1	p1	26	observed par on user but no branch applies it [ko-margin]
i-0138941a2e750e9b2	b003/g15/20260812T050913-l3-000068	struggle_damage	1	0	1	1	p1	23	observed damage 22 on chandelure from bellossom struggle (crit=False) not in the PS-exact roll set (nearest delta -6; max_roll 34)
i-0138941a2e750e9b2	b003/g15/20260812T050913-l5-000038	struggle_damage	10	0	10	10	p2	24	observed damage 23 on suicune from volcanion struggle (crit=False) not in the PS-exact roll set (nearest delta -4; max_roll 32)
i-0138941a2e750e9b2	b003/g3/20260812T050913-l3-000091	revival_blessing	1	0	0	1	p2	17	observed item loss (Heavy-Duty Boots) on opp but no branch removes it
i-0138941a2e750e9b2	b003/g5/20260812T050913-l2-000012	struggle_damage	1	0	1	1	p1	17	observed damage 18 on arceusfire from delphox struggle (crit=False) not in the PS-exact roll set (nearest delta -5; max_roll 28)
i-0138941a2e750e9b2	b004/g10/20260812T052225-l3-000011	struggle_damage	1	0	1	1	p2	109	observed damage 33 on grimmsnarl from vileplume struggle (crit=False) not in the PS-exact roll set (nearest delta -4; max_roll 44)
i-0138941a2e750e9b2	b004/g11/20260812T052225-l5-000061	struggle_damage	1	0	1	1	p2	99	observed damage 29 on clodsire from tropius struggle (crit=False) not in the PS-exact roll set (nearest delta -11; max_roll 48)
i-0138941a2e750e9b2	b004/g13/20260812T052225-l2-000015	struggle_damage	2	0	2	2	p2	27	observed damage 11 on snorlax from hoopa struggle (crit=False) not in the PS-exact roll set (nearest delta -1; max_roll 15)
i-0138941a2e750e9b2	b004/g7/20260812T052225-l3-000036	struggle_damage	2	0	2	2	p1	32	observed damage 21 on slowking from keldeoresolute struggle (crit=False) not in the PS-exact roll set (nearest delta -3; max_roll 29)
i-0138941a2e750e9b2	b004/g9/20260812T052225-l1-000083	struggle_damage	4	0	4	4	p2	96	observed damage 28 on tatsugiri from vaporeon struggle (crit=False) not in the PS-exact roll set (nearest delta -5; max_roll 39)
i-0138941a2e750e9b2	b005/g1/20260812T053519-l3-000084	struggle_damage	1	0	1	1	p1	3	observed damage 28 on froslass from ampharos struggle (crit=False) not in the PS-exact roll set (nearest delta -6; max_roll 41)
i-0138941a2e750e9b2	b005/g11/20260812T053519-l5-000027	struggle_damage	1	0	1	1	p1	69	observed damage 49 on ribombee from venusaur struggle (crit=True) not in the PS-exact roll set (nearest delta -9; max_roll 69)
i-0138941a2e750e9b2	b005/g14/20260812T053519-l5-000039	struggle_damage	1	0	1	1	p2	26	observed damage 20 on conkeldurr from mismagius struggle (crit=False) not in the PS-exact roll set (nearest delta -4; max_roll 29)
i-0138941a2e750e9b2	b005/g3/20260812T053519-l5-000069	other_categorical	0	1	0	1	p2	61	observed heal on opp but no branch heals it
i-0138941a2e750e9b2	b005/g5/20260812T053519-l3-000091	bellydrum_sitrus	0	1	0	1	p1	1	observed item loss (Sitrus Berry) on opp but no branch removes it
i-0138941a2e750e9b2	b005/g8/20260812T053519-l3-000024	struggle_damage	2	0	2	2	p2	86	observed damage 9 on comfey from screamtail struggle (crit=False) not in the PS-exact roll set (nearest delta -3; max_roll 14)
i-0138941a2e750e9b2	b005/g8/20260812T053519-l3-000070	struggle_damage	1	0	1	1	p1	149	observed damage 18 on toxapex from arceuspsychic struggle (crit=False) not in the PS-exact roll set (nearest delta -1; max_roll 23)
i-0138941a2e750e9b2	b006/g1/20260812T054815-l2-000037	bellydrum_sitrus	0	1	0	1	p2	12	observed item loss (Sitrus Berry) on opp but no branch removes it
i-0138941a2e750e9b2	b006/g13/20260812T054815-l2-000008	revival_blessing	1	0	0	1	p1	26	observed + def on user but no branch produces it
i-0138941a2e750e9b2	b006/g3/20260812T054815-l3-000069	struggle_damage	1	0	1	1	p2	25	observed damage 22 on gothitelle from miraidon struggle (crit=True) not in the PS-exact roll set (nearest delta -3; max_roll 30)
i-0138941a2e750e9b2	b006/g7/20260812T054815-l3-000017	struggle_damage	2	0	2	2	p1	31	observed damage 11 on suicune from ludicolo struggle (crit=False) not in the PS-exact roll set (nearest delta -1; max_roll 15)
i-0138941a2e750e9b2	b007/g1/20260812T060239-l6-000011	struggle_damage	4	0	4	4	p1	38	observed damage 68 on blissey from typhlosionhisui struggle (crit=False) not in the PS-exact roll set (nearest delta -17; max_roll 101)
i-0138941a2e750e9b2	b007/g11/20260812T060239-l2-000056	struggle_damage	4	0	4	4	p1	188	observed damage 20 on lumineon from vaporeon struggle (crit=False) not in the PS-exact roll set (nearest delta -6; max_roll 31)
i-0138941a2e750e9b2	b007/g14/20260812T060239-l6-000076	struggle_damage	1	0	1	1	p2	127	observed damage 24 on oricoriosensu from vaporeon struggle (crit=False) not in the PS-exact roll set (nearest delta -6; max_roll 36)
i-0138941a2e750e9b2	b007/g15/20260812T060239-l1-000008	struggle_damage	1	0	1	1	p1	95	observed damage 30 on mamoswine from palossand struggle (crit=False) not in the PS-exact roll set (nearest delta -4; max_roll 40)
i-0138941a2e750e9b2	b007/g2/20260812T060239-l4-000031	bellydrum_sitrus	0	1	0	1	p1	4	observed item loss (Sitrus Berry) on opp but no branch removes it
i-0138941a2e750e9b2	b007/g2/20260812T060239-l5-000044	struggle_damage	1	0	1	1	p2	30	observed damage 21 on rotomwash from regice struggle (crit=False) not in the PS-exact roll set (nearest delta -9; max_roll 36)
i-0138941a2e750e9b2	b007/g3/20260812T060239-l1-000092	bellydrum_sitrus	0	1	0	1	p2	4	observed item loss (Sitrus Berry) on opp but no branch removes it
i-0138941a2e750e9b2	b007/g5/20260812T060239-l2-000070	struggle_damage	2	0	2	2	p2	124	observed damage 22 on palkia from sylveon struggle (crit=False) not in the PS-exact roll set (nearest delta -4; max_roll 31)
i-0138941a2e750e9b2	b007/g9/20260812T060239-l3-000055	struggle_damage	3	0	3	3	p2	14	observed damage 14 on gothitelle from grumpig struggle (crit=False) not in the PS-exact roll set (nearest delta -7; max_roll 25)
i-0138941a2e750e9b2	b008/g10/20260812T061548-l2-000012	revival_blessing	1	0	0	1	p2	6	observed side-condition stealthrock change on opp but no branch produces it
i-0138941a2e750e9b2	b008/g14/20260812T061548-l3-000090	struggle_damage	1	0	1	1	p2	26	observed damage 13 on glaceon from chandelure struggle (crit=False) not in the PS-exact roll set (nearest delta -4; max_roll 20)
i-0138941a2e750e9b2	b008/g3/20260812T061548-l1-000060	struggle_damage	2	0	2	2	p1	101	observed damage 19 on shaymin from salazzle struggle (crit=False) not in the PS-exact roll set (nearest delta -3; max_roll 27)
i-0138941a2e750e9b2	b008/g3/20260812T061548-l6-000061	revival_blessing	0	1	0	1	p2	10	observed heal on user but no branch heals it
i-0138941a2e750e9b2	b008/g4/20260812T061548-l2-000056	bellydrum_sitrus	0	1	0	1	p2	6	observed item loss (Sitrus Berry) on opp but no branch removes it
i-0138941a2e750e9b2	b008/g4/20260812T061548-l6-000059	struggle_damage	1	0	1	1	p1	31	observed damage 13 on umbreon from chandelure struggle (crit=False) not in the PS-exact roll set (nearest delta -5; max_roll 22)
i-0138941a2e750e9b2	b008/g5/20260812T061548-l6-000092	struggle_damage	1	0	1	1	p1	29	observed damage 74 on blissey from typhlosionhisui struggle (crit=False) not in the PS-exact roll set (nearest delta -11; max_roll 101)
i-0138941a2e750e9b2	b008/g6/20260812T061548-l1-000046	bellydrum_sitrus	0	1	0	1	p2	2	observed item loss (Sitrus Berry) on opp but no branch removes it
i-0138941a2e750e9b2	b008/g6/20260812T061548-l3-000007	struggle_damage	1	0	1	1	p1	48	observed damage 35 on florgesyellow from delphox struggle (crit=True) not in the PS-exact roll set (nearest delta -11; max_roll 55)
i-0138941a2e750e9b2	b008/g9/20260812T061548-l6-000035	bellydrum_sitrus	0	1	0	1	p1	4	observed item loss (Sitrus Berry) on opp but no branch removes it
i-0138941a2e750e9b2	b009/g2/20260812T062908-l1-000087	bellydrum_sitrus	0	1	0	1	p2	9	observed item loss (Sitrus Berry) on opp but no branch removes it
i-0138941a2e750e9b2	b009/g2/20260812T062908-l6-000055	ko_margin_soft	0	1	0	1	p2	20	observed slp on opp but no branch applies it [ko-margin]
i-013a2ebf248bd7e38	b000/g11/20260812T042522-l6-000026	other_damage_rollset	1	0	1	1	p1	20	observed damage 135 on espeon from blastoise terablast (crit=False) not in the PS-exact roll set (nearest delta -33; max_roll 198)
i-013a2ebf248bd7e38	b000/g13/20260812T042522-l2-000002	struggle_damage	2	0	2	2	p1	84	observed damage 14 on skarmory from screamtail struggle (crit=False) not in the PS-exact roll set (nearest delta -4; max_roll 22)
i-013a2ebf248bd7e38	b000/g14/20260812T042522-l6-000076	bellydrum_sitrus	0	1	0	1	p1	4	observed item loss (Sitrus Berry) on opp but no branch removes it
i-013a2ebf248bd7e38	b000/g15/20260812T042522-l1-000026	struggle_damage	2	0	2	2	p2	43	observed damage 29 on pachirisu from ursalunabloodmoon struggle (crit=True) not in the PS-exact roll set (nearest delta -7; max_roll 43)
i-013a2ebf248bd7e38	b000/g15/20260812T042522-l1-000079	bellydrum_sitrus	1	1	0	2	p2	10	observed item loss (Sitrus Berry) on opp but no branch removes it
i-013a2ebf248bd7e38	b000/g9/20260812T042522-l4-000051	revival_blessing	1	0	0	1	p2	27	observed item loss (Heavy-Duty Boots) on opp but no branch removes it
i-013a2ebf248bd7e38	b001/g1/20260812T043909-l2-000046	struggle_damage	2	0	2	2	p1	105	observed damage 49 on cyclizar from palossand struggle (crit=True) not in the PS-exact roll set (nearest delta -7; max_roll 67)
i-013a2ebf248bd7e38	b001/g10/20260812T043909-l6-000079	ko_margin_soft	0	2	0	2	p1	19	observed - spd on opp but no branch produces it [ko-margin]
i-013a2ebf248bd7e38	b001/g5/20260812T043909-l5-000067	struggle_damage	1	0	1	1	p2	57	observed damage 10 on hypno from chimecho struggle (crit=False) not in the PS-exact roll set (nearest delta -3; max_roll 16)
i-013a2ebf248bd7e38	b002/g11/20260812T045209-l3-000065	ko_margin_soft	0	1	0	1	p1	13	observed slp on opp but no branch applies it [ko-margin]
i-013a2ebf248bd7e38	b002/g13/20260812T045209-l3-000016	revival_blessing	0	1	0	1	p2	5	observed heal on user but no branch heals it
i-013a2ebf248bd7e38	b002/g6/20260812T045209-l5-000088	struggle_damage	2	0	2	2	p1	266	observed damage 26 on mightyena from slowbro struggle (crit=False) not in the PS-exact roll set (nearest delta -3; max_roll 35)
i-013a2ebf248bd7e38	b003/g0/20260812T050700-l1-000059	bellydrum_sitrus	0	1	0	1	p2	21	observed item loss (Sitrus Berry) on opp but no branch removes it
i-013a2ebf248bd7e38	b003/g0/20260812T050700-l5-000070	bellydrum_sitrus	0	1	0	1	p1	8	observed item loss (Sitrus Berry) on opp but no branch removes it
i-013a2ebf248bd7e38	b003/g10/20260812T050700-l1-000080	revival_blessing	1	0	0	1	p1	12	observed volatile Substitute start on user but no branch applies it
i-013a2ebf248bd7e38	b003/g10/20260812T050700-l5-000009	bellydrum_sitrus	0	2	0	2	p1	9	observed item loss (Sitrus Berry) on opp but no branch removes it
i-013a2ebf248bd7e38	b003/g2/20260812T050700-l1-000001	struggle_damage	3	0	3	3	p1	107	observed damage 15 on dachsbun from screamtail struggle (crit=False) not in the PS-exact roll set (nearest delta -3; max_roll 22)
i-013a2ebf248bd7e38	b003/g2/20260812T050700-l2-000027	struggle_damage	2	0	2	2	p2	18	observed damage 20 on screamtail from delphox struggle (crit=False) not in the PS-exact roll set (nearest delta -3; max_roll 28)
i-013a2ebf248bd7e38	b003/g4/20260812T050700-l1-000044	struggle_damage	1	0	1	1	p2	61	observed damage 22 on farigiraf from magnezone struggle (crit=False) not in the PS-exact roll set (nearest delta -6; max_roll 34)
i-013a2ebf248bd7e38	b003/g4/20260812T050700-l3-000041	revival_blessing	1	0	0	1	p1	11	observed volatile Salt Cure start on opp but no branch applies it
i-013a2ebf248bd7e38	b003/g5/20260812T050700-l3-000055	revival_blessing	1	0	0	1	p1	14	observed - spa on opp but no branch produces it
i-013a2ebf248bd7e38	b003/g6/20260812T050700-l3-000055	ko_margin_soft	0	1	0	1	p1	51	observed - spa on user but no branch produces it [ko-margin]
i-013a2ebf248bd7e38	b003/g9/20260812T050700-l3-000010	struggle_damage	1	0	1	1	p2	33	observed damage 18 on gliscor from hydrapple struggle (crit=False) not in the PS-exact roll set (nearest delta -5; max_roll 28)
i-013a2ebf248bd7e38	b003/g9/20260812T050700-l6-000055	struggle_damage	2	0	2	2	p2	25	observed damage 21 on gothitelle from ludicolo struggle (crit=False) not in the PS-exact roll set (nearest delta -6; max_roll 32)
i-013a2ebf248bd7e38	b004/g1/20260812T051958-l3-000021	struggle_damage	3	0	3	3	p1	87	observed damage 23 on politoed from suicune struggle (crit=False) not in the PS-exact roll set (nearest delta -5; max_roll 33)
i-013a2ebf248bd7e38	b004/g10/20260812T051958-l4-000093	struggle_damage	2	0	2	2	p1	27	observed damage 24 on empoleon from hydrapple struggle (crit=False) not in the PS-exact roll set (nearest delta -4; max_roll 34)
i-013a2ebf248bd7e38	b004/g15/20260812T051958-l5-000030	ko_margin_soft	0	1	0	1	p2	16	observed psn on user but no branch applies it [ko-margin]
i-013a2ebf248bd7e38	b004/g2/20260812T051958-l5-000072	struggle_damage	1	0	1	1	p1	45	observed damage 27 on phione from volcanion struggle (crit=False) not in the PS-exact roll set (nearest delta -5; max_roll 38)
i-013a2ebf248bd7e38	b004/g6/20260812T051958-l6-000052	struggle_damage	2	0	2	2	p1	136	observed damage 19 on pelipper from vaporeon struggle (crit=False) not in the PS-exact roll set (nearest delta -4; max_roll 28)
i-013a2ebf248bd7e38	b004/g7/20260812T051958-l3-000089	ko_margin_soft	0	1	0	1	p1	14	observed slp on opp but no branch applies it [ko-margin]
i-013a2ebf248bd7e38	b005/g12/20260812T053455-l2-000084	bellydrum_sitrus	0	1	0	1	p1	3	observed item loss (Sitrus Berry) on opp but no branch removes it
i-013a2ebf248bd7e38	b005/g12/20260812T053455-l5-000051	struggle_damage	4	0	4	4	p1	73	observed damage 10 on suicune from deoxysdefense struggle (crit=False) not in the PS-exact roll set (nearest delta -1; max_roll 13)
i-013a2ebf248bd7e38	b005/g13/20260812T053455-l2-000058	struggle_damage	6	0	6	6	p1	72	observed damage 24 on suicune from phione struggle (crit=False) not in the PS-exact roll set (nearest delta -4; max_roll 33)
i-013a2ebf248bd7e38	b005/g15/20260812T053455-l1-000087	revival_blessing	1	0	0	1	p1	8	observed side-condition spikes change on opp but no branch produces it
i-013a2ebf248bd7e38	b005/g15/20260812T053455-l4-000054	bellydrum_sitrus	0	1	0	1	p1	25	observed item loss (Sitrus Berry) on opp but no branch removes it
i-013a2ebf248bd7e38	b005/g3/20260812T053455-l3-000003	bellydrum_sitrus	0	1	0	1	p1	13	observed item loss (Sitrus Berry) on opp but no branch removes it
i-013a2ebf248bd7e38	b005/g7/20260812T053455-l1-000072	other_damage_rollset	1	0	1	1	p2	19	observed damage 55 on enamorustherian from necrozmadawnwings photongeyser (crit=False) not in the PS-exact roll set (nearest delta -23; max_roll 93)
i-013a2ebf248bd7e38	b005/g7/20260812T053455-l6-000056	revival_blessing	2	0	0	2	p2	17	observed par on opp but no branch applies it
i-013a2ebf248bd7e38	b005/g8/20260812T053455-l3-000011	bellydrum_sitrus	0	1	0	1	p2	10	observed item loss (Sitrus Berry) on opp but no branch removes it
i-013a2ebf248bd7e38	b006/g1/20260812T054853-l4-000073	struggle_damage	3	0	3	3	p1	81	observed damage 17 on cresselia from chimecho struggle (crit=False) not in the PS-exact roll set (nearest delta -5; max_roll 27)
i-013a2ebf248bd7e38	b006/g12/20260812T054853-l3-000057	bellydrum_sitrus	0	1	0	1	p2	13	observed item loss (Sitrus Berry) on opp but no branch removes it
i-013a2ebf248bd7e38	b006/g12/20260812T054853-l4-000004	bellydrum_sitrus	0	1	0	1	p2	5	observed item loss (Sitrus Berry) on opp but no branch removes it
i-013a2ebf248bd7e38	b006/g5/20260812T054853-l1-000085	struggle_damage	1	0	1	1	p2	28	observed damage 4 on deoxysdefense from delphox struggle (crit=False) not in the PS-exact roll set (nearest delta -1; max_roll 6)
i-013a2ebf248bd7e38	b006/g7/20260812T054853-l5-000026	other_categorical	0	1	0	1	p2	32	observed heal on user but no branch heals it
i-013a2ebf248bd7e38	b006/g9/20260812T054853-l4-000022	struggle_damage	1	0	1	1	p1	132	observed damage 4 on giratina from blissey struggle (crit=False) not in the PS-exact roll set (nearest delta -6; max_roll 12)
i-013a2ebf248bd7e38	b007/g1/20260812T060249-l2-000093	struggle_damage	1	0	1	1	p2	46	observed damage 12 on uxie from comfey struggle (crit=False) not in the PS-exact roll set (nearest delta -5; max_roll 20)
i-013a2ebf248bd7e38	b007/g1/20260812T060249-l3-000003	struggle_damage	3	0	3	3	p2	114	observed damage 4 on malamar from bastiodon struggle (crit=False) not in the PS-exact roll set (nearest delta -1; max_roll 6)
i-013a2ebf248bd7e38	b007/g10/20260812T060249-l6-000081	ko_margin_soft	0	2	0	2	p2	11	observed slp on user but no branch applies it [ko-margin]
i-013a2ebf248bd7e38	b007/g13/20260812T060249-l6-000010	struggle_damage	3	0	3	3	p1	108	observed damage 48 on blissey from gholdengo struggle (crit=False) not in the PS-exact roll set (nearest delta -9; max_roll 68)
i-013a2ebf248bd7e38	b007/g4/20260812T060249-l4-000013	ko_margin_soft	0	1	0	1	p1	22	observed + spe on opp but no branch produces it [ko-margin]
i-013a2ebf248bd7e38	b007/g4/20260812T060249-l6-000060	struggle_damage	3	0	3	3	p1	111	observed damage 4 on spiritomb from blissey struggle (crit=False) not in the PS-exact roll set (nearest delta -5; max_roll 11)
i-013a2ebf248bd7e38	b007/g6/20260812T060249-l4-000041	struggle_damage	1	0	1	1	p1	29	observed damage 27 on hypno from bellossom struggle (crit=False) not in the PS-exact roll set (nearest delta -3; max_roll 36)
i-013a2ebf248bd7e38	b008/g11/20260812T061851-l2-000033	ko_margin_soft	0	1	0	1	p1	10	observed volatile Leech Seed start on user but no branch applies it [ko-margin]
i-013a2ebf248bd7e38	b008/g12/20260812T061851-l6-000015	ko_margin_soft	0	1	0	1	p1	12	observed + spe on opp but no branch produces it [ko-margin]
i-013a2ebf248bd7e38	b009/g11/20260812T063354-l6-000061	ko_margin_soft	0	2	0	2	p2	15	observed + spe on opp but no branch produces it [ko-margin]
i-013a2ebf248bd7e38	b009/g4/20260812T063354-l6-000048	struggle_damage	2	0	2	2	p1	32	observed damage 27 on moltres from hydreigon struggle (crit=False) not in the PS-exact roll set (nearest delta -5; max_roll 38)
i-013a2ebf248bd7e38	b009/g7/20260812T063354-l4-000027	struggle_damage	1	0	1	1	p2	31	observed damage 12 on uxie from miraidon struggle (crit=False) not in the PS-exact roll set (nearest delta -2; max_roll 17)
i-013a79b850c8be090	b000/g0/20260812T042529-l3-000027	revival_blessing	0	1	0	1	p1	22	observed heal on user but no branch heals it
i-013a79b850c8be090	b000/g1/20260812T042529-l3-000009	revival_blessing	2	0	0	2	p1	19	observed par on opp but no branch applies it
i-013a79b850c8be090	b000/g10/20260812T042529-l3-000018	struggle_damage	1	0	1	1	p1	21	observed damage 9 on stantler from delphox struggle (crit=False) not in the PS-exact roll set (nearest delta -2; max_roll 13)
i-013a79b850c8be090	b000/g13/20260812T042529-l5-000093	revival_blessing	1	2	0	3	p2	17	observed slp on user but no branch applies it
i-013a79b850c8be090	b000/g5/20260812T042529-l6-000074	struggle_damage	2	0	2	2	p2	44	observed damage 4 on rotom from chansey struggle (crit=False) not in the PS-exact roll set (nearest delta -7; max_roll 13)
i-013a79b850c8be090	b001/g0/20260812T043844-l1-000048	struggle_damage	1	0	1	1	p1	9	observed damage 18 on uxie from ludicolo struggle (crit=False) not in the PS-exact roll set (nearest delta -4; max_roll 27)
i-013a79b850c8be090	b001/g0/20260812T043844-l3-000003	struggle_damage	2	0	2	2	p1	108	observed damage 23 on florges from sylveon struggle (crit=False) not in the PS-exact roll set (nearest delta -7; max_roll 36)
i-013a79b850c8be090	b001/g0/20260812T043844-l6-000025	other_categorical	1	0	0	1	p1	18	observed tox on opp but no branch applies it
i-013a79b850c8be090	b001/g11/20260812T043844-l4-000068	struggle_damage	1	0	1	1	p1	128	observed damage 11 on duraludon from chimecho struggle (crit=False) not in the PS-exact roll set (nearest delta -4; max_roll 18)
i-013a79b850c8be090	b001/g14/20260812T043844-l6-000019	struggle_damage	1	0	1	1	p2	31	observed damage 22 on hooh from delphox struggle (crit=False) not in the PS-exact roll set (nearest delta -7; max_roll 35)
i-013a79b850c8be090	b001/g3/20260812T043844-l1-000089	struggle_damage	1	0	1	1	p2	184	observed damage 27 on volbeat from sceptile struggle (crit=False) not in the PS-exact roll set (nearest delta -7; max_roll 40)
i-013a79b850c8be090	b001/g3/20260812T043844-l5-000005	struggle_damage	2	0	2	2	p1	20	observed damage 5 on dunsparce from mismagius struggle (crit=False) not in the PS-exact roll set (nearest delta -1; max_roll 8)
i-013a79b850c8be090	b001/g4/20260812T043844-l4-000088	struggle_damage	1	0	1	1	p1	188	observed damage 15 on rhydon from vaporeon struggle (crit=False) not in the PS-exact roll set (nearest delta -5; max_roll 24)
i-013a79b850c8be090	b001/g5/20260812T043844-l1-000007	bellydrum_sitrus	0	1	0	1	p2	4	observed item loss (Sitrus Berry) on opp but no branch removes it
i-013a79b850c8be090	b001/g6/20260812T043844-l5-000084	struggle_damage	4	0	4	4	p1	133	observed damage 26 on lurantis from wigglytuff struggle (crit=False) not in the PS-exact roll set (nearest delta -6; max_roll 38)
i-013a79b850c8be090	b002/g0/20260812T045235-l5-000058	bellydrum_sitrus	0	1	0	1	p1	8	observed item loss (Sitrus Berry) on opp but no branch removes it
i-013a79b850c8be090	b002/g13/20260812T045235-l2-000029	other_categorical	1	0	0	1	p1	19	observed + spa on opp but no branch produces it
i-013a79b850c8be090	b002/g2/20260812T045235-l1-000042	ko_margin_soft	0	1	0	1	p1	49	observed volatile Leech Seed start on user but no branch applies it [ko-margin]
i-013a79b850c8be090	b003/g14/20260812T050623-l2-000056	struggle_damage	1	0	1	1	p2	5	observed damage 29 on polteageist from indeedeef struggle (crit=False) not in the PS-exact roll set (nearest delta -5; max_roll 41)
i-013a79b850c8be090	b003/g3/20260812T050623-l3-000053	struggle_damage	2	0	2	2	p2	72	observed damage 46 on chansey from gothitelle struggle (crit=False) not in the PS-exact roll set (nearest delta -12; max_roll 69)
i-013a79b850c8be090	b003/g3/20260812T050623-l6-000037	other_categorical	1	0	0	1	p2	28	observed - spd on opp but no branch produces it
i-013a79b850c8be090	b003/g3/20260812T050623-l6-000067	struggle_damage	2	0	2	2	p2	97	observed damage 15 on hippowdon from chimecho struggle (crit=False) not in the PS-exact roll set (nearest delta -6; max_roll 25)
i-013a79b850c8be090	b003/g8/20260812T050623-l6-000078	bellydrum_sitrus	0	1	0	1	p2	14	observed item loss (Sitrus Berry) on opp but no branch removes it
i-013a79b850c8be090	b004/g12/20260812T052326-l3-000011	ko_margin_soft	0	1	0	1	p2	24	observed + spe on opp but no branch produces it [ko-margin]
i-013a79b850c8be090	b004/g12/20260812T052326-l3-000044	other_categorical	1	0	0	1	p2	22	observed - def on opp but no branch produces it
i-013a79b850c8be090	b004/g12/20260812T052326-l6-000075	struggle_damage	1	0	1	1	p1	24	observed damage 34 on latios from volcanion struggle (crit=False) not in the PS-exact roll set (nearest delta -3; max_roll 44)
i-013a79b850c8be090	b004/g13/20260812T052326-l4-000040	bellydrum_sitrus	0	1	0	1	p2	1	observed item loss (Sitrus Berry) on opp but no branch removes it
i-013a79b850c8be090	b004/g13/20260812T052326-l5-000015	struggle_damage	1	0	1	1	p2	59	observed damage 5 on chandelure from blissey struggle (crit=False) not in the PS-exact roll set (nearest delta -6; max_roll 14)
i-013a79b850c8be090	b004/g14/20260812T052326-l6-000082	struggle_damage	1	0	1	1	p2	48	observed damage 19 on bellibolt from gardevoir struggle (crit=False) not in the PS-exact roll set (nearest delta -5; max_roll 29)
i-013a79b850c8be090	b004/g15/20260812T052326-l3-000083	bellydrum_sitrus	0	1	0	1	p1	16	observed item loss (Sitrus Berry) on opp but no branch removes it
i-013a79b850c8be090	b004/g15/20260812T052326-l5-000065	ko_margin_soft	0	1	0	1	p1	14	observed slp on opp but no branch applies it [ko-margin]
i-013a79b850c8be090	b004/g3/20260812T052326-l1-000059	bellydrum_sitrus	0	1	0	1	p2	21	observed item loss (Sitrus Berry) on opp but no branch removes it
i-013a79b850c8be090	b004/g3/20260812T052326-l4-000073	struggle_damage	2	0	2	2	p2	78	observed damage 33 on dodrio from chimecho struggle (crit=True) not in the PS-exact roll set (nearest delta -11; max_roll 52)
i-013a79b850c8be090	b004/g4/20260812T052326-l1-000050	bellydrum_sitrus	0	1	0	1	p1	14	observed item loss (Sitrus Berry) on opp but no branch removes it
i-013a79b850c8be090	b005/g4/20260812T053803-l4-000063	struggle_damage	2	0	2	2	p1	95	observed damage 35 on wigglytuff from necrozmadawnwings struggle (crit=False) not in the PS-exact roll set (nearest delta -8; max_roll 51)
i-013a79b850c8be090	b005/g7/20260812T053803-l4-000011	struggle_damage	1	0	1	1	p1	16	observed damage 67 on blissey from typhlosion struggle (crit=False) not in the PS-exact roll set (nearest delta -19; max_roll 102)
i-013a79b850c8be090	b006/g10/20260812T055130-l3-000022	bellydrum_sitrus	0	1	0	1	p1	20	observed item loss (Sitrus Berry) on opp but no branch removes it
i-013a79b850c8be090	b006/g15/20260812T055130-l3-000070	struggle_damage	4	0	4	4	p2	110	observed damage 6 on gengar from blissey struggle (crit=False) not in the PS-exact roll set (nearest delta -9; max_roll 18)
i-013a79b850c8be090	b006/g6/20260812T055130-l2-000019	other_categorical	1	0	0	1	p2	30	observed psn on opp but no branch applies it
i-013a79b850c8be090	b006/g8/20260812T055130-l1-000001	bellydrum_sitrus	0	2	0	2	p2	1	observed item loss (Sitrus Berry) on opp but no branch removes it
i-013a79b850c8be090	b007/g0/20260812T060419-l1-000042	revival_blessing	0	1	0	1	p1	13	observed heal on user but no branch heals it
i-013a79b850c8be090	b007/g0/20260812T060419-l1-000085	struggle_damage	1	0	1	1	p2	8	observed damage 23 on suicune from palkia struggle (crit=False) not in the PS-exact roll set (nearest delta -4; max_roll 32)
i-013a79b850c8be090	b007/g0/20260812T060419-l4-000046	struggle_damage	2	0	2	2	p2	106	observed damage 2 on misdreavus from blissey struggle (crit=False) not in the PS-exact roll set (nearest delta -2; max_roll 5)
i-013a79b850c8be090	b007/g1/20260812T060419-l2-000086	struggle_damage	2	0	2	2	p2	102	observed damage 14 on greedent from spectrier struggle (crit=False) not in the PS-exact roll set (nearest delta -5; max_roll 23)
i-013a79b850c8be090	b007/g12/20260812T060419-l5-000043	struggle_damage	6	0	6	6	p1	19	observed damage 37 on vaporeon from volcanion struggle (crit=False) not in the PS-exact roll set (nearest delta -4; max_roll 49)
i-013a79b850c8be090	b007/g4/20260812T060419-l5-000036	struggle_damage	4	0	4	4	p2	105	observed damage 55 on blissey from mismagius struggle (crit=False) not in the PS-exact roll set (nearest delta -16; max_roll 84)
i-013a79b850c8be090	b008/g11/20260812T061753-l1-000011	struggle_damage	2	0	2	2	p1	113	observed damage 52 on wigglytuff from giratina struggle (crit=True) not in the PS-exact roll set (nearest delta -6; max_roll 69)
i-013a79b850c8be090	b008/g11/20260812T061753-l6-000007	ko_margin_soft	0	2	0	2	p2	32	observed slp on opp but no branch applies it [ko-margin]
i-013a79b850c8be090	b008/g14/20260812T061753-l1-000073	struggle_damage	1	0	1	1	p2	14	observed damage 3 on bastiodon from gengar struggle (crit=False) not in the PS-exact roll set (nearest delta -1; max_roll 5)
i-013a79b850c8be090	b008/g4/20260812T061753-l5-000007	ko_margin_soft	0	1	0	1	p2	13	observed slp on opp but no branch applies it [ko-margin]
i-013a79b850c8be090	b008/g5/20260812T061753-l5-000090	struggle_damage	1	0	1	1	p2	152	observed damage 40 on cinccino from shaymin struggle (crit=False) not in the PS-exact roll set (nearest delta -2; max_roll 50)
i-013a79b850c8be090	b008/g7/20260812T061753-l5-000044	struggle_damage	1	0	1	1	p1	105	observed damage 15 on vaporeon from tropius struggle (crit=False) not in the PS-exact roll set (nearest delta -4; max_roll 23)
i-013a79b850c8be090	b009/g0/20260812T063148-l2-000065	struggle_damage	1	0	1	1	p2	127	observed damage 52 on chansey from pecharunt struggle (crit=False) not in the PS-exact roll set (nearest delta -6; max_roll 69)
i-013a79b850c8be090	b009/g1/20260812T063148-l1-000060	struggle_damage	2	0	2	2	p1	97	observed damage 26 on kingdra from chimecho struggle (crit=True) not in the PS-exact roll set (nearest delta -10; max_roll 43)
i-013a79b850c8be090	b009/g10/20260812T063148-l3-000061	struggle_damage	1	0	1	1	p1	82	observed damage 23 on empoleon from arboliva struggle (crit=False) not in the PS-exact roll set (nearest delta -7; max_roll 36)
i-013a79b850c8be090	b009/g3/20260812T063148-l1-000083	other_categorical	1	0	0	1	p1	15	observed side-condition spikes change on opp but no branch produces it
i-013a79b850c8be090	b009/g3/20260812T063148-l2-000028	struggle_damage	2	0	2	2	p1	26	observed damage 36 on magmortar from lugia struggle (crit=False) not in the PS-exact roll set (nearest delta -6; max_roll 50)
i-013a79b850c8be090	b009/g6/20260812T063148-l1-000036	struggle_damage	3	0	3	3	p1	124	observed damage 23 on umbreon from sceptile struggle (crit=False) not in the PS-exact roll set (nearest delta -4; max_roll 32)
i-013a79b850c8be090	b009/g7/20260812T063148-l2-000050	struggle_damage	1	0	1	1	p2	57	observed damage 36 on pyroar from deoxysdefense struggle (crit=True) not in the PS-exact roll set (nearest delta -7; max_roll 51)
i-01985411e051508a0	b000/g0/20260812T042522-l4-000015	struggle_damage	1	0	1	1	p2	85	observed damage 10 on phione from screamtail struggle (crit=False) not in the PS-exact roll set (nearest delta -2; max_roll 14)
i-01985411e051508a0	b000/g1/20260812T042522-l4-000057	struggle_damage	1	0	1	1	p2	22	observed damage 30 on articuno from hoopa struggle (crit=False) not in the PS-exact roll set (nearest delta -4; max_roll 40)
i-01985411e051508a0	b000/g12/20260812T042522-l5-000084	struggle_damage	5	0	5	5	p1	123	observed damage 47 on blissey from gholdengo struggle (crit=False) not in the PS-exact roll set (nearest delta -10; max_roll 68)
i-01985411e051508a0	b000/g13/20260812T042522-l2-000018	other_categorical	1	0	0	1	p2	3	observed + spa on opp but no branch produces it
i-01985411e051508a0	b000/g14/20260812T042522-l1-000078	revival_blessing	1	0	0	1	p2	16	observed volatile Salt Cure start on opp but no branch applies it
i-01985411e051508a0	b000/g15/20260812T042522-l5-000092	bellydrum_sitrus	0	1	0	1	p2	16	observed item loss (Sitrus Berry) on opp but no branch removes it
i-01985411e051508a0	b000/g3/20260812T042522-l2-000070	bellydrum_sitrus	0	2	0	2	p2	8	observed item loss (Sitrus Berry) on opp but no branch removes it
i-01985411e051508a0	b000/g3/20260812T042522-l5-000071	struggle_damage	1	0	1	1	p1	46	observed damage 24 on exeggutor from hydrapple struggle (crit=False) not in the PS-exact roll set (nearest delta -4; max_roll 33)
i-01985411e051508a0	b000/g3/20260812T042522-l6-000006	bellydrum_sitrus	0	2	0	2	p2	4	observed item loss (Sitrus Berry) on opp but no branch removes it
i-01985411e051508a0	b000/g9/20260812T042522-l6-000006	struggle_damage	3	0	3	3	p2	35	observed damage 4 on dunsparce from rotom struggle (crit=False) not in the PS-exact roll set (nearest delta -1; max_roll 7)
i-01985411e051508a0	b001/g10/20260812T043832-l4-000091	struggle_damage	1	0	1	1	p2	25	observed damage 13 on snorlax from mismagius struggle (crit=False) not in the PS-exact roll set (nearest delta -3; max_roll 19)
i-01985411e051508a0	b001/g13/20260812T043832-l3-000040	bellydrum_sitrus	0	1	0	1	p1	8	observed item loss (Sitrus Berry) on opp but no branch removes it
i-01985411e051508a0	b001/g3/20260812T043832-l6-000006	struggle_damage	2	0	2	2	p2	142	observed damage 3 on vileplume from blissey struggle (crit=False) not in the PS-exact roll set (nearest delta -5; max_roll 10)
i-01985411e051508a0	b001/g8/20260812T043832-l1-000029	struggle_damage	10	0	10	10	p2	102	observed damage 25 on suicune from volcanion struggle (crit=False) not in the PS-exact roll set (nearest delta -2; max_roll 32)
i-01985411e051508a0	b001/g9/20260812T043832-l1-000069	revival_blessing	1	0	0	1	p2	18	observed psn on opp but no branch applies it
i-01985411e051508a0	b002/g0/20260812T045158-l1-000081	bellydrum_sitrus	0	1	0	1	p1	2	observed item loss (Sitrus Berry) on opp but no branch removes it
i-01985411e051508a0	b002/g2/20260812T045158-l2-000035	bellydrum_sitrus	0	1	0	1	p1	13	observed item loss (Sitrus Berry) on opp but no branch removes it
i-01985411e051508a0	b002/g5/20260812T045158-l5-000025	other_categorical,ko_margin_soft	0	3	0	3	p2	13	observed + spe on opp but no branch produces it [ko-margin]
i-01985411e051508a0	b003/g2/20260812T050459-l2-000092	other_categorical	0	1	0	1	p1	43	observed heal on user but no branch heals it
i-01985411e051508a0	b003/g5/20260812T050459-l3-000025	struggle_damage	2	0	2	2	p2	89	observed damage 26 on vaporeon from suicune struggle (crit=False) not in the PS-exact roll set (nearest delta -8; max_roll 40)
i-01985411e051508a0	b003/g6/20260812T050459-l3-000027	struggle_damage	1	0	1	1	p2	47	observed damage 19 on ironthorns from oranguru struggle (crit=False) not in the PS-exact roll set (nearest delta -4; max_roll 28)
i-01985411e051508a0	b003/g9/20260812T050459-l2-000041	struggle_damage	2	0	2	2	p1	117	observed damage 23 on cetitan from florges struggle (crit=False) not in the PS-exact roll set (nearest delta -10; max_roll 39)
i-01985411e051508a0	b003/g9/20260812T050459-l5-000083	struggle_damage	10	0	10	10	p1+p2	125	observed damage 12 on dipplin from sylveon struggle (crit=False) not in the PS-exact roll set (nearest delta -2; max_roll 17)
i-01985411e051508a0	b004/g0/20260812T051740-l6-000094	struggle_damage	2	0	2	2	p1	15	observed damage 24 on empoleon from politoed struggle (crit=False) not in the PS-exact roll set (nearest delta -6; max_roll 36)
i-01985411e051508a0	b004/g1/20260812T051740-l5-000069	struggle_damage	3	0	3	3	p2	26	observed damage 8 on snorlax from rotom struggle (crit=False) not in the PS-exact roll set (nearest delta -1; max_roll 11)
i-01985411e051508a0	b004/g14/20260812T051740-l2-000045	other_categorical	2	0	0	2	p1	21	observed - def on opp but no branch produces it
i-01985411e051508a0	b004/g3/20260812T051740-l2-000040	struggle_damage	1	0	1	1	p1	14	observed damage 20 on gothitelle from grumpig struggle (crit=True) not in the PS-exact roll set (nearest delta -11; max_roll 37)
i-01985411e051508a0	b004/g6/20260812T051740-l2-000066	struggle_damage	1	0	1	1	p2	16	observed damage 18 on suicune from misdreavus struggle (crit=False) not in the PS-exact roll set (nearest delta -4; max_roll 27)
i-01985411e051508a0	b004/g7/20260812T051740-l1-000083	struggle_damage	2	0	2	2	p2	118	observed damage 23 on farigiraf from umbreon struggle (crit=False) not in the PS-exact roll set (nearest delta -5; max_roll 33)
i-01985411e051508a0	b004/g9/20260812T051740-l4-000061	struggle_damage	1	0	1	1	p1	92	observed damage 23 on lanturn from cresselia struggle (crit=False) not in the PS-exact roll set (nearest delta -7; max_roll 36)
i-01985411e051508a0	b005/g10/20260812T053504-l5-000079	bellydrum_sitrus	0	2	0	2	p1	1	observed item loss (Sitrus Berry) on opp but no branch removes it
i-01985411e051508a0	b005/g12/20260812T053504-l1-000073	struggle_damage	2	0	2	2	p2	76	observed damage 19 on venusaur from screamtail struggle (crit=False) not in the PS-exact roll set (nearest delta -7; max_roll 31)
i-01985411e051508a0	b005/g14/20260812T053504-l3-000036	struggle_damage	2	0	2	2	p1	42	observed damage 7 on snorlax from fluttermane struggle (crit=False) not in the PS-exact roll set (nearest delta -2; max_roll 11)
i-01985411e051508a0	b005/g6/20260812T053504-l4-000035	struggle_damage	1	0	1	1	p2	79	observed damage 19 on revavroom from chimecho struggle (crit=False) not in the PS-exact roll set (nearest delta -8; max_roll 32)
i-01985411e051508a0	b006/g14/20260812T054838-l1-000035	struggle_damage	3	0	3	3	p2	70	observed damage 50 on blissey from chandelure struggle (crit=False) not in the PS-exact roll set (nearest delta -13; max_roll 75)
i-01985411e051508a0	b006/g4/20260812T054838-l4-000018	struggle_damage	1	0	1	1	p2	102	observed damage 20 on lapras from chimecho struggle (crit=False) not in the PS-exact roll set (nearest delta -7; max_roll 32)
i-01985411e051508a0	b006/g6/20260812T054838-l4-000077	struggle_damage	1	0	1	1	p2	64	observed damage 18 on chimecho from gothitelle struggle (crit=False) not in the PS-exact roll set (nearest delta -7; max_roll 30)
i-01985411e051508a0	b006/g6/20260812T054838-l6-000088	ko_margin_soft	0	1	0	1	p2	17	observed + spa on opp but no branch produces it [ko-margin]
i-01985411e051508a0	b006/g9/20260812T054838-l1-000026	bellydrum_sitrus	0	1	0	1	p1	3	observed item loss (Sitrus Berry) on opp but no branch removes it
i-01985411e051508a0	b006/g9/20260812T054838-l3-000091	struggle_damage	3	0	3	3	p1	114	observed damage 8 on oinkolognef from typhlosionhisui struggle (crit=False) not in the PS-exact roll set (nearest delta -2; max_roll 12)
i-01985411e051508a0	b007/g1/20260812T060207-l3-000029	struggle_damage	2	0	2	2	p1	18	observed damage 23 on chandelure from typhlosion struggle (crit=False) not in the PS-exact roll set (nearest delta -6; max_roll 35)
i-01985411e051508a0	b007/g11/20260812T060207-l3-000018	struggle_damage	1	0	1	1	p1	11	observed damage 29 on typhlosion from typhlosion struggle (crit=False) not in the PS-exact roll set (nearest delta -3; max_roll 38)
i-01985411e051508a0	b007/g14/20260812T060207-l3-000019	struggle_damage	1	0	1	1	p2	9	observed damage 25 on mesprit from reuniclus struggle (crit=False) not in the PS-exact roll set (nearest delta -5; max_roll 36)
i-01985411e051508a0	b007/g2/20260812T060207-l3-000066	struggle_damage	1	0	1	1	p2	136	observed damage 38 on altaria from scovillain struggle (crit=False) not in the PS-exact roll set (nearest delta -1; max_roll 46)
i-01985411e051508a0	b007/g2/20260812T060207-l5-000088	struggle_damage	3	0	3	3	p1	128	observed damage 26 on ariados from hydrapple struggle (crit=False) not in the PS-exact roll set (nearest delta -3; max_roll 35)
i-01985411e051508a0	b007/g6/20260812T060207-l4-000039	struggle_damage	1	0	1	1	p2	30	observed damage 19 on mightyena from sylveon struggle (crit=False) not in the PS-exact roll set (nearest delta -8; max_roll 32)
i-01985411e051508a0	b007/g9/20260812T060207-l2-000054	revival_blessing	0	1	0	1	p2	8	observed heal on user but no branch heals it
i-01985411e051508a0	b008/g0/20260812T061906-l3-000061	struggle_damage	2	0	2	2	p1	84	observed damage 16 on vespiquen from umbreon struggle (crit=False) not in the PS-exact roll set (nearest delta -3; max_roll 23)
i-01985411e051508a0	b008/g1/20260812T061906-l4-000017	struggle_damage	2	0	2	2	p1	31	observed damage 19 on sylveon from grumpig struggle (crit=False) not in the PS-exact roll set (nearest delta -9; max_roll 34)
i-01985411e051508a0	b008/g10/20260812T061906-l5-000078	other_categorical	1	0	0	1	p2	18	observed par on opp but no branch applies it
i-01985411e051508a0	b008/g11/20260812T061906-l4-000057	ko_margin_soft	0	5	0	5	p1	24	observed - def on opp but no branch produces it [ko-margin]
i-01985411e051508a0	b008/g12/20260812T061906-l1-000073	struggle_damage	1	0	1	1	p1	105	observed damage 14 on vileplume from deoxysdefense struggle (crit=False) not in the PS-exact roll set (nearest delta -3; max_roll 21)
i-01985411e051508a0	b008/g13/20260812T061906-l4-000073	struggle_damage	2	0	2	2	p2	9	observed damage 14 on porygon2 from gothitelle struggle (crit=False) not in the PS-exact roll set (nearest delta -3; max_roll 21)
i-01985411e051508a0	b008/g3/20260812T061906-l1-000010	bellydrum_sitrus	0	1	0	1	p1	8	observed item loss (Sitrus Berry) on opp but no branch removes it
i-01985411e051508a0	b008/g7/20260812T061906-l4-000042	struggle_damage	3	0	3	3	p1	91	observed damage 22 on milotic from keldeoresolute struggle (crit=False) not in the PS-exact roll set (nearest delta -4; max_roll 31)
i-01985411e051508a0	b008/g8/20260812T061906-l2-000029	bellydrum_sitrus	0	1	0	1	p1	20	observed item loss (Sitrus Berry) on opp but no branch removes it
i-01985411e051508a0	b009/g1/20260812T063220-l4-000008	bellydrum_sitrus	0	1	0	1	p2	3	observed item loss (Sitrus Berry) on opp but no branch removes it
i-01985411e051508a0	b009/g2/20260812T063220-l5-000084	ko_margin_soft	0	1	0	1	p1	12	observed slp on opp but no branch applies it [ko-margin]
i-01985411e051508a0	b009/g3/20260812T063220-l4-000025	other_categorical	2	0	0	2	p1	23	observed - def on opp but no branch produces it
i-01985411e051508a0	b009/g4/20260812T063220-l6-000035	struggle_damage	3	0	3	3	p2	29	observed damage 30 on salazzle from politoed struggle (crit=False) not in the PS-exact roll set (nearest delta -9; max_roll 47)
i-01985411e051508a0	b009/g7/20260812T063220-l6-000014	struggle_damage	2	0	2	2	p2	52	observed damage 25 on sylveon from gardevoir struggle (crit=False) not in the PS-exact roll set (nearest delta -5; max_roll 36)
i-01b1acfae12a2458f	b000/g15/20260812T065020-l2-000010	other_damage_rollset	3	0	3	3	p1	24	observed damage 99 on clefable from necrozma photongeyser (crit=False) not in the PS-exact roll set (nearest delta -13; max_roll 133)
i-01b1acfae12a2458f	b000/g5/20260812T065020-l2-000002	struggle_damage	2	0	2	2	p1	15	observed damage 26 on chandelure from typhlosion struggle (crit=False) not in the PS-exact roll set (nearest delta -3; max_roll 35)
i-01bf39e3c9478af89	b000/g1/20260812T042527-l2-000016	bellydrum_sitrus	0	1	0	1	p1	12	observed item loss (Sitrus Berry) on opp but no branch removes it
i-01bf39e3c9478af89	b000/g4/20260812T042527-l2-000050	other_categorical	1	0	0	1	p2	27	observed - spa on user but no branch produces it
i-01bf39e3c9478af89	b000/g9/20260812T042527-l5-000042	bellydrum_sitrus	0	1	0	1	p2	17	observed item loss (Sitrus Berry) on opp but no branch removes it
i-01bf39e3c9478af89	b001/g0/20260812T043817-l1-000019	bellydrum_sitrus	0	2	0	2	p2	1	observed item loss (Sitrus Berry) on opp but no branch removes it
i-01bf39e3c9478af89	b001/g1/20260812T043817-l5-000077	revival_blessing	1	0	0	1	p2	19	observed item loss (Heavy-Duty Boots) on opp but no branch removes it
i-01bf39e3c9478af89	b001/g2/20260812T043817-l2-000088	bellydrum_sitrus	0	1	0	1	p2	12	observed item loss (Sitrus Berry) on opp but no branch removes it
i-01bf39e3c9478af89	b001/g3/20260812T043817-l1-000079	struggle_damage	2	0	2	2	p1	118	observed damage 24 on suicune from phione struggle (crit=False) not in the PS-exact roll set (nearest delta -4; max_roll 33)
i-01bf39e3c9478af89	b001/g5/20260812T043817-l6-000094	revival_blessing	2	0	0	2	p2	17	observed + spa on user but no branch produces it
i-01bf39e3c9478af89	b001/g7/20260812T043817-l6-000086	struggle_damage	2	0	2	2	p2	81	observed damage 12 on deoxysdefense from umbreon struggle (crit=False) not in the PS-exact roll set (nearest delta -4; max_roll 19)
i-01bf39e3c9478af89	b002/g10/20260812T045148-l3-000050	revival_blessing	1	2	0	3	p1	19	observed slp on user but no branch applies it
i-01bf39e3c9478af89	b002/g11/20260812T045148-l3-000016	revival_blessing	1	0	0	1	p2	16	observed - spd on opp but no branch produces it
i-01bf39e3c9478af89	b002/g14/20260812T045148-l2-000077	bellydrum_sitrus	0	1	0	1	p1	2	observed item loss (Sitrus Berry) on opp but no branch removes it
i-01bf39e3c9478af89	b002/g5/20260812T045148-l4-000043	struggle_damage	1	0	1	1	p1	65	observed damage 34 on heracross from sceptile struggle (crit=False) not in the PS-exact roll set (nearest delta -3; max_roll 44)
i-01bf39e3c9478af89	b002/g9/20260812T045148-l5-000039	struggle_damage	1	0	1	1	p2	23	observed damage 62 on chansey from typhlosion struggle (crit=False) not in the PS-exact roll set (nearest delta -5; max_roll 79)
i-01bf39e3c9478af89	b003/g0/20260812T050507-l2-000021	struggle_damage	15	0	15	15	p2	36	observed damage 24 on suicune from lapras struggle (crit=False) not in the PS-exact roll set (nearest delta -3; max_roll 32)
i-01bf39e3c9478af89	b003/g0/20260812T050507-l3-000028	revival_blessing	0	1	0	1	p1	94	observed heal on user but no branch heals it
i-01bf39e3c9478af89	b003/g11/20260812T050507-l3-000077	ko_margin_soft	0	1	0	1	p2	29	observed slp on opp but no branch applies it [ko-margin]
i-01bf39e3c9478af89	b003/g14/20260812T050507-l5-000024	struggle_damage	3	0	3	3	p2	25	observed damage 22 on gothitelle from ludicolo struggle (crit=False) not in the PS-exact roll set (nearest delta -5; max_roll 32)
i-01bf39e3c9478af89	b003/g14/20260812T050507-l6-000043	ko_margin_soft	0	1	0	1	p2	15	observed brn on opp but no branch applies it [ko-margin]
i-01bf39e3c9478af89	b003/g15/20260812T050507-l2-000037	revival_blessing	1	0	0	1	p2	9	observed + def on user but no branch produces it
i-01bf39e3c9478af89	b003/g7/20260812T050507-l3-000030	ko_margin_soft	0	1	0	1	p1	13	observed tox on user but no branch applies it [ko-margin]
i-01bf39e3c9478af89	b003/g8/20260812T050507-l6-000048	struggle_damage	1	0	1	1	p1	40	observed damage 20 on reuniclus from cresselia struggle (crit=False) not in the PS-exact roll set (nearest delta -6; max_roll 31)
i-01bf39e3c9478af89	b004/g12/20260812T051805-l5-000054	struggle_damage	1	0	1	1	p1	107	observed damage 21 on hypno from screamtail struggle (crit=False) not in the PS-exact roll set (nearest delta -5; max_roll 31)
i-01bf39e3c9478af89	b004/g2/20260812T051805-l1-000066	ko_margin_soft	0	1	0	1	p1	38	observed slp on opp but no branch applies it [ko-margin]
i-01bf39e3c9478af89	b004/g4/20260812T051805-l2-000007	struggle_damage	1	0	1	1	p1	26	observed damage 17 on vikavolt from ironcrown struggle (crit=False) not in the PS-exact roll set (nearest delta -6; max_roll 28)
i-01bf39e3c9478af89	b004/g4/20260812T051805-l4-000010	ko_margin_soft	0	1	0	1	p1	7	observed slp on opp but no branch applies it [ko-margin]
i-01bf39e3c9478af89	b005/g12/20260812T053120-l2-000044	ko_margin_soft	0	1	0	1	p1	23	observed + spe on opp but no branch produces it [ko-margin]
i-01bf39e3c9478af89	b005/g13/20260812T053120-l5-000028	other_categorical	0	1	0	1	p2	58	observed heal on user but no branch heals it
i-01bf39e3c9478af89	b005/g14/20260812T053120-l4-000018	other_categorical	1	0	0	1	p1	29	observed - atk on user but no branch produces it
i-01bf39e3c9478af89	b005/g2/20260812T053120-l1-000046	struggle_damage	1	0	1	1	p1	33	observed damage 27 on sylveon from delphox struggle (crit=False) not in the PS-exact roll set (nearest delta -5; max_roll 38)
i-01bf39e3c9478af89	b005/g3/20260812T053120-l2-000059	bellydrum_sitrus	0	2	0	2	p2	32	observed item loss (Sitrus Berry) on opp but no branch removes it
i-01bf39e3c9478af89	b005/g6/20260812T053120-l1-000090	struggle_damage	1	0	1	1	p1	114	observed damage 57 on chansey from arboliva struggle (crit=False) not in the PS-exact roll set (nearest delta -11; max_roll 81)
i-01bf39e3c9478af89	b005/g9/20260812T053120-l2-000021	struggle_damage	1	0	1	1	p1	103	observed damage 28 on ceruledge from tropius struggle (crit=False) not in the PS-exact roll set (nearest delta -6; max_roll 41)
i-01bf39e3c9478af89	b006/g1/20260812T054434-l6-000006	revival_blessing	1	0	0	1	p2	17	observed volatile Salt Cure start on opp but no branch applies it
i-01bf39e3c9478af89	b006/g4/20260812T054434-l1-000028	bellydrum_sitrus	0	1	0	1	p2	1	observed heal on opp but no branch heals it
i-01bf39e3c9478af89	b006/g9/20260812T054434-l6-000091	struggle_damage	1	0	1	1	p2	19	observed damage 31 on froslass from kyuremwhite struggle (crit=False) not in the PS-exact roll set (nearest delta -3; max_roll 41)
i-01bf39e3c9478af89	b007/g12/20260812T055738-l2-000053	other_categorical	1	0	0	1	p2	39	observed + spa on opp but no branch produces it
i-01bf39e3c9478af89	b007/g12/20260812T055738-l3-000091	struggle_damage	3	0	3	3	p1	18	observed damage 11 on forretress from gholdengo struggle (crit=False) not in the PS-exact roll set (nearest delta -3; max_roll 17)
i-01bf39e3c9478af89	b007/g13/20260812T055738-l3-000060	struggle_damage	1	0	1	1	p1	117	observed damage 14 on glaceon from cresselia struggle (crit=False) not in the PS-exact roll set (nearest delta -4; max_roll 22)
i-01bf39e3c9478af89	b007/g14/20260812T055738-l5-000013	struggle_damage	1	0	1	1	p2	109	observed damage 21 on chandelure from vaporeon struggle (crit=False) not in the PS-exact roll set (nearest delta -5; max_roll 31)
i-01bf39e3c9478af89	b007/g3/20260812T055738-l5-000036	struggle_damage	3	0	3	3	p1	136	observed damage 5 on empoleon from blissey struggle (crit=False) not in the PS-exact roll set (nearest delta -6; max_roll 14)
i-01bf39e3c9478af89	b007/g5/20260812T055738-l6-000088	bellydrum_sitrus	0	2	0	2	p1	9	observed item loss (Sitrus Berry) on opp but no branch removes it
i-01bf39e3c9478af89	b007/g6/20260812T055738-l1-000064	revival_blessing	1	0	0	1	p1	8	observed item loss (Heavy-Duty Boots) on opp but no branch removes it
i-01bf39e3c9478af89	b007/g8/20260812T055738-l2-000002	struggle_damage	1	0	1	1	p1	9	observed damage 22 on gothitelle from ludicolo struggle (crit=False) not in the PS-exact roll set (nearest delta -5; max_roll 32)
i-01bf39e3c9478af89	b007/g9/20260812T055738-l2-000089	other_categorical	1	0	0	1	p2	13	observed side-condition stealthrock change on opp but no branch produces it
i-01bf39e3c9478af89	b008/g0/20260812T061434-l2-000072	struggle_damage	1	0	1	1	p2	25	observed damage 15 on uxie from chimecho struggle (crit=False) not in the PS-exact roll set (nearest delta -4; max_roll 23)
i-01bf39e3c9478af89	b008/g12/20260812T061434-l6-000032	ko_margin_soft	0	1	0	1	p2	14	observed + spe on opp but no branch produces it [ko-margin]
i-01bf39e3c9478af89	b008/g13/20260812T061434-l6-000079	bellydrum_sitrus	0	1	0	1	p1	8	observed item loss (Sitrus Berry) on opp but no branch removes it
i-01bf39e3c9478af89	b008/g14/20260812T061434-l5-000010	bellydrum_sitrus	0	1	0	1	p2	9	observed item loss (Sitrus Berry) on opp but no branch removes it
i-01bf39e3c9478af89	b008/g3/20260812T061434-l1-000051	struggle_damage	1	0	1	1	p2	16	observed damage 15 on grumpig from palkia struggle (crit=False) not in the PS-exact roll set (nearest delta -3; max_roll 21)
i-01bf39e3c9478af89	b008/g3/20260812T061434-l5-000019	struggle_damage	1	0	1	1	p2	45	observed damage 49 on chansey from magnezone struggle (crit=False) not in the PS-exact roll set (nearest delta -10; max_roll 70)
i-01bf39e3c9478af89	b008/g9/20260812T061434-l2-000027	revival_blessing	0	1	0	1	p1	8	observed heal on user but no branch heals it
i-01bf39e3c9478af89	b009/g1/20260812T062746-l2-000064	struggle_damage	1	0	1	1	p1	32	observed damage 12 on duraludon from delphox struggle (crit=False) not in the PS-exact roll set (nearest delta -3; max_roll 18)
i-01bf39e3c9478af89	b009/g13/20260812T062746-l1-000079	struggle_damage	2	0	2	2	p2	110	observed damage 26 on milotic from giratina struggle (crit=False) not in the PS-exact roll set (nearest delta -4; max_roll 36)
i-01bf39e3c9478af89	b009/g14/20260812T062746-l5-000063	struggle_damage	2	0	2	2	p1	36	observed damage 19 on giratina from delphox struggle (crit=False) not in the PS-exact roll set (nearest delta -3; max_roll 27)
i-01bf39e3c9478af89	b009/g6/20260812T062746-l3-000049	ko_margin_soft	0	1	0	1	p2	21	observed slp on opp but no branch applies it [ko-margin]
i-01bf39e3c9478af89	b009/g7/20260812T062746-l6-000082	struggle_damage	2	0	2	2	p2	106	observed damage 20 on latias from screamtail struggle (crit=False) not in the PS-exact roll set (nearest delta -6; max_roll 31)
i-01c0cbf75c89ba9a8	b000/g11/20260812T042517-l3-000061	struggle_damage	1	0	1	1	p1	16	observed damage 19 on tinkaton from miraidon struggle (crit=False) not in the PS-exact roll set (nearest delta -3; max_roll 26)
i-01c0cbf75c89ba9a8	b000/g14/20260812T042517-l1-000049	struggle_damage	1	0	1	1	p1	156	observed damage 13 on whimsicott from screamtail struggle (crit=False) not in the PS-exact roll set (nearest delta -4; max_roll 21)
i-01c0cbf75c89ba9a8	b000/g3/20260812T042517-l2-000009	revival_blessing	2	0	0	2	p2	29	observed + atk on user but no branch produces it
i-01c0cbf75c89ba9a8	b000/g5/20260812T042517-l5-000063	struggle_damage	3	0	3	3	p1	93	observed damage 21 on suicune from lapras struggle (crit=False) not in the PS-exact roll set (nearest delta -6; max_roll 32)
i-01c0cbf75c89ba9a8	b000/g6/20260812T042517-l5-000085	other_categorical	0	1	0	1	p2	33	observed heal on opp but no branch heals it
i-01c0cbf75c89ba9a8	b000/g8/20260812T042517-l1-000024	ko_margin_soft	0	1	0	1	p2	29	observed - spd on user but no branch produces it [ko-margin]
i-01c0cbf75c89ba9a8	b000/g8/20260812T042517-l2-000007	revival_blessing	1	0	0	1	p1	14	observed weather SUN but no branch sets it
i-01c0cbf75c89ba9a8	b000/g9/20260812T042517-l4-000020	struggle_damage	1	0	1	1	p2	28	observed damage 22 on ironhands from ludicolo struggle (crit=False) not in the PS-exact roll set (nearest delta -6; max_roll 33)
i-01c0cbf75c89ba9a8	b001/g0/20260812T043833-l2-000040	revival_blessing	1	0	0	1	p1	9	observed volatile Salt Cure start on opp but no branch applies it
i-01c0cbf75c89ba9a8	b001/g1/20260812T043833-l1-000051	struggle_damage	1	0	1	1	p1	18	observed damage 15 on annihilape from typhlosionhisui struggle (crit=False) not in the PS-exact roll set (nearest delta -2; max_roll 21)
i-01c0cbf75c89ba9a8	b001/g4/20260812T043833-l2-000022	bellydrum_sitrus	0	1	0	1	p2	13	observed item loss (Sitrus Berry) on opp but no branch removes it
i-01c0cbf75c89ba9a8	b001/g8/20260812T043833-l3-000067	struggle_damage	4	0	4	4	p2	103	observed damage 17 on dachsbun from tropius struggle (crit=False) not in the PS-exact roll set (nearest delta -5; max_roll 27)
i-01c0cbf75c89ba9a8	b001/g8/20260812T043833-l5-000032	struggle_damage	2	0	2	2	p2	84	observed damage 5 on chimecho from chimecho struggle (crit=False) not in the PS-exact roll set (nearest delta -2; max_roll 9)
i-01c0cbf75c89ba9a8	b002/g11/20260812T045142-l3-000073	struggle_damage	1	0	1	1	p2	83	observed damage 26 on ironhands from shaymin struggle (crit=False) not in the PS-exact roll set (nearest delta -3; max_roll 35)
i-01c0cbf75c89ba9a8	b002/g15/20260812T045142-l5-000073	bellydrum_sitrus	0	1	0	1	p1	13	observed item loss (Sitrus Berry) on opp but no branch removes it
i-01c0cbf75c89ba9a8	b002/g7/20260812T045142-l4-000004	bellydrum_sitrus	0	1	0	1	p2	2	observed item loss (Sitrus Berry) on opp but no branch removes it
i-01c0cbf75c89ba9a8	b003/g0/20260812T050456-l3-000023	bellydrum_sitrus	0	1	0	1	p1	12	observed item loss (Sitrus Berry) on opp but no branch removes it
i-01c0cbf75c89ba9a8	b003/g0/20260812T050456-l4-000013	struggle_damage	1	0	1	1	p2	114	observed damage 17 on ironbundle from umbreon struggle (crit=False) not in the PS-exact roll set (nearest delta -5; max_roll 26)
i-01c0cbf75c89ba9a8	b003/g5/20260812T050456-l1-000019	other_categorical	1	0	0	1	p2	47	observed par on opp but no branch applies it
i-01c0cbf75c89ba9a8	b003/g5/20260812T050456-l3-000033	bellydrum_sitrus	0	2	0	2	p1	3	observed item loss (Sitrus Berry) on opp but no branch removes it
i-01c0cbf75c89ba9a8	b003/g5/20260812T050456-l4-000047	struggle_damage	1	0	1	1	p2	100	observed damage 48 on clodsire from tropius struggle (crit=True) not in the PS-exact roll set (nearest delta -13; max_roll 72)
i-01c0cbf75c89ba9a8	b003/g8/20260812T050456-l6-000091	struggle_damage	2	0	2	2	p1	27	observed damage 2 on gothitelle from blissey struggle (crit=False) not in the PS-exact roll set (nearest delta -3; max_roll 6)
i-01c0cbf75c89ba9a8	b004/g11/20260812T051818-l2-000093	struggle_damage	2	0	2	2	p2	83	observed damage 5 on chimecho from chimecho struggle (crit=False) not in the PS-exact roll set (nearest delta -2; max_roll 9)
i-01c0cbf75c89ba9a8	b004/g11/20260812T051818-l3-000074	struggle_damage	1	0	1	1	p1	20	observed damage 25 on toucannon from typhlosionhisui struggle (crit=False) not in the PS-exact roll set (nearest delta -6; max_roll 37)
i-01c0cbf75c89ba9a8	b004/g13/20260812T051818-l1-000001	revival_blessing	5	0	0	5	p1	17	observed - def on user but no branch produces it
i-01c0cbf75c89ba9a8	b004/g15/20260812T051818-l4-000080	bellydrum_sitrus	0	2	0	2	p1	1	observed item loss (Sitrus Berry) on opp but no branch removes it
i-01c0cbf75c89ba9a8	b004/g2/20260812T051818-l1-000025	other_categorical	1	0	0	1	p1	23	observed + spa on opp but no branch produces it
i-01c0cbf75c89ba9a8	b004/g2/20260812T051818-l6-000039	other_categorical	1	0	0	1	p2	9	protocol shows opp immune but every branch damages it with the move (damage provenance)
i-01c0cbf75c89ba9a8	b004/g3/20260812T051818-l4-000088	struggle_damage	1	0	1	1	p1	15	observed damage 32 on dudunsparcethreesegment from hydreigon struggle (crit=False) not in the PS-exact roll set (nearest delta -2; max_roll 40)
i-01c0cbf75c89ba9a8	b004/g4/20260812T051818-l3-000063	struggle_damage	1	0	1	1	p1	47	observed damage 8 on suicune from cresselia struggle (crit=False) not in the PS-exact roll set (nearest delta -2; max_roll 12)
i-01c0cbf75c89ba9a8	b004/g6/20260812T051818-l3-000084	bellydrum_sitrus	1	1	0	2	p2	2	observed item loss (Sitrus Berry) on opp but no branch removes it
i-01c0cbf75c89ba9a8	b004/g7/20260812T051818-l6-000094	ko_margin_soft	0	1	0	1	p1	21	observed slp on opp but no branch applies it [ko-margin]
i-01c0cbf75c89ba9a8	b005/g11/20260812T053129-l6-000092	struggle_damage	1	0	1	1	p1	24	observed damage 36 on bellibolt from exeggutoralola struggle (crit=False) not in the PS-exact roll set (nearest delta -2; max_roll 45)
i-01c0cbf75c89ba9a8	b005/g12/20260812T053129-l2-000010	ko_margin_soft	0	2	0	2	p2	41	observed + spa on opp but no branch produces it [ko-margin]
i-01c0cbf75c89ba9a8	b005/g13/20260812T053129-l5-000053	struggle_damage	1	0	1	1	p2	97	observed damage 13 on torkoal from sylveon struggle (crit=False) not in the PS-exact roll set (nearest delta -4; max_roll 21)
i-01c0cbf75c89ba9a8	b005/g2/20260812T053129-l5-000026	struggle_damage	1	0	1	1	p2	231	observed damage 17 on toxapex from vileplume struggle (crit=False) not in the PS-exact roll set (nearest delta -3; max_roll 24)
i-01c0cbf75c89ba9a8	b005/g2/20260812T053129-l6-000011	struggle_damage	1	0	1	1	p1	151	observed damage 15 on porygon2 from vaporeon struggle (crit=False) not in the PS-exact roll set (nearest delta -3; max_roll 22)
i-01c0cbf75c89ba9a8	b005/g4/20260812T053129-l1-000001	struggle_damage	1	0	1	1	p1	75	observed damage 4 on deoxysdefense from noctowl struggle (crit=False) not in the PS-exact roll set (nearest delta -1; max_roll 6)
i-01c0cbf75c89ba9a8	b005/g4/20260812T053129-l4-000068	other_categorical	1	0	0	1	p2	17	observed tox on user but no branch applies it
i-01c0cbf75c89ba9a8	b005/g4/20260812T053129-l6-000093	revival_blessing	1	0	0	1	p1	14	observed volatile Leech Seed start on opp but no branch applies it
i-01c0cbf75c89ba9a8	b005/g8/20260812T053129-l5-000068	struggle_damage	3	0	3	3	p1	67	observed damage 4 on bastiodon from palossand struggle (crit=False) not in the PS-exact roll set (nearest delta -1; max_roll 6)
i-01c0cbf75c89ba9a8	b005/g8/20260812T053129-l6-000046	struggle_damage	1	0	1	1	p1	9	observed damage 30 on dugtrio from espeon struggle (crit=False) not in the PS-exact roll set (nearest delta -6; max_roll 43)
i-01c0cbf75c89ba9a8	b006/g1/20260812T054520-l4-000089	ko_margin_soft	0	1	0	1	p2	26	observed slp on opp but no branch applies it [ko-margin]
i-01c0cbf75c89ba9a8	b006/g4/20260812T054520-l1-000070	struggle_damage	1	0	1	1	p2	140	observed damage 10 on milotic from milotic struggle (crit=False) not in the PS-exact roll set (nearest delta -2; max_roll 15)
i-01c0cbf75c89ba9a8	b006/g8/20260812T054520-l4-000058	struggle_damage	1	0	1	1	p1	42	observed damage 16 on trevenant from gholdengo struggle (crit=False) not in the PS-exact roll set (nearest delta -5; max_roll 25)
i-01c0cbf75c89ba9a8	b007/g1/20260812T060253-l3-000063	bellydrum_sitrus	0	2	0	2	p2	3	observed item loss (Sitrus Berry) on opp but no branch removes it
i-01c0cbf75c89ba9a8	b007/g12/20260812T060253-l4-000070	struggle_damage	9	0	9	9	p1+p2	92	observed damage 24 on sylveon from chimecho struggle (crit=False) not in the PS-exact roll set (nearest delta -7; max_roll 37)
i-01c0cbf75c89ba9a8	b007/g14/20260812T060253-l3-000003	struggle_damage	2	0	2	2	p2	122	observed damage 24 on clefable from alcremiesaltedcream struggle (crit=False) not in the PS-exact roll set (nearest delta -7; max_roll 37)
i-01c0cbf75c89ba9a8	b007/g2/20260812T060253-l4-000056	bellydrum_sitrus	0	1	0	1	p2	4	observed item loss (Sitrus Berry) on opp but no branch removes it
i-01c0cbf75c89ba9a8	b007/g4/20260812T060253-l3-000093	other_damage_rollset	1	0	1	1	p2	12	observed damage 168 on irontreads from yanmega terablast (crit=False) not in the PS-exact roll set (nearest delta +42; max_roll 126)
i-01c0cbf75c89ba9a8	b007/g4/20260812T060253-l6-000010	struggle_damage	1	0	1	1	p1	15	observed damage 13 on polteageist from ludicolo struggle (crit=False) not in the PS-exact roll set (nearest delta -4; max_roll 20)
i-01c0cbf75c89ba9a8	b007/g5/20260812T060253-l3-000087	struggle_damage	1	0	1	1	p2	38	observed damage 12 on uxie from comfey struggle (crit=False) not in the PS-exact roll set (nearest delta -5; max_roll 20)
i-01c0cbf75c89ba9a8	b007/g6/20260812T060253-l5-000042	struggle_damage	2	0	2	2	p2	58	observed damage 24 on arbok from oranguru struggle (crit=False) not in the PS-exact roll set (nearest delta -8; max_roll 38)
i-01c0cbf75c89ba9a8	b007/g9/20260812T060253-l3-000077	struggle_damage	3	0	3	3	p1	107	observed damage 27 on dachsbun from vileplume struggle (crit=True) not in the PS-exact roll set (nearest delta -7; max_roll 40)
i-01c0cbf75c89ba9a8	b008/g1/20260812T061624-l2-000009	struggle_damage	1	0	1	1	p1	20	observed damage 22 on clawitzer from raikou struggle (crit=False) not in the PS-exact roll set (nearest delta -5; max_roll 32)
i-01c0cbf75c89ba9a8	b008/g11/20260812T061624-l2-000089	struggle_damage	3	0	3	3	p2	78	observed damage 22 on latios from screamtail struggle (crit=False) not in the PS-exact roll set (nearest delta -6; max_roll 34)
i-01c0cbf75c89ba9a8	b008/g4/20260812T061624-l2-000050	bellydrum_sitrus	0	2	0	2	p2	18	observed item loss (Sitrus Berry) on opp but no branch removes it
i-01c0cbf75c89ba9a8	b008/g7/20260812T061624-l1-000012	other_categorical	1	0	0	1	p2	7	observed + spa on opp but no branch produces it
i-01c0cbf75c89ba9a8	b008/g8/20260812T061624-l6-000032	struggle_damage	2	0	2	2	p1	29	observed damage 42 on furret from empoleon struggle (crit=False) not in the PS-exact roll set (nearest delta -9; max_roll 60)
i-01c0cbf75c89ba9a8	b009/g13/20260812T063123-l5-000023	struggle_damage	1	0	1	1	p2	159	observed damage 18 on jirachi from chimecho struggle (crit=False) not in the PS-exact roll set (nearest delta -6; max_roll 29)
i-01c0cbf75c89ba9a8	b009/g15/20260812T063124-l1-000001	bellydrum_sitrus	0	1	0	1	p2	13	observed item loss (Sitrus Berry) on opp but no branch removes it
i-01c0cbf75c89ba9a8	b009/g4/20260812T063123-l2-000002	struggle_damage	1	0	1	1	p2	22	observed damage 24 on florgesyellow from delphox struggle (crit=False) not in the PS-exact roll set (nearest delta -7; max_roll 37)
i-01c0cbf75c89ba9a8	b009/g6/20260812T063123-l4-000058	ko_margin_soft	0	1	0	1	p2	15	observed - def on opp but no branch produces it [ko-margin]
i-01c0cbf75c89ba9a8	b009/g9/20260812T063123-l3-000015	struggle_damage	2	0	2	2	p2	30	observed damage 21 on screamtail from ludicolo struggle (crit=False) not in the PS-exact roll set (nearest delta -7; max_roll 33)
i-0228028815f804974	b000/g10/20260812T042537-l1-000084	other_categorical	1	0	0	1	p1	45	observed - spd on user but no branch produces it
i-0228028815f804974	b000/g2/20260812T042537-l3-000055	struggle_damage	2	0	2	2	p2	18	observed damage 41 on sylveon from magmortar struggle (crit=False) not in the PS-exact roll set (nearest delta -3; max_roll 52)
i-0228028815f804974	b000/g3/20260812T042537-l5-000067	struggle_damage	3	0	3	3	p1	104	observed damage 23 on irontreads from palossand struggle (crit=False) not in the PS-exact roll set (nearest delta -3; max_roll 31)
i-0228028815f804974	b000/g4/20260812T042537-l5-000036	struggle_damage	1	0	1	1	p2	62	observed damage 25 on comfey from lunala struggle (crit=False) not in the PS-exact roll set (nearest delta -1; max_roll 31)
i-0228028815f804974	b001/g0/20260812T044043-l6-000072	struggle_damage	2	0	2	2	p1	118	observed damage 16 on umbreon from milotic struggle (crit=False) not in the PS-exact roll set (nearest delta -4; max_roll 24)
i-0228028815f804974	b001/g10/20260812T044043-l6-000039	struggle_damage	1	0	1	1	p1	48	observed damage 22 on suicune from ludicolo struggle (crit=False) not in the PS-exact roll set (nearest delta -3; max_roll 30)
i-0228028815f804974	b001/g14/20260812T044043-l2-000027	struggle_damage	2	0	2	2	p1	73	observed damage 12 on terapagosstellar from palossand struggle (crit=False) not in the PS-exact roll set (nearest delta -2; max_roll 16)
i-0228028815f804974	b001/g2/20260812T044043-l3-000052	struggle_damage	1	0	1	1	p2	51	observed damage 20 on glimmora from chimecho struggle (crit=False) not in the PS-exact roll set (nearest delta -8; max_roll 33)
i-0228028815f804974	b001/g2/20260812T044043-l3-000070	struggle_damage	3	0	3	3	p1	17	observed damage 23 on gothitelle from typhlosion struggle (crit=False) not in the PS-exact roll set (nearest delta -3; max_roll 31)
i-0228028815f804974	b001/g3/20260812T044043-l5-000007	bellydrum_sitrus	0	1	0	1	p2	23	observed item loss (Sitrus Berry) on opp but no branch removes it
i-0228028815f804974	b001/g4/20260812T044043-l1-000062	struggle_damage	1	0	1	1	p2	15	observed damage 13 on mimikyubusted from miraidon struggle (crit=False) not in the PS-exact roll set (nearest delta -2; max_roll 18)
i-0228028815f804974	b002/g11/20260812T045659-l1-000011	ko_margin_soft	0	1	0	1	p2	17	observed - atk on user but no branch produces it [ko-margin]
i-0228028815f804974	b002/g12/20260812T045659-l2-000084	struggle_damage	1	0	1	1	p2	50	observed damage 16 on snorlax from mismagius struggle (crit=False) not in the PS-exact roll set (nearest delta -5; max_roll 25)
i-0228028815f804974	b002/g15/20260812T045659-l2-000084	bellydrum_sitrus	0	2	0	2	p2	6	observed item loss (Sitrus Berry) on opp but no branch removes it
i-0228028815f804974	b002/g15/20260812T045659-l3-000083	ko_margin_soft	0	1	0	1	p2	34	observed slp on opp but no branch applies it [ko-margin]
i-0228028815f804974	b002/g15/20260812T045659-l6-000062	struggle_damage	2	0	2	2	p2	110	observed damage 12 on froslass from suicune struggle (crit=False) not in the PS-exact roll set (nearest delta -2; max_roll 17)
i-0228028815f804974	b002/g2/20260812T045659-l1-000012	struggle_damage	1	0	1	1	p1	84	observed damage 93 on chansey from necrozmadawnwings struggle (crit=True) not in the PS-exact roll set (nearest delta -12; max_roll 124)
i-0228028815f804974	b003/g0/20260812T051005-l2-000028	struggle_damage	1	0	1	1	p1	97	observed damage 24 on terrakion from suicune struggle (crit=False) not in the PS-exact roll set (nearest delta -3; max_roll 32)
i-0228028815f804974	b003/g12/20260812T051005-l4-000026	struggle_damage,bellydrum_sitrus	1	1	1	2	p1+p2	23	observed damage 32 on gumshoos from raichu struggle (crit=False) not in the PS-exact roll set (nearest delta -8; max_roll 48)
i-0228028815f804974	b003/g13/20260812T051005-l2-000020	ko_margin_soft	0	1	0	1	p1	19	observed volatile Yawn start on user but no branch applies it [ko-margin]
i-0228028815f804974	b003/g2/20260812T051005-l5-000018	struggle_damage	1	0	1	1	p2	11	observed damage 31 on breloom from palkia struggle (crit=False) not in the PS-exact roll set (nearest delta -3; max_roll 41)
i-0228028815f804974	b003/g6/20260812T051005-l4-000086	bellydrum_sitrus	0	2	0	2	p2	1	observed item loss (Sitrus Berry) on opp but no branch removes it
i-0228028815f804974	b003/g9/20260812T051005-l1-000087	struggle_damage	1	0	1	1	p1	28	observed damage 33 on chimecho from exeggutoralola struggle (crit=False) not in the PS-exact roll set (nearest delta -5; max_roll 45)
i-0228028815f804974	b003/g9/20260812T051005-l3-000034	bellydrum_sitrus	0	1	0	1	p1	8	observed item loss (Sitrus Berry) on opp but no branch removes it
i-0228028815f804974	b004/g0/20260812T052336-l1-000015	revival_blessing	1	0	0	1	p2	20	observed par on opp but no branch applies it
i-0228028815f804974	b004/g0/20260812T052336-l1-000052	bellydrum_sitrus	0	1	0	1	p1	8	observed item loss (Sitrus Berry) on opp but no branch removes it
i-0228028815f804974	b004/g1/20260812T052336-l2-000081	struggle_damage	1	0	1	1	p1	14	observed damage 18 on raikou from miraidon struggle (crit=False) not in the PS-exact roll set (nearest delta -4; max_roll 26)
i-0228028815f804974	b004/g11/20260812T052336-l3-000047	other_categorical	1	0	0	1	p2	26	observed + spa on opp but no branch produces it
i-0228028815f804974	b004/g2/20260812T052336-l5-000054	revival_blessing	1	0	0	1	p2	32	observed item loss (Heavy-Duty Boots) on opp but no branch removes it
i-0228028815f804974	b004/g8/20260812T052336-l2-000032	revival_blessing	1	0	0	1	p2	7	observed - def on opp but no branch produces it
i-0228028815f804974	b004/g8/20260812T052336-l4-000019	struggle_damage	1	0	1	1	p2	144	observed damage 24 on screamtail from slowking struggle (crit=False) not in the PS-exact roll set (nearest delta -4; max_roll 33)
i-0228028815f804974	b004/g9/20260812T052336-l3-000084	struggle_damage	2	0	2	2	p2	64	observed damage 25 on farigiraf from lunala struggle (crit=False) not in the PS-exact roll set (nearest delta -4; max_roll 35)
i-0228028815f804974	b005/g11/20260812T053700-l1-000008	bellydrum_sitrus	0	1	0	1	p2	13	observed item loss (Sitrus Berry) on opp but no branch removes it
i-0228028815f804974	b005/g13/20260812T053700-l3-000047	other_damage_rollset	1	0	1	1	p2	12	observed damage 42 on hatterene from necrozma photongeyser (crit=False) not in the PS-exact roll set (nearest delta -3; max_roll 54)
i-0228028815f804974	b005/g3/20260812T053700-l6-000066	ko_margin_soft	0	1	0	1	p1	40	observed slp on opp but no branch applies it [ko-margin]
i-0228028815f804974	b005/g4/20260812T053700-l5-000040	ko_margin_soft	0	1	0	1	p2	30	observed slp on opp but no branch applies it [ko-margin]
i-0228028815f804974	b005/g6/20260812T053700-l2-000026	struggle_damage	3	0	3	3	p2	30	observed damage 12 on deoxysdefense from gothitelle struggle (crit=False) not in the PS-exact roll set (nearest delta -4; max_roll 19)
i-0228028815f804974	b005/g8/20260812T053700-l4-000004	revival_blessing,ko_margin_soft,bellydrum_sitrus	2	2	0	4	p1+p2	14	observed + spa on user but no branch produces it
i-0228028815f804974	b005/g9/20260812T053700-l6-000055	struggle_damage	1	0	1	1	p2	48	observed damage 29 on corviknight from appletun struggle (crit=False) not in the PS-exact roll set (nearest delta -4; max_roll 39)
i-0228028815f804974	b006/g0/20260812T054942-l4-000009	struggle_damage	13	0	13	13	p2	158	observed damage 12 on sandaconda from arboliva struggle (crit=False) not in the PS-exact roll set (nearest delta -4; max_roll 19)
i-0228028815f804974	b006/g11/20260812T054942-l6-000028	struggle_damage	1	0	1	1	p1	146	observed damage 21 on screamtail from slowkinggalar struggle (crit=False) not in the PS-exact roll set (nearest delta -2; max_roll 28)
i-0228028815f804974	b006/g12/20260812T054942-l3-000072	struggle_damage	1	0	1	1	p2	80	observed damage 27 on decidueyehisui from arboliva struggle (crit=False) not in the PS-exact roll set (nearest delta -4; max_roll 37)
i-0228028815f804974	b006/g2/20260812T054942-l5-000075	ko_margin_soft	0	1	0	1	p1	14	observed slp on opp but no branch applies it [ko-margin]
i-0228028815f804974	b006/g4/20260812T054942-l4-000090	struggle_damage	1	0	1	1	p1	15	observed damage 12 on suicune from palkia struggle (crit=False) not in the PS-exact roll set (nearest delta -1; max_roll 16)
i-0228028815f804974	b006/g5/20260812T054942-l1-000076	other_categorical	1	0	0	1	p1	4	observed par on opp but no branch applies it
i-0228028815f804974	b006/g9/20260812T054942-l3-000082	struggle_damage	1	0	1	1	p1	31	observed damage 31 on articuno from hoopa struggle (crit=False) not in the PS-exact roll set (nearest delta -3; max_roll 40)
i-0228028815f804974	b007/g1/20260812T060325-l3-000056	struggle_damage	1	0	1	1	p2	70	observed damage 31 on hawlucha from sceptile struggle (crit=False) not in the PS-exact roll set (nearest delta -6; max_roll 44)
i-0228028815f804974	b007/g10/20260812T060325-l4-000067	ko_margin_soft	0	1	0	1	p2	59	observed + spe on opp but no branch produces it [ko-margin]
i-0228028815f804974	b008/g0/20260812T061626-l5-000028	struggle_damage	1	0	1	1	p1	24	observed damage 21 on spectrier from gholdengo struggle (crit=False) not in the PS-exact roll set (nearest delta -7; max_roll 34)
i-0228028815f804974	b008/g11/20260812T061626-l3-000074	struggle_damage	1	0	1	1	p1	134	observed damage 19 on decidueye from carbink struggle (crit=False) not in the PS-exact roll set (nearest delta -7; max_roll 31)
i-0228028815f804974	b008/g11/20260812T061626-l6-000008	struggle_damage	2	0	2	2	p1	159	observed damage 35 on cryogonal from bastiodon struggle (crit=True) not in the PS-exact roll set (nearest delta -14; max_roll 58)
i-0228028815f804974	b008/g14/20260812T061626-l2-000049	struggle_damage	1	0	1	1	p2	26	observed damage 23 on bombirdier from kyogre struggle (crit=False) not in the PS-exact roll set (nearest delta -2; max_roll 30)
i-0228028815f804974	b008/g2/20260812T061626-l4-000087	struggle_damage	1	0	1	1	p2	25	observed damage 23 on tatsugiri from gengar struggle (crit=False) not in the PS-exact roll set (nearest delta -6; max_roll 35)
i-0228028815f804974	b008/g3/20260812T061626-l6-000069	revival_blessing	1	0	0	1	p2	10	observed side-condition toxicspikes change on opp but no branch produces it
i-0228028815f804974	b008/g7/20260812T061626-l3-000040	struggle_damage	3	0	3	3	p1	51	observed damage 26 on phione from lapras struggle (crit=False) not in the PS-exact roll set (nearest delta -6; max_roll 38)
i-0228028815f804974	b008/g8/20260812T061626-l3-000093	ko_margin_soft	0	2	0	2	p2	8	observed slp on user but no branch applies it [ko-margin]
i-0228028815f804974	b008/g9/20260812T061626-l5-000048	struggle_damage	1	0	1	1	p2	25	observed damage 30 on zangoose from chandelure struggle (crit=True) not in the PS-exact roll set (nearest delta -13; max_roll 51)
i-0228028815f804974	b009/g10/20260812T062947-l3-000075	ko_margin_soft	0	1	0	1	p2	8	observed - def on opp but no branch produces it [ko-margin]
i-0228028815f804974	b009/g11/20260812T062947-l3-000013	struggle_damage	1	0	1	1	p1	36	observed damage 13 on snorlax from mismagius struggle (crit=False) not in the PS-exact roll set (nearest delta -3; max_roll 19)
i-0228028815f804974	b009/g13/20260812T062947-l2-000092	ko_margin_soft	0	1	0	1	p1	38	observed + spe on opp but no branch produces it [ko-margin]
i-0228028815f804974	b009/g4/20260812T062947-l3-000055	bellydrum_sitrus	0	1	0	1	p2	9	observed item loss (Sitrus Berry) on opp but no branch removes it
i-0228028815f804974	b009/g7/20260812T062947-l5-000059	struggle_damage	1	0	1	1	p1	163	observed damage 6 on dondozo from arboliva struggle (crit=False) not in the PS-exact roll set (nearest delta -1; max_roll 9)
i-0228028815f804974	b009/g9/20260812T062947-l4-000004	struggle_damage	3	0	3	3	p2	109	observed damage 15 on tropius from gholdengo struggle (crit=False) not in the PS-exact roll set (nearest delta -4; max_roll 23)
i-0228028815f804974	b009/g9/20260812T062947-l6-000062	struggle_damage	1	0	1	1	p2	41	observed damage 14 on clodsire from miraidon struggle (crit=False) not in the PS-exact roll set (nearest delta -3; max_roll 21)
i-02461ba690317159c	b000/g1/20260812T065008-l3-000055	struggle_damage	1	0	1	1	p2	18	observed damage 30 on raikou from hydreigon struggle (crit=False) not in the PS-exact roll set (nearest delta -6; max_roll 43)
i-02461ba690317159c	b000/g1/20260812T065008-l6-000006	struggle_damage	4	0	4	4	p1	99	observed damage 36 on noctowl from palossand struggle (crit=False) not in the PS-exact roll set (nearest delta -3; max_roll 47)
i-02461ba690317159c	b000/g8/20260812T065008-l6-000042	ko_margin_soft	0	1	0	1	p1	31	observed + spe on opp but no branch produces it [ko-margin]
i-025f6a209c33d9371	b000/g10/20260812T042552-l2-000009	bellydrum_sitrus	0	1	0	1	p1	33	observed item loss (Sitrus Berry) on opp but no branch removes it
i-025f6a209c33d9371	b000/g15/20260812T042552-l4-000058	struggle_damage	2	0	2	2	p1	76	observed damage 24 on moltres from arboliva struggle (crit=False) not in the PS-exact roll set (nearest delta -7; max_roll 37)
i-025f6a209c33d9371	b000/g2/20260812T042552-l2-000019	bellydrum_sitrus	0	1	0	1	p2	4	observed item loss (Sitrus Berry) on opp but no branch removes it
i-025f6a209c33d9371	b000/g5/20260812T042552-l3-000060	bellydrum_sitrus	0	1	0	1	p1	6	observed heal on opp but no branch heals it
i-025f6a209c33d9371	b000/g5/20260812T042552-l5-000094	ko_margin_soft	0	1	0	1	p1	22	observed + spa on opp but no branch produces it [ko-margin]
i-025f6a209c33d9371	b000/g9/20260812T042552-l5-000094	bellydrum_sitrus	1	1	0	2	p2	7	observed item loss (Sitrus Berry) on opp but no branch removes it
i-025f6a209c33d9371	b001/g10/20260812T043918-l4-000009	struggle_damage	1	0	1	1	p1	87	observed damage 25 on cyclizar from pecharunt struggle (crit=False) not in the PS-exact roll set (nearest delta -7; max_roll 38)
i-025f6a209c33d9371	b001/g10/20260812T043918-l5-000084	ko_margin_soft	0	1	0	1	p2	12	observed - spd on user but no branch produces it [ko-margin]
i-025f6a209c33d9371	b001/g12/20260812T043918-l1-000029	struggle_damage	1	0	1	1	p2	74	observed damage 25 on hydreigon from arboliva struggle (crit=False) not in the PS-exact roll set (nearest delta -6; max_roll 37)
i-025f6a209c33d9371	b001/g12/20260812T043918-l6-000021	struggle_damage	1	0	1	1	p1	36	observed damage 17 on mesprit from chimecho struggle (crit=False) not in the PS-exact roll set (nearest delta -5; max_roll 27)
i-025f6a209c33d9371	b001/g14/20260812T043918-l1-000053	struggle_damage	1	0	1	1	p1	88	observed damage 12 on moltres from lunala struggle (crit=False) not in the PS-exact roll set (nearest delta -2; max_roll 16)
i-025f6a209c33d9371	b001/g14/20260812T043918-l2-000063	struggle_damage	2	0	2	2	p2	101	observed damage 35 on brambleghast from exeggutor struggle (crit=False) not in the PS-exact roll set (nearest delta -6; max_roll 49)
i-025f6a209c33d9371	b001/g4/20260812T043918-l2-000061	struggle_damage	1	0	1	1	p2	45	observed damage 20 on moltres from screamtail struggle (crit=False) not in the PS-exact roll set (nearest delta -5; max_roll 30)
i-025f6a209c33d9371	b002/g0/20260812T045301-l1-000044	struggle_damage	3	0	3	3	p2	82	observed damage 5 on eternatus from blissey struggle (crit=False) not in the PS-exact roll set (nearest delta -7; max_roll 15)
i-025f6a209c33d9371	b002/g0/20260812T045301-l6-000015	bellydrum_sitrus	0	1	0	1	p1	20	observed par on opp but no branch applies it [ko-margin]
i-025f6a209c33d9371	b002/g15/20260812T045301-l4-000067	struggle_damage	1	0	1	1	p1	105	observed damage 23 on alcremierainbowswirl from lugia struggle (crit=False) not in the PS-exact roll set (nearest delta -3; max_roll 31)
i-025f6a209c33d9371	b002/g15/20260812T045301-l6-000081	struggle_damage	1	0	1	1	p1	96	observed damage 8 on suicune from milotic struggle (crit=False) not in the PS-exact roll set (nearest delta -1; max_roll 11)
i-025f6a209c33d9371	b002/g5/20260812T045301-l3-000057	struggle_damage	1	0	1	1	p1	22	observed damage 17 on glastrier from typhlosion struggle (crit=False) not in the PS-exact roll set (nearest delta -5; max_roll 26)
i-025f6a209c33d9371	b002/g7/20260812T045301-l5-000061	ko_margin_soft	0	2	0	2	p2	29	observed slp on user but no branch applies it [ko-margin]
i-025f6a209c33d9371	b003/g1/20260812T050611-l6-000077	revival_blessing	1	0	0	1	p1	15	observed volatile Salt Cure start on opp but no branch applies it
i-025f6a209c33d9371	b003/g5/20260812T050611-l3-000014	other_damage_rollset	4	0	4	4	p1	33	observed damage 30 on hatterene from alcremie terablast (crit=False) not in the PS-exact roll set (nearest delta -30; max_roll 72)
i-025f6a209c33d9371	b004/g1/20260812T051907-l4-000004	revival_blessing	1	0	0	1	p2	15	observed - spa on user but no branch produces it
i-025f6a209c33d9371	b004/g10/20260812T051907-l1-000033	struggle_damage	1	0	1	1	p1	24	observed damage 41 on chansey from chandelure struggle (crit=False) not in the PS-exact roll set (nearest delta -9; max_roll 59)
i-025f6a209c33d9371	b004/g12/20260812T051907-l6-000044	struggle_damage	1	0	1	1	p1	17	observed damage 31 on clefable from ludicolo struggle (crit=False) not in the PS-exact roll set (nearest delta -3; max_roll 41)
i-025f6a209c33d9371	b004/g14/20260812T051907-l1-000087	struggle_damage	1	0	1	1	p1	111	observed damage 31 on dudunsparce from bronzong struggle (crit=False) not in the PS-exact roll set (nearest delta -6; max_roll 44)
i-025f6a209c33d9371	b004/g2/20260812T051907-l4-000035	bellydrum_sitrus	0	1	0	1	p2	12	observed item loss (Sitrus Berry) on opp but no branch removes it
i-025f6a209c33d9371	b005/g10/20260812T053158-l1-000094	struggle_damage	1	0	1	1	p1	153	observed damage 20 on vileplume from umbreon struggle (crit=False) not in the PS-exact roll set (nearest delta -5; max_roll 30)
i-025f6a209c33d9371	b005/g14/20260812T053158-l5-000090	struggle_damage	3	0	3	3	p2	98	observed damage 48 on clodsire from latias struggle (crit=True) not in the PS-exact roll set (nearest delta -3; max_roll 61)
i-025f6a209c33d9371	b005/g15/20260812T053158-l4-000013	struggle_damage	2	0	2	2	p2	133	observed damage 14 on grimmsnarl from deoxysdefense struggle (crit=False) not in the PS-exact roll set (nearest delta -3; max_roll 20)
i-025f6a209c33d9371	b005/g15/20260812T053158-l4-000048	struggle_damage	1	0	1	1	p1	80	observed damage 4 on deoxysdefense from umbreon struggle (crit=False) not in the PS-exact roll set (nearest delta -1; max_roll 6)
i-025f6a209c33d9371	b005/g15/20260812T053158-l6-000006	struggle_damage	1	0	1	1	p2	31	observed damage 19 on illumise from chandelure struggle (crit=False) not in the PS-exact roll set (nearest delta -3; max_roll 27)
i-025f6a209c33d9371	b005/g3/20260812T053158-l5-000005	struggle_damage	2	0	2	2	p2	54	observed damage 21 on gogoat from miraidon struggle (crit=False) not in the PS-exact roll set (nearest delta -2; max_roll 28)
i-025f6a209c33d9371	b005/g5/20260812T053158-l3-000007	struggle_damage	1	0	1	1	p2	107	observed damage 9 on suicune from sylveon struggle (crit=False) not in the PS-exact roll set (nearest delta -2; max_roll 13)
i-025f6a209c33d9371	b006/g0/20260812T054536-l2-000027	bellydrum_sitrus	0	2	0	2	p2	1	observed item loss (Sitrus Berry) on opp but no branch removes it
i-025f6a209c33d9371	b006/g13/20260812T054536-l5-000009	ko_margin_soft	0	1	0	1	p2	6	observed slp on opp but no branch applies it [ko-margin]
i-025f6a209c33d9371	b006/g15/20260812T054536-l4-000091	struggle_damage	1	0	1	1	p2	157	observed damage 15 on dipplin from wigglytuff struggle (crit=False) not in the PS-exact roll set (nearest delta -3; max_roll 22)
i-025f6a209c33d9371	b006/g8/20260812T054536-l3-000055	ko_margin_soft	0	1	0	1	p2	43	observed + spe on opp but no branch produces it [ko-margin]
i-025f6a209c33d9371	b006/g9/20260812T054536-l4-000093	revival_blessing	1	0	0	1	p2	20	observed side-condition stealthrock change on opp but no branch produces it
i-025f6a209c33d9371	b007/g0/20260812T060232-l1-000032	struggle_damage	1	0	1	1	p1	16	observed damage 19 on uxie from bellossom struggle (crit=False) not in the PS-exact roll set (nearest delta -3; max_roll 26)
i-025f6a209c33d9371	b007/g0/20260812T060232-l2-000055	bellydrum_sitrus	0	1	0	1	p2	14	observed item loss (Sitrus Berry) on opp but no branch removes it
i-025f6a209c33d9371	b007/g15/20260812T060232-l2-000061	struggle_damage	2	0	2	2	p1	84	observed damage 25 on glaceon from appletun struggle (crit=False) not in the PS-exact roll set (nearest delta -2; max_roll 32)
i-025f6a209c33d9371	b007/g6/20260812T060232-l5-000038	struggle_damage	2	0	2	2	p1+p2	67	observed damage 30 on venusaur from sceptile struggle (crit=False) not in the PS-exact roll set (nearest delta -3; max_roll 39)
i-025f6a209c33d9371	b007/g7/20260812T060232-l3-000085	struggle_damage	1	0	1	1	p2	65	observed damage 27 on brambleghast from hydrapple struggle (crit=False) not in the PS-exact roll set (nearest delta -5; max_roll 38)
i-025f6a209c33d9371	b007/g7/20260812T060232-l6-000079	struggle_damage	1	0	1	1	p1	20	observed damage 25 on banette from raikou struggle (crit=False) not in the PS-exact roll set (nearest delta -6; max_roll 37)
i-025f6a209c33d9371	b008/g11/20260812T061914-l6-000008	struggle_damage	1	0	1	1	p2	149	observed damage 19 on piloswine from vileplume struggle (crit=False) not in the PS-exact roll set (nearest delta -3; max_roll 26)
i-025f6a209c33d9371	b008/g5/20260812T061914-l3-000037	struggle_damage	2	0	2	2	p2	48	observed damage 22 on vaporeon from gardevoir struggle (crit=False) not in the PS-exact roll set (nearest delta -9; max_roll 37)
i-025f6a209c33d9371	b008/g6/20260812T061914-l5-000057	struggle_damage	1	0	1	1	p1	90	observed damage 17 on mabosstiff from chimecho struggle (crit=False) not in the PS-exact roll set (nearest delta -7; max_roll 29)
i-025f6a209c33d9371	b008/g7/20260812T061914-l1-000001	struggle_damage	2	0	2	2	p1	97	observed damage 22 on swampert from tropius struggle (crit=False) not in the PS-exact roll set (nearest delta -7; max_roll 35)
i-025f6a209c33d9371	b008/g8/20260812T061914-l4-000004	ko_margin_soft	0	1	0	1	p2	26	observed + spe on opp but no branch produces it [ko-margin]
i-025f6a209c33d9371	b009/g10/20260812T063423-l2-000044	struggle_damage	1	0	1	1	p1	27	observed damage 7 on registeel from hydreigon struggle (crit=False) not in the PS-exact roll set (nearest delta -1; max_roll 10)
i-02f01ed666ca9089c	b000/g10/20260812T042518-l3-000045	other_categorical	1	0	0	1	p1	15	observed brn on opp but no branch applies it
i-02f01ed666ca9089c	b000/g14/20260812T042518-l5-000082	struggle_damage	2	0	2	2	p2	51	observed damage 42 on phione from volcanion struggle (crit=False) not in the PS-exact roll set (nearest delta -6; max_roll 57)
i-02f01ed666ca9089c	b000/g3/20260812T042518-l4-000025	other_damage_rollset	2	0	2	2	p2	31	observed damage 42 on florgesorange from alcremielemoncream terablast (crit=False) not in the PS-exact roll set (nearest delta -34; max_roll 90)
i-02f01ed666ca9089c	b000/g8/20260812T042518-l3-000075	revival_blessing	1	0	0	1	p1	11	observed + def on user but no branch produces it
i-02f01ed666ca9089c	b001/g11/20260812T043826-l1-000043	struggle_damage	4	0	4	4	p1+p2	88	observed damage 10 on rotomwash from giratina struggle (crit=False) not in the PS-exact roll set (nearest delta -2; max_roll 14)
i-02f01ed666ca9089c	b001/g3/20260812T043826-l2-000064	bellydrum_sitrus	0	1	0	1	p1	5	observed item loss (Sitrus Berry) on opp but no branch removes it
i-02f01ed666ca9089c	b002/g0/20260812T045205-l4-000067	struggle_damage	1	0	1	1	p2	33	observed damage 21 on chimecho from florgesblue struggle (crit=False) not in the PS-exact roll set (nearest delta -4; max_roll 30)
i-02f01ed666ca9089c	b002/g10/20260812T045205-l1-000091	bellydrum_sitrus	0	1	0	1	p1	4	observed item loss (Sitrus Berry) on opp but no branch removes it
i-02f01ed666ca9089c	b002/g10/20260812T045205-l2-000022	bellydrum_sitrus	0	1	0	1	p2	3	observed item loss (Sitrus Berry) on opp but no branch removes it
i-02f01ed666ca9089c	b002/g12/20260812T045205-l1-000049	ko_margin_soft	0	1	0	1	p1	23	observed + spe on opp but no branch produces it [ko-margin]
i-02f01ed666ca9089c	b002/g14/20260812T045205-l1-000056	struggle_damage	5	0	5	5	p2	94	observed damage 21 on sylveon from comfey struggle (crit=False) not in the PS-exact roll set (nearest delta -7; max_roll 33)
i-02f01ed666ca9089c	b002/g2/20260812T045205-l1-000022	struggle_damage	3	0	3	3	p2	104	observed damage 18 on wochien from arboliva struggle (crit=False) not in the PS-exact roll set (nearest delta -3; max_roll 25)
i-02f01ed666ca9089c	b002/g4/20260812T045205-l5-000005	struggle_damage	1	0	1	1	p2	109	observed damage 31 on blissey from sylveon struggle (crit=False) not in the PS-exact roll set (nearest delta -6; max_roll 44)
i-02f01ed666ca9089c	b002/g9/20260812T045205-l3-000065	struggle_damage	2	0	2	2	p1	132	observed damage 17 on luxray from bellossom struggle (crit=False) not in the PS-exact roll set (nearest delta -3; max_roll 24)
i-02f01ed666ca9089c	b003/g0/20260812T050451-l3-000069	bellydrum_sitrus	0	1	0	1	p2	18	observed heal on user but no branch heals it
i-02f01ed666ca9089c	b003/g1/20260812T050451-l1-000085	struggle_damage	5	0	5	5	p1	93	observed damage 21 on tinglu from arboliva struggle (crit=False) not in the PS-exact roll set (nearest delta -4; max_roll 30)
i-02f01ed666ca9089c	b003/g10/20260812T050451-l3-000076	struggle_damage	2	0	2	2	p1	94	observed damage 7 on dachsbun from umbreon struggle (crit=False) not in the PS-exact roll set (nearest delta -2; max_roll 11)
i-02f01ed666ca9089c	b003/g14/20260812T050451-l5-000031	ko_margin_soft	0	2	0	2	p1	23	observed + spa on opp but no branch produces it [ko-margin]
i-02f01ed666ca9089c	b003/g3/20260812T050451-l6-000074	struggle_damage	2	0	2	2	p1	30	observed damage 25 on sunflora from delphox struggle (crit=False) not in the PS-exact roll set (nearest delta -5; max_roll 36)
i-02f01ed666ca9089c	b003/g6/20260812T050451-l5-000012	struggle_damage	3	0	3	3	p2	30	observed damage 30 on kilowattrel from rotommow struggle (crit=False) not in the PS-exact roll set (nearest delta -4; max_roll 41)
i-02f01ed666ca9089c	b003/g9/20260812T050451-l4-000032	bellydrum_sitrus	0	1	0	1	p2	16	observed item loss (Sitrus Berry) on opp but no branch removes it
i-02f01ed666ca9089c	b003/g9/20260812T050451-l6-000068	struggle_damage	1	0	1	1	p1	122	observed damage 44 on azelf from bellossom struggle (crit=True) not in the PS-exact roll set (nearest delta -7; max_roll 61)
i-02f01ed666ca9089c	b004/g1/20260812T051800-l4-000013	bellydrum_sitrus	0	1	0	1	p2	5	observed item loss (Sitrus Berry) on opp but no branch removes it
i-02f01ed666ca9089c	b004/g14/20260812T051800-l6-000006	struggle_damage	1	0	1	1	p2	19	observed damage 16 on uxie from latias struggle (crit=False) not in the PS-exact roll set (nearest delta -3; max_roll 23)
i-02f01ed666ca9089c	b004/g2/20260812T051800-l1-000030	struggle_damage	4	0	4	4	p2	89	observed damage 20 on vileplume from suicune struggle (crit=False) not in the PS-exact roll set (nearest delta -6; max_roll 31)
i-02f01ed666ca9089c	b004/g4/20260812T051800-l1-000058	struggle_damage	1	0	1	1	p2	23	observed damage 21 on rotomheat from typhlosion struggle (crit=False) not in the PS-exact roll set (nearest delta -5; max_roll 31)
i-02f01ed666ca9089c	b005/g1/20260812T053128-l4-000036	struggle_damage	1	0	1	1	p2	80	observed damage 32 on espathra from arboliva struggle (crit=False) not in the PS-exact roll set (nearest delta -9; max_roll 49)
i-02f01ed666ca9089c	b005/g1/20260812T053128-l4-000068	other_categorical	1	0	0	1	p1	15	observed par on opp but no branch applies it
i-02f01ed666ca9089c	b005/g12/20260812T053128-l6-000062	struggle_damage	1	0	1	1	p1	93	observed damage 4 on gothitelle from blissey struggle (crit=False) not in the PS-exact roll set (nearest delta -6; max_roll 12)
i-02f01ed666ca9089c	b005/g15/20260812T053128-l2-000077	struggle_damage	1	0	1	1	p2	103	observed damage 40 on sylveon from florgeswhite struggle (crit=True) not in the PS-exact roll set (nearest delta -8; max_roll 57)
i-02f01ed666ca9089c	b005/g4/20260812T053128-l2-000051	struggle_damage	2	0	2	2	p2	50	observed damage 16 on palossand from oranguru struggle (crit=False) not in the PS-exact roll set (nearest delta -6; max_roll 27)
i-02f01ed666ca9089c	b005/g4/20260812T053128-l4-000048	revival_blessing	2	0	0	2	p2	14	observed par on opp but no branch applies it
i-02f01ed666ca9089c	b005/g6/20260812T053128-l2-000040	struggle_damage	2	0	2	2	p2	87	observed damage 24 on fezandipiti from bellossom struggle (crit=False) not in the PS-exact roll set (nearest delta -7; max_roll 37)
i-02f01ed666ca9089c	b005/g8/20260812T053128-l2-000002	struggle_damage	4	0	4	4	p1	41	observed damage 60 on blissey from gardevoir struggle (crit=False) not in the PS-exact roll set (nearest delta -11; max_roll 84)
i-02f01ed666ca9089c	b006/g1/20260812T054436-l5-000049	struggle_damage	1	0	1	1	p2	20	observed damage 48 on reuniclus from lapras struggle (crit=True) not in the PS-exact roll set (nearest delta -3; max_roll 61)
i-02f01ed666ca9089c	b006/g10/20260812T054436-l3-000051	revival_blessing	1	0	0	1	p1	30	observed volatile Salt Cure start on opp but no branch applies it
i-02f01ed666ca9089c	b006/g10/20260812T054436-l6-000083	bellydrum_sitrus	0	1	0	1	p2	14	observed item loss (Sitrus Berry) on opp but no branch removes it
i-02f01ed666ca9089c	b006/g12/20260812T054436-l4-000066	struggle_damage	1	0	1	1	p1	98	observed damage 4 on gothitelle from blissey struggle (crit=False) not in the PS-exact roll set (nearest delta -6; max_roll 12)
i-02f01ed666ca9089c	b006/g12/20260812T054436-l6-000011	ko_margin_soft	0	1	0	1	p2	14	observed slp on user but no branch applies it [ko-margin]
i-02f01ed666ca9089c	b006/g12/20260812T054436-l6-000043	other_categorical	1	0	0	1	p1	27	observed - spa on user but no branch produces it
i-02f01ed666ca9089c	b006/g13/20260812T054436-l1-000061	struggle_damage	1	0	1	1	p2	22	observed damage 48 on kyurem from magmortar struggle (crit=True) not in the PS-exact roll set (nearest delta -8; max_roll 67)
i-02f01ed666ca9089c	b006/g14/20260812T054436-l2-000016	revival_blessing	0	1	0	1	p1	5	observed heal on user but no branch heals it
i-02f01ed666ca9089c	b006/g15/20260812T054436-l2-000069	bellydrum_sitrus	0	1	0	1	p2	4	observed item loss (Sitrus Berry) on opp but no branch removes it
i-02f01ed666ca9089c	b006/g15/20260812T054436-l6-000078	struggle_damage	2	0	2	2	p2	52	observed damage 18 on oranguru from cresselia struggle (crit=False) not in the PS-exact roll set (nearest delta -5; max_roll 28)
i-02f01ed666ca9089c	b006/g9/20260812T054436-l4-000023	bellydrum_sitrus	0	1	0	1	p2	2	observed item loss (Sitrus Berry) on opp but no branch removes it
i-02f01ed666ca9089c	b007/g10/20260812T055732-l4-000004	revival_blessing	1	0	0	1	p2	3	observed side-condition stealthrock change on opp but no branch produces it
i-02f01ed666ca9089c	b007/g10/20260812T055732-l5-000013	struggle_damage	5	0	5	5	p1+p2	61	observed damage 17 on giratina from keldeoresolute struggle (crit=False) not in the PS-exact roll set (nearest delta -4; max_roll 25)
i-02f01ed666ca9089c	b007/g15/20260812T055732-l1-000069	bellydrum_sitrus	0	1	0	1	p1	5	observed item loss (Sitrus Berry) on opp but no branch removes it
i-02f01ed666ca9089c	b007/g2/20260812T055732-l4-000032	ko_margin_soft	0	5	0	5	p2	2	observed - def on opp but no branch produces it [ko-margin]
i-02f01ed666ca9089c	b007/g4/20260812T055732-l5-000063	struggle_damage	2	0	2	2	p1	88	observed damage 17 on poliwrath from latias struggle (crit=False) not in the PS-exact roll set (nearest delta -6; max_roll 28)
i-02f01ed666ca9089c	b007/g6/20260812T055732-l5-000005	bellydrum_sitrus	0	2	0	2	p1	1	observed item loss (Sitrus Berry) on opp but no branch removes it
i-02f01ed666ca9089c	b007/g8/20260812T055732-l6-000011	struggle_damage	1	0	1	1	p2	61	observed damage 13 on kricketune from deoxysdefense struggle (crit=False) not in the PS-exact roll set (nearest delta -4; max_roll 20)
i-02f01ed666ca9089c	b008/g0/20260812T061054-l1-000072	struggle_damage	3	0	3	3	p1	119	observed damage 24 on ironjugulis from vaporeon struggle (crit=False) not in the PS-exact roll set (nearest delta -4; max_roll 34)
i-02f01ed666ca9089c	b008/g10/20260812T061054-l2-000035	struggle_damage	1	0	1	1	p2	17	observed damage 32 on gardevoir from lunala struggle (crit=False) not in the PS-exact roll set (nearest delta -2; max_roll 40)
i-02f01ed666ca9089c	b008/g10/20260812T061054-l5-000026	revival_blessing	2	0	0	2	p1	12	observed par on opp but no branch applies it
i-02f01ed666ca9089c	b008/g5/20260812T061054-l3-000065	revival_blessing	0	1	0	1	p1	13	observed heal on user but no branch heals it
i-02f01ed666ca9089c	b008/g8/20260812T061054-l6-000032	struggle_damage	1	0	1	1	p2	122	observed damage 7 on kilowattrel from blissey struggle (crit=False) not in the PS-exact roll set (nearest delta -8; max_roll 18)
i-02f01ed666ca9089c	b009/g10/20260812T062426-l2-000059	struggle_damage	1	0	1	1	p1	15	observed damage 19 on chimecho from delphox struggle (crit=False) not in the PS-exact roll set (nearest delta -6; max_roll 30)
i-02f01ed666ca9089c	b009/g11/20260812T062426-l1-000015	struggle_damage	2	0	2	2	p2	14	observed damage 21 on palkiaorigin from kyogre struggle (crit=False) not in the PS-exact roll set (nearest delta -5; max_roll 31)
i-02f01ed666ca9089c	b009/g13/20260812T062426-l1-000063	struggle_damage	2	0	2	2	p1	114	observed damage 4 on misdreavus from blissey struggle (crit=False) not in the PS-exact roll set (nearest delta -5; max_roll 11)
i-02f01ed666ca9089c	b009/g7/20260812T062426-l3-000093	bellydrum_sitrus	0	1	0	1	p1	17	observed item loss (Sitrus Berry) on opp but no branch removes it
i-02f01ed666ca9089c	b009/g9/20260812T062426-l2-000071	other_categorical	1	0	0	1	p1	2	observed item loss (Focus Sash) on opp but no branch removes it [membership 0/10 legal actions reproduce]
i-036da1f4e48e8e9b6	b000/g14/20260812T065016-l6-000046	ko_margin_soft	0	2	0	2	p2	47	observed + spa on opp but no branch produces it [ko-margin]
i-036da1f4e48e8e9b6	b000/g3/20260812T065016-l2-000042	struggle_damage	3	0	3	3	p2	115	observed damage 6 on vaporeon from blissey struggle (crit=False) not in the PS-exact roll set (nearest delta -8; max_roll 17)
i-036da1f4e48e8e9b6	b000/g9/20260812T065016-l3-000035	other_categorical	0	1	0	1	p1	18	observed heal on user but no branch heals it
i-036da1f4e48e8e9b6	b000/g9/20260812T065016-l4-000018	struggle_damage	2	0	2	2	p1	116	observed damage 24 on muk from bellossom struggle (crit=False) not in the PS-exact roll set (nearest delta -7; max_roll 37)
i-03b2652e9e4861e93	b000/g11/20260812T042529-l5-000082	struggle_damage	1	0	1	1	p2	30	observed damage 34 on pincurchin from necrozmadawnwings struggle (crit=False) not in the PS-exact roll set (nearest delta -2; max_roll 43)
i-03b2652e9e4861e93	b000/g12/20260812T042529-l6-000011	struggle_damage	1	0	1	1	p2	13	observed damage 33 on fluttermane from kyogre struggle (crit=False) not in the PS-exact roll set (nearest delta -6; max_roll 46)
i-03b2652e9e4861e93	b000/g6/20260812T042529-l3-000010	struggle_damage	2	0	2	2	p2	87	observed damage 7 on suicune from milotic struggle (crit=False) not in the PS-exact roll set (nearest delta -2; max_roll 11)
i-03b2652e9e4861e93	b000/g8/20260812T042529-l1-000055	struggle_damage	6	0	6	6	p1+p2	118	observed damage 15 on abomasnow from deoxysdefense struggle (crit=False) not in the PS-exact roll set (nearest delta -5; max_roll 24)
i-03b2652e9e4861e93	b000/g8/20260812T042529-l3-000057	struggle_damage	3	0	3	3	p1	98	observed damage 7 on carbink from lunala struggle (crit=False) not in the PS-exact roll set (nearest delta -2; max_roll 11)
i-03b2652e9e4861e93	b001/g10/20260812T043840-l2-000058	ko_margin_soft	0	1	0	1	p1	39	observed slp on opp but no branch applies it [ko-margin]
i-03b2652e9e4861e93	b001/g11/20260812T043840-l1-000009	revival_blessing	3	0	0	3	p2	18	observed - spe on user but no branch produces it
i-03b2652e9e4861e93	b001/g3/20260812T043840-l3-000063	bellydrum_sitrus	0	1	0	1	p2	8	observed heal on opp but no branch heals it
i-03b2652e9e4861e93	b001/g6/20260812T043840-l4-000021	struggle_damage	1	0	1	1	p2	162	observed damage 36 on jirachi from vileplume struggle (crit=True) not in the PS-exact roll set (nearest delta -7; max_roll 51)
i-03b2652e9e4861e93	b001/g9/20260812T043840-l1-000020	other_categorical	0	1	0	1	p2	53	observed heal on user but no branch heals it
i-03b2652e9e4861e93	b002/g0/20260812T045213-l5-000075	struggle_damage	2	0	2	2	p2	133	observed damage 17 on pecharunt from vileplume struggle (crit=False) not in the PS-exact roll set (nearest delta -3; max_roll 24)
i-03b2652e9e4861e93	b002/g1/20260812T045213-l1-000033	struggle_damage	1	0	1	1	p2	36	observed damage 30 on cryogonal from kyogre struggle (crit=False) not in the PS-exact roll set (nearest delta -4; max_roll 41)
i-03b2652e9e4861e93	b002/g10/20260812T045213-l1-000001	ko_margin_soft	0	1	0	1	p2	3	observed - spa on opp but no branch produces it [ko-margin]
i-03b2652e9e4861e93	b002/g12/20260812T045213-l6-000080	ko_margin_soft	0	1	0	1	p1	38	observed slp on opp but no branch applies it [ko-margin]
i-03b2652e9e4861e93	b002/g14/20260812T045213-l6-000030	struggle_damage	1	0	1	1	p2	23	observed damage 26 on cresselia from volcanion struggle (crit=False) not in the PS-exact roll set (nearest delta -2; max_roll 34)
i-03b2652e9e4861e93	b002/g4/20260812T045213-l6-000064	bellydrum_sitrus	0	1	0	1	p2	12	observed item loss (Sitrus Berry) on opp but no branch removes it
i-03b2652e9e4861e93	b002/g5/20260812T045213-l5-000011	struggle_damage	2	0	2	2	p1	25	observed damage 22 on umbreon from toxtricity struggle (crit=False) not in the PS-exact roll set (nearest delta -5; max_roll 32)
i-03b2652e9e4861e93	b002/g7/20260812T045213-l4-000061	ko_margin_soft	0	2	0	2	p1	12	observed slp on opp but no branch applies it [ko-margin]
i-03b2652e9e4861e93	b003/g1/20260812T050539-l6-000011	struggle_damage	8	0	8	8	p1+p2	106	observed damage 25 on sylveon from sylveon struggle (crit=False) not in the PS-exact roll set (nearest delta -7; max_roll 38)
i-03b2652e9e4861e93	b003/g4/20260812T050539-l6-000046	struggle_damage	3	0	3	3	p2	120	observed damage 21 on sinistcha from giratina struggle (crit=False) not in the PS-exact roll set (nearest delta -3; max_roll 29)
i-03b2652e9e4861e93	b003/g9/20260812T050539-l2-000018	revival_blessing	2	0	0	2	p1	8	observed - evasion on opp but no branch produces it
i-03b2652e9e4861e93	b004/g14/20260812T052040-l3-000071	bellydrum_sitrus	1	1	0	2	p1	6	observed item loss (Sitrus Berry) on opp but no branch removes it
i-03b2652e9e4861e93	b004/g2/20260812T052040-l2-000065	ko_margin_soft	0	1	0	1	p2	28	observed brn on user but no branch applies it [ko-margin]
i-03b2652e9e4861e93	b004/g3/20260812T052040-l6-000069	struggle_damage	1	0	1	1	p1	10	observed damage 17 on snorlax from typhlosionhisui struggle (crit=False) not in the PS-exact roll set (nearest delta -2; max_roll 23)
i-03b2652e9e4861e93	b004/g4/20260812T052040-l6-000030	bellydrum_sitrus	0	1	0	1	p2	1	observed heal on opp but no branch heals it
i-03b2652e9e4861e93	b004/g5/20260812T052040-l6-000065	other_categorical	0	1	0	1	p1	13	observed item loss (Sitrus Berry) on user but no branch removes it
i-03b2652e9e4861e93	b004/g7/20260812T052040-l1-000010	revival_blessing	1	0	0	1	p1	27	observed + def on user but no branch produces it
i-03b2652e9e4861e93	b004/g8/20260812T052040-l4-000045	struggle_damage	3	0	3	3	p2	98	observed damage 30 on amoonguss from vileplume struggle (crit=False) not in the PS-exact roll set (nearest delta -6; max_roll 43)
i-03b2652e9e4861e93	b005/g2/20260812T053401-l2-000056	ko_margin_soft	0	1	0	1	p1	21	observed slp on opp but no branch applies it [ko-margin]
i-03b2652e9e4861e93	b005/g2/20260812T053401-l3-000031	struggle_damage	1	0	1	1	p1	126	observed damage 19 on farigiraf from bastiodon struggle (crit=False) not in the PS-exact roll set (nearest delta -7; max_roll 31)
i-03b2652e9e4861e93	b005/g4/20260812T053401-l2-000055	bellydrum_sitrus	0	1	0	1	p1	22	observed item loss (Sitrus Berry) on opp but no branch removes it
i-03b2652e9e4861e93	b005/g6/20260812T053401-l3-000080	struggle_damage	4	0	4	4	p1	20	observed damage 10 on dondozo from lapras struggle (crit=False) not in the PS-exact roll set (nearest delta -1; max_roll 14)
i-03b2652e9e4861e93	b005/g7/20260812T053401-l4-000075	bellydrum_sitrus	0	1	0	1	p2	10	observed item loss (Sitrus Berry) on opp but no branch removes it
i-03b2652e9e4861e93	b005/g8/20260812T053401-l3-000037	revival_blessing	2	0	0	2	p1	12	observed par on opp but no branch applies it
i-03b2652e9e4861e93	b006/g10/20260812T054817-l6-000064	other_categorical	1	0	0	1	p2	17	observed par on opp but no branch applies it [membership 0/9 legal actions reproduce]
i-03b2652e9e4861e93	b006/g11/20260812T054817-l3-000071	struggle_damage	2	0	2	2	p1	15	observed damage 22 on suicune from volcanion struggle (crit=False) not in the PS-exact roll set (nearest delta -5; max_roll 32)
i-03b2652e9e4861e93	b006/g4/20260812T054817-l5-000077	ko_margin_soft	0	1	0	1	p2	33	observed + spe on opp but no branch produces it [ko-margin]
i-03b2652e9e4861e93	b006/g5/20260812T054817-l1-000015	bellydrum_sitrus	0	1	0	1	p1	26	observed heal on opp but no branch heals it
i-03b2652e9e4861e93	b006/g7/20260812T054817-l3-000014	bellydrum_sitrus	0	1	0	1	p1	8	observed heal on opp but no branch heals it
i-03b2652e9e4861e93	b007/g2/20260812T060328-l1-000082	struggle_damage	2	0	2	2	p1	113	observed damage 19 on arceusfairy from chimecho struggle (crit=False) not in the PS-exact roll set (nearest delta -5; max_roll 29)
i-03b2652e9e4861e93	b007/g4/20260812T060328-l4-000084	struggle_damage	3	0	3	3	p1+p2	80	observed damage 16 on suicune from vaporeon struggle (crit=False) not in the PS-exact roll set (nearest delta -6; max_roll 26)
i-03b2652e9e4861e93	b007/g4/20260812T060328-l6-000035	struggle_damage	1	0	1	1	p2	14	observed damage 35 on gengar from raikou struggle (crit=False) not in the PS-exact roll set (nearest delta -3; max_roll 45)
i-03b2652e9e4861e93	b007/g4/20260812T060328-l6-000052	struggle_damage	1	0	1	1	p1	30	observed damage 21 on garganacl from typhlosion struggle (crit=False) not in the PS-exact roll set (nearest delta -2; max_roll 28)
i-03b2652e9e4861e93	b008/g1/20260812T062107-l4-000093	struggle_damage	6	0	6	6	p1+p2	114	observed damage 20 on blastoise from sylveon struggle (crit=False) not in the PS-exact roll set (nearest delta -4; max_roll 29)
i-03b2652e9e4861e93	b008/g2/20260812T062107-l4-000074	struggle_damage	4	0	4	4	p2	83	observed damage 22 on sylveon from chimecho struggle (crit=False) not in the PS-exact roll set (nearest delta -9; max_roll 37)
i-03b2652e9e4861e93	b008/g3/20260812T062107-l4-000057	struggle_damage	1	0	1	1	p1	132	observed damage 19 on greattusk from chimecho struggle (crit=False) not in the PS-exact roll set (nearest delta -6; max_roll 30)
i-03b2652e9e4861e93	b008/g3/20260812T062107-l5-000016	ko_margin_soft	0	3	0	3	p1	22	observed slp on opp but no branch applies it [ko-margin]
i-03b2652e9e4861e93	b008/g7/20260812T062107-l3-000078	struggle_damage	3	0	3	3	p1	107	observed damage 14 on forretress from suicune struggle (crit=False) not in the PS-exact roll set (nearest delta -4; max_roll 22)
i-03b2652e9e4861e93	b008/g7/20260812T062107-l4-000045	struggle_damage	2	0	2	2	p1	64	observed damage 27 on articuno from shaymin struggle (crit=False) not in the PS-exact roll set (nearest delta -1; max_roll 34)
i-03b2652e9e4861e93	b008/g7/20260812T062107-l6-000029	struggle_damage	3	0	3	3	p2	157	observed damage 16 on toxapex from venusaur struggle (crit=False) not in the PS-exact roll set (nearest delta -3; max_roll 23)
i-03b2652e9e4861e93	b008/g9/20260812T062107-l6-000058	struggle_damage	1	0	1	1	p2	93	observed damage 4 on registeel from screamtail struggle (crit=False) not in the PS-exact roll set (nearest delta -1; max_roll 6)
i-03b2652e9e4861e93	b009/g1/20260812T063714-l5-000071	struggle_damage	2	0	2	2	p1	84	observed damage 13 on dusknoir from deoxysdefense struggle (crit=False) not in the PS-exact roll set (nearest delta -4; max_roll 21)
i-03b2652e9e4861e93	b009/g14/20260812T063714-l5-000021	other_categorical	1	0	0	1	p1	19	observed - spa on opp but no branch produces it
i-03b2652e9e4861e93	b009/g15/20260812T063714-l5-000020	struggle_damage	1	0	1	1	p1	23	observed damage 6 on bronzong from hoopa struggle (crit=False) not in the PS-exact roll set (nearest delta -2; max_roll 10)
i-03b2652e9e4861e93	b009/g5/20260812T063714-l5-000095	struggle_damage	1	0	1	1	p1	106	observed damage 20 on ampharos from cresselia struggle (crit=False) not in the PS-exact roll set (nearest delta -3; max_roll 28)
i-03b2652e9e4861e93	b009/g8/20260812T063714-l6-000045	bellydrum_sitrus	0	2	0	2	p1	1	observed item loss (Sitrus Berry) on opp but no branch removes it
i-03d51cb70dbbe5c47	b000/g0/20260812T065010-l4-000032	struggle_damage	3	0	3	3	p2	101	observed damage 22 on clefable from chimecho struggle (crit=False) not in the PS-exact roll set (nearest delta -7; max_roll 35)
i-03d51cb70dbbe5c47	b000/g1/20260812T065010-l4-000011	struggle_damage	4	0	4	4	p1	92	observed damage 19 on ursaring from palossand struggle (crit=False) not in the PS-exact roll set (nearest delta -4; max_roll 28)
i-03d51cb70dbbe5c47	b000/g11/20260812T065010-l3-000003	other_categorical	1	0	0	1	p1	34	observed volatile Heal Block start on opp but no branch applies it
i-03d51cb70dbbe5c47	b000/g12/20260812T065010-l2-000038	struggle_damage	3	0	3	3	p2	99	observed damage 28 on tatsugiri from vaporeon struggle (crit=False) not in the PS-exact roll set (nearest delta -5; max_roll 39)
i-03d51cb70dbbe5c47	b000/g3/20260812T065010-l4-000040	bellydrum_sitrus	0	1	0	1	p1	11	observed item loss (Sitrus Berry) on opp but no branch removes it
i-03d51cb70dbbe5c47	b000/g8/20260812T065010-l3-000054	struggle_damage	1	0	1	1	p1	29	observed damage 23 on articuno from toxtricity struggle (crit=False) not in the PS-exact roll set (nearest delta -5; max_roll 34)
i-03d51cb70dbbe5c47	b000/g9/20260812T065010-l3-000014	struggle_damage	1	0	1	1	p2	98	observed damage 17 on scyther from gholdengo struggle (crit=False) not in the PS-exact roll set (nearest delta -5; max_roll 26)
i-03dd65492a5903d87	b000/g14/20260812T042526-l2-000068	struggle_damage	1	0	1	1	p1	43	observed damage 20 on gothitelle from latias struggle (crit=False) not in the PS-exact roll set (nearest delta -2; max_roll 27)
i-03dd65492a5903d87	b000/g2/20260812T042526-l5-000012	bellydrum_sitrus	0	1	0	1	p2	11	observed item loss (Sitrus Berry) on opp but no branch removes it
i-03dd65492a5903d87	b000/g2/20260812T042526-l6-000078	struggle_damage	2	0	2	2	p2	121	observed damage 19 on comfey from sylveon struggle (crit=False) not in the PS-exact roll set (nearest delta -6; max_roll 30)
i-03dd65492a5903d87	b000/g4/20260812T042526-l6-000018	struggle_damage	1	0	1	1	p1	140	observed damage 31 on chienpao from bellossom struggle (crit=False) not in the PS-exact roll set (nearest delta -4; max_roll 42)
i-03dd65492a5903d87	b000/g7/20260812T042526-l3-000003	ko_margin_soft	0	1	0	1	p2	32	observed + spe on opp but no branch produces it [ko-margin]
i-03dd65492a5903d87	b000/g8/20260812T042526-l6-000038	bellydrum_sitrus	0	1	0	1	p2	9	observed item loss (Sitrus Berry) on opp but no branch removes it
i-03dd65492a5903d87	b001/g10/20260812T043810-l5-000061	struggle_damage	1	0	1	1	p1	44	observed damage 7 on suicune from gothitelle struggle (crit=False) not in the PS-exact roll set (nearest delta -4; max_roll 13)
i-03dd65492a5903d87	b001/g14/20260812T043810-l4-000058	other_categorical	4	0	0	4	p2	21	observed - def on opp but no branch produces it
i-03dd65492a5903d87	b001/g2/20260812T043810-l1-000014	struggle_damage	1	0	1	1	p2	26	observed damage 14 on ursaring from rotom struggle (crit=False) not in the PS-exact roll set (nearest delta -3; max_roll 21)
i-03dd65492a5903d87	b001/g4/20260812T043810-l2-000002	struggle_damage	1	0	1	1	p1	17	observed damage 23 on gothitelle from miraidon struggle (crit=True) not in the PS-exact roll set (nearest delta -2; max_roll 30)
i-03dd65492a5903d87	b002/g1/20260812T045133-l2-000015	struggle_damage	1	0	1	1	p2	60	observed damage 48 on florgesyellow from scovillain struggle (crit=False) not in the PS-exact roll set (nearest delta -2; max_roll 59)
i-03dd65492a5903d87	b002/g10/20260812T045133-l1-000036	struggle_damage	1	0	1	1	p1	13	observed damage 28 on dugtrio from delphox struggle (crit=False) not in the PS-exact roll set (nearest delta -10; max_roll 45)
i-03dd65492a5903d87	b002/g12/20260812T045133-l2-000078	revival_blessing	1	0	0	1	p2	13	observed - spa on user but no branch produces it
i-03dd65492a5903d87	b002/g12/20260812T045133-l4-000026	struggle_damage	5	0	5	5	p1	15	observed damage 13 on snorlax from typhlosionhisui struggle (crit=False) not in the PS-exact roll set (nearest delta -3; max_roll 19)
i-03dd65492a5903d87	b002/g14/20260812T045133-l4-000019	struggle_damage	2	0	2	2	p2	94	observed damage 18 on gougingfire from alcremiesaltedcream struggle (crit=False) not in the PS-exact roll set (nearest delta -6; max_roll 29)
i-03dd65492a5903d87	b002/g5/20260812T045133-l1-000083	struggle_damage	1	0	1	1	p1	77	observed damage 3 on deoxysdefense from ursalunabloodmoon struggle (crit=False) not in the PS-exact roll set (nearest delta -2; max_roll 6)
i-03dd65492a5903d87	b002/g6/20260812T045133-l2-000093	revival_blessing	1	0	0	1	p2	29	observed - spa on opp but no branch produces it
i-03dd65492a5903d87	b002/g7/20260812T045133-l2-000081	bellydrum_sitrus	0	1	0	1	p2	25	observed item loss (Sitrus Berry) on opp but no branch removes it
i-03dd65492a5903d87	b002/g7/20260812T045133-l4-000055	struggle_damage	1	0	1	1	p2	81	observed damage 24 on terapagosterastal from giratina struggle (crit=False) not in the PS-exact roll set (nearest delta -2; max_roll 31)
i-03dd65492a5903d87	b002/g9/20260812T045133-l6-000033	ko_margin_soft	0	1	0	1	p2	30	observed slp on user but no branch applies it [ko-margin]
i-03dd65492a5903d87	b003/g13/20260812T050627-l4-000055	struggle_damage	1	0	1	1	p1	40	observed damage 15 on vespiquen from oranguru struggle (crit=False) not in the PS-exact roll set (nearest delta -7; max_roll 26)
i-03dd65492a5903d87	b003/g15/20260812T050627-l3-000015	ko_margin_soft	0	1	0	1	p2	12	observed slp on user but no branch applies it [ko-margin]
i-03dd65492a5903d87	b003/g15/20260812T050627-l6-000037	struggle_damage	1	0	1	1	p1	132	observed damage 21 on glimmora from chimecho struggle (crit=False) not in the PS-exact roll set (nearest delta -7; max_roll 33)
i-03dd65492a5903d87	b003/g2/20260812T050627-l1-000066	bellydrum_sitrus	0	2	0	2	p2	1	observed item loss (Sitrus Berry) on opp but no branch removes it
i-03dd65492a5903d87	b003/g2/20260812T050627-l3-000049	struggle_damage	2	0	2	2	p1	187	observed damage 8 on gastrodoneast from blissey struggle (crit=True) not in the PS-exact roll set (nearest delta -12; max_roll 24)
i-03dd65492a5903d87	b003/g6/20260812T050627-l5-000066	struggle_damage	1	0	1	1	p1	77	observed damage 11 on houndstone from shaymin struggle (crit=False) not in the PS-exact roll set (nearest delta -3; max_roll 17)
i-03dd65492a5903d87	b003/g6/20260812T050627-l6-000072	struggle_damage	1	0	1	1	p2	94	observed damage 21 on swalot from chimecho struggle (crit=False) not in the PS-exact roll set (nearest delta -4; max_roll 30)
i-03dd65492a5903d87	b004/g12/20260812T052230-l3-000012	revival_blessing	2	0	0	2	p1	21	observed + spa on user but no branch produces it
i-03dd65492a5903d87	b004/g15/20260812T052230-l5-000009	other_categorical	0	1	0	1	p1	34	observed heal on user but no branch heals it
i-03dd65492a5903d87	b004/g8/20260812T052230-l2-000069	ko_margin_soft	0	1	0	1	p2	28	observed slp on opp but no branch applies it [ko-margin]
i-03dd65492a5903d87	b005/g10/20260812T054011-l4-000061	struggle_damage	2	0	2	2	p2	109	observed damage 18 on articuno from probopass struggle (crit=False) not in the PS-exact roll set (nearest delta -5; max_roll 28)
i-03dd65492a5903d87	b005/g12/20260812T054011-l3-000041	ko_margin_soft	0	1	0	1	p2	30	observed slp on opp but no branch applies it [ko-margin]
i-03dd65492a5903d87	b005/g14/20260812T054011-l1-000014	struggle_damage	1	0	1	1	p2	116	observed damage 11 on dachsbun from screamtail struggle (crit=False) not in the PS-exact roll set (nearest delta -1; max_roll 15)
i-03dd65492a5903d87	b005/g14/20260812T054011-l6-000086	struggle_damage	1	0	1	1	p1	72	observed damage 29 on rotomfan from arboliva struggle (crit=True) not in the PS-exact roll set (nearest delta -9; max_roll 45)
i-03dd65492a5903d87	b005/g15/20260812T054011-l5-000018	struggle_damage	1	0	1	1	p2	85	observed damage 21 on corviknight from tropius struggle (crit=False) not in the PS-exact roll set (nearest delta -7; max_roll 33)
i-03dd65492a5903d87	b005/g3/20260812T054011-l2-000051	revival_blessing	0	1	0	1	p2	30	observed heal on user but no branch heals it
i-03dd65492a5903d87	b005/g6/20260812T054011-l1-000072	struggle_damage	4	0	4	4	p2	68	observed damage 12 on snorlax from palossand struggle (crit=False) not in the PS-exact roll set (nearest delta -4; max_roll 19)
i-03dd65492a5903d87	b005/g7/20260812T054011-l4-000075	struggle_damage	1	0	1	1	p1	28	observed damage 14 on braviary from cresselia struggle (crit=False) not in the PS-exact roll set (nearest delta -4; max_roll 22)
i-03dd65492a5903d87	b005/g8/20260812T054011-l1-000055	struggle_damage	1	0	1	1	p1	106	observed damage 23 on raikou from latias struggle (crit=False) not in the PS-exact roll set (nearest delta -6; max_roll 35)
i-03dd65492a5903d87	b006/g0/20260812T055305-l5-000010	ko_margin_soft	0	1	0	1	p1	13	observed slp on opp but no branch applies it [ko-margin]
i-03dd65492a5903d87	b006/g1/20260812T055305-l1-000001	struggle_damage	1	0	1	1	p2	47	observed damage 18 on uxie from slowking struggle (crit=False) not in the PS-exact roll set (nearest delta -4; max_roll 27)
i-03dd65492a5903d87	b006/g2/20260812T055305-l2-000012	struggle_damage	2	0	2	2	p1	28	observed damage 22 on suicune from lapras struggle (crit=False) not in the PS-exact roll set (nearest delta -5; max_roll 32)
i-03dd65492a5903d87	b006/g6/20260812T055305-l1-000086	struggle_damage	1	0	1	1	p1	102	observed damage 11 on hooh from chimecho struggle (crit=False) not in the PS-exact roll set (nearest delta -3; max_roll 17)
i-03dd65492a5903d87	b006/g6/20260812T055305-l4-000064	other_categorical	1	0	0	1	p1	22	observed item loss (Heavy-Duty Boots) on opp but no branch removes it
i-03dd65492a5903d87	b007/g0/20260812T060552-l5-000040	ko_margin_soft	0	1	0	1	p2	15	observed + spe on opp but no branch produces it [ko-margin]
i-03dd65492a5903d87	b007/g10/20260812T060552-l3-000092	struggle_damage	4	0	4	4	p1	100	observed damage 14 on bellossom from sylveon struggle (crit=False) not in the PS-exact roll set (nearest delta -3; max_roll 20)
i-03dd65492a5903d87	b007/g11/20260812T060552-l3-000033	struggle_damage	2	0	2	2	p2	55	observed damage 57 on blissey from gengar struggle (crit=False) not in the PS-exact roll set (nearest delta -11; max_roll 80)
i-03dd65492a5903d87	b007/g12/20260812T060552-l5-000048	struggle_damage	2	0	2	2	p1	25	observed damage 14 on glaceon from ironcrown struggle (crit=False) not in the PS-exact roll set (nearest delta -3; max_roll 21)
i-03dd65492a5903d87	b007/g14/20260812T060552-l1-000001	struggle_damage	1	0	1	1	p2	65	observed damage 51 on blissey from rotom struggle (crit=False) not in the PS-exact roll set (nearest delta -16; max_roll 79)
i-03dd65492a5903d87	b007/g15/20260812T060552-l3-000003	other_categorical	1	0	0	1	p2	22	observed + spe on opp but no branch produces it
i-03dd65492a5903d87	b007/g6/20260812T060552-l3-000028	ko_margin_soft	0	2	0	2	p1	5	observed - def on opp but no branch produces it [ko-margin]
i-03dd65492a5903d87	b007/g8/20260812T060552-l5-000037	bellydrum_sitrus	0	2	0	2	p1	1	observed item loss (Sitrus Berry) on opp but no branch removes it
i-03dd65492a5903d87	b007/g8/20260812T060552-l6-000074	revival_blessing	1	0	0	1	p1	12	observed - spa on opp but no branch produces it
i-03dd65492a5903d87	b007/g9/20260812T060552-l6-000012	other_damage_rollset	1	0	1	1	p2	30	observed damage 102 on dunsparce from necrozmadawnwings photongeyser (crit=False) not in the PS-exact roll set (nearest delta -3; max_roll 124)
i-03dd65492a5903d87	b008/g12/20260812T061932-l1-000009	revival_blessing	2	0	0	2	p1	15	observed tox on opp but no branch applies it
i-03dd65492a5903d87	b008/g12/20260812T061932-l4-000062	struggle_damage	1	0	1	1	p1	86	observed damage 11 on suicune from slowking struggle (crit=False) not in the PS-exact roll set (nearest delta -1; max_roll 15)
i-03dd65492a5903d87	b008/g3/20260812T061932-l2-000077	ko_margin_soft	0	1	0	1	p2	23	observed slp on opp but no branch applies it [ko-margin]
i-03dd65492a5903d87	b008/g3/20260812T061932-l3-000089	bellydrum_sitrus	0	1	0	1	p2	11	observed item loss (Sitrus Berry) on opp but no branch removes it
i-03dd65492a5903d87	b008/g6/20260812T061932-l3-000074	bellydrum_sitrus	0	1	0	1	p2	9	observed item loss (Sitrus Berry) on opp but no branch removes it
i-03dd65492a5903d87	b009/g15/20260812T063236-l2-000078	ko_margin_soft	0	1	0	1	p1	11	observed + spe on opp but no branch produces it [ko-margin]
i-03dd65492a5903d87	b009/g2/20260812T063236-l1-000050	struggle_damage	2	0	2	2	p2	30	observed damage 25 on dudunsparce from hydrapple struggle (crit=False) not in the PS-exact roll set (nearest delta -6; max_roll 37)
i-03dd65492a5903d87	b009/g3/20260812T063236-l5-000042	struggle_damage	2	0	2	2	p2	40	observed damage 12 on dondozo from ludicolo struggle (crit=False) not in the PS-exact roll set (nearest delta -2; max_roll 17)
i-03dd65492a5903d87	b009/g4/20260812T063236-l2-000050	struggle_damage	1	0	1	1	p2	26	observed damage 23 on gothitelle from ludicolo struggle (crit=False) not in the PS-exact roll set (nearest delta -4; max_roll 32)
i-03dd65492a5903d87	b009/g9/20260812T063236-l6-000067	struggle_damage	1	0	1	1	p1	24	observed damage 31 on slowking from volcanion struggle (crit=False) not in the PS-exact roll set (nearest delta -2; max_roll 39)
i-03ef57f031a1f6512	b000/g0/20260812T065016-l1-000044	ko_margin_soft	0	1	0	1	p2	28	observed brn on opp but no branch applies it [ko-margin]
i-03fa1a1bbf39e42be	b000/g0/20260812T025431-l1-000001	ko_margin_soft	0	2	0	2	p1	63	observed + spa on user but no branch produces it [ko-margin]
i-03fa1a1bbf39e42be	b000/g0/20260812T025431-l4-000035	struggle_damage	4	0	4	4	p2	81	observed damage 11 on toxapex from eternatus struggle (crit=False) not in the PS-exact roll set (nearest delta -3; max_roll 17)
i-03fa1a1bbf39e42be	b000/g13/20260812T025431-l1-000087	struggle_damage	1	0	1	1	p2	79	observed damage 7 on gurdurr from tropius struggle (crit=False) not in the PS-exact roll set (nearest delta -2; max_roll 11)
i-03fa1a1bbf39e42be	b000/g13/20260812T025431-l6-000052	bellydrum_sitrus	0	1	0	1	p1	10	observed item loss (Sitrus Berry) on opp but no branch removes it
i-03fa1a1bbf39e42be	b000/g4/20260812T025431-l3-000035	struggle_damage	2	0	2	2	p1	116	observed damage 30 on sawsbucksummer from necrozmadawnwings struggle (crit=False) not in the PS-exact roll set (nearest delta -4; max_roll 41)
i-03fa1a1bbf39e42be	b000/g6/20260812T025431-l1-000073	struggle_damage	1	0	1	1	p2	80	observed damage 20 on gothitelle from arboliva struggle (crit=False) not in the PS-exact roll set (nearest delta -7; max_roll 32)
i-03fa1a1bbf39e42be	b000/g6/20260812T025431-l2-000063	ko_margin_soft	0	1	0	1	p2	13	observed slp on opp but no branch applies it [ko-margin]
i-03fa1a1bbf39e42be	b001/g0/20260812T030732-l6-000091	struggle_damage	1	0	1	1	p2	114	observed damage 26 on galvantula from suicune struggle (crit=False) not in the PS-exact roll set (nearest delta -8; max_roll 41)
i-03fa1a1bbf39e42be	b001/g10/20260812T030732-l2-000053	struggle_damage	2	0	2	2	p1	27	observed damage 22 on gothitelle from politoed struggle (crit=False) not in the PS-exact roll set (nearest delta -5; max_roll 32)
i-03fa1a1bbf39e42be	b001/g3/20260812T030732-l6-000043	struggle_damage	1	0	1	1	p1	120	observed damage 24 on volcanion from lapras struggle (crit=False) not in the PS-exact roll set (nearest delta -3; max_roll 32)
i-03fa1a1bbf39e42be	b001/g8/20260812T030732-l4-000044	bellydrum_sitrus	0	1	0	1	p1	19	observed item loss (Sitrus Berry) on opp but no branch removes it
i-03fa1a1bbf39e42be	b002/g10/20260812T032034-l3-000007	struggle_damage	3	0	3	3	p2	108	observed damage 15 on wigglytuff from florgesorange struggle (crit=False) not in the PS-exact roll set (nearest delta -2; max_roll 21)
i-03fa1a1bbf39e42be	b002/g12/20260812T032034-l2-000022	ko_margin_soft	0	2	0	2	p2	22	observed - def on opp but no branch produces it [ko-margin]
i-03fa1a1bbf39e42be	b002/g6/20260812T032034-l4-000063	struggle_damage	3	0	3	3	p1	92	observed damage 18 on terapagosstellar from noctowl struggle (crit=False) not in the PS-exact roll set (nearest delta -6; max_roll 29)
i-03fa1a1bbf39e42be	b002/g7/20260812T032034-l3-000045	struggle_damage	1	0	1	1	p2	12	observed damage 24 on chandelure from typhlosion struggle (crit=False) not in the PS-exact roll set (nearest delta -5; max_roll 35)
i-03fa1a1bbf39e42be	b003/g11/20260812T033405-l4-000004	struggle_damage	1	0	1	1	p2	86	observed damage 12 on toxapex from salazzle struggle (crit=False) not in the PS-exact roll set (nearest delta -5; max_roll 20)
i-03fa1a1bbf39e42be	b003/g14/20260812T033405-l4-000021	bellydrum_sitrus	0	1	0	1	p1	31	observed item loss (Sitrus Berry) on opp but no branch removes it
i-03fa1a1bbf39e42be	b003/g2/20260812T033405-l1-000055	struggle_damage	1	0	1	1	p1	107	observed damage 4 on articuno from blissey struggle (crit=False) not in the PS-exact roll set (nearest delta -6; max_roll 12)
i-03fa1a1bbf39e42be	b003/g2/20260812T033405-l2-000029	bellydrum_sitrus	0	1	0	1	p1	15	observed item loss (Sitrus Berry) on opp but no branch removes it
i-03fa1a1bbf39e42be	b003/g6/20260812T033405-l1-000091	revival_blessing	2	0	0	2	p1	21	observed + spa on user but no branch produces it
i-03fa1a1bbf39e42be	b003/g8/20260812T033405-l5-000051	bellydrum_sitrus	0	2	0	2	p2	9	observed item loss (Sitrus Berry) on opp but no branch removes it
i-03fa1a1bbf39e42be	b003/g9/20260812T033405-l1-000001	revival_blessing	0	1	0	1	p2	13	observed heal on user but no branch heals it
i-03fa1a1bbf39e42be	b003/g9/20260812T033405-l4-000061	struggle_damage	1	0	1	1	p2	120	observed damage 7 on dondozo from vaporeon struggle (crit=False) not in the PS-exact roll set (nearest delta -1; max_roll 10)
i-03fa1a1bbf39e42be	b004/g1/20260812T034800-l2-000088	struggle_damage	1	0	1	1	p2	25	observed damage 38 on froslass from mesprit struggle (crit=False) not in the PS-exact roll set (nearest delta -3; max_roll 49)
i-03fa1a1bbf39e42be	b004/g10/20260812T034800-l2-000082	struggle_damage	2	0	2	2	p2	112	observed damage 16 on tinglu from vaporeon struggle (crit=False) not in the PS-exact roll set (nearest delta -6; max_roll 26)
i-03fa1a1bbf39e42be	b004/g11/20260812T034800-l3-000079	struggle_damage	2	0	2	2	p1	16	observed damage 26 on suicune from palkia struggle (crit=False) not in the PS-exact roll set (nearest delta -1; max_roll 32)
i-03fa1a1bbf39e42be	b004/g3/20260812T034800-l1-000077	struggle_damage	1	0	1	1	p2	88	observed damage 26 on rabsca from sceptile struggle (crit=False) not in the PS-exact roll set (nearest delta -4; max_roll 36)
i-03fa1a1bbf39e42be	b004/g5/20260812T034800-l1-000021	struggle_damage	1	0	1	1	p1	107	observed damage 18 on araquanid from chimecho struggle (crit=False) not in the PS-exact roll set (nearest delta -7; max_roll 30)
i-03fa1a1bbf39e42be	b004/g6/20260812T034800-l2-000084	struggle_damage	1	0	1	1	p2	111	observed damage 26 on flygon from arboliva struggle (crit=False) not in the PS-exact roll set (nearest delta -7; max_roll 39)
i-03fa1a1bbf39e42be	b004/g6/20260812T034800-l3-000028	ko_margin_soft	0	1	0	1	p2	30	observed slp on opp but no branch applies it [ko-margin]
i-03fa1a1bbf39e42be	b004/g7/20260812T034800-l4-000071	struggle_damage	1	0	1	1	p1	80	observed damage 14 on garganacl from electrodehisui struggle (crit=False) not in the PS-exact roll set (nearest delta -3; max_roll 21)
i-03fa1a1bbf39e42be	b004/g9/20260812T034800-l1-000055	struggle_damage	5	0	5	5	p1+p2	98	observed damage 26 on dialgaorigin from florgesyellow struggle (crit=True) not in the PS-exact roll set (nearest delta -9; max_roll 42)
i-03fa1a1bbf39e42be	b005/g4/20260812T040121-l1-000021	bellydrum_sitrus	0	1	0	1	p1	4	observed item loss (Sitrus Berry) on opp but no branch removes it
i-041d165646def21ce	b000/g1/20260812T065019-l5-000017	other_categorical	4	0	0	4	p1+p2	18	observed - def on opp but no branch produces it
i-041d165646def21ce	b000/g13/20260812T065019-l1-000030	struggle_damage	2	0	2	2	p1	82	observed damage 15 on dialga from tropius struggle (crit=False) not in the PS-exact roll set (nearest delta -3; max_roll 22)
i-04845ae510c0280d3	b000/g13/20260812T042529-l4-000069	bellydrum_sitrus	0	1	0	1	p2	10	observed item loss (Sitrus Berry) on opp but no branch removes it
i-04845ae510c0280d3	b000/g3/20260812T042529-l1-000088	struggle_damage	3	0	3	3	p1	9	observed damage 28 on gholdengo from volcanion struggle (crit=False) not in the PS-exact roll set (nearest delta -5; max_roll 39)
i-04845ae510c0280d3	b000/g6/20260812T042529-l1-000021	struggle_damage	1	0	1	1	p1	33	observed damage 94 on blissey from hoopa struggle (crit=False) not in the PS-exact roll set (nearest delta -16; max_roll 130)
i-04845ae510c0280d3	b000/g7/20260812T042529-l4-000004	struggle_damage	1	0	1	1	p2	91	observed damage 29 on victreebel from scovillain struggle (crit=False) not in the PS-exact roll set (nearest delta -4; max_roll 39)
i-04845ae510c0280d3	b000/g7/20260812T042529-l4-000094	revival_blessing,other_categorical	2	0	0	2	p2	26	observed side-condition stickyweb change on opp but no branch produces it
i-04845ae510c0280d3	b000/g8/20260812T042529-l3-000022	struggle_damage	1	0	1	1	p2	26	observed damage 26 on trevenant from ludicolo struggle (crit=False) not in the PS-exact roll set (nearest delta -6; max_roll 38)
i-04845ae510c0280d3	b001/g3/20260812T043837-l5-000077	struggle_damage	2	0	2	2	p1	12	observed damage 17 on gothitelle from kyogre struggle (crit=False) not in the PS-exact roll set (nearest delta -5; max_roll 26)
i-04845ae510c0280d3	b001/g4/20260812T043837-l6-000051	bellydrum_sitrus	0	1	0	1	p1	14	observed par on opp but no branch applies it [ko-margin]
i-04845ae510c0280d3	b001/g9/20260812T043837-l1-000054	struggle_damage	2	0	2	2	p1	89	observed damage 7 on skarmory from arboliva struggle (crit=False) not in the PS-exact roll set (nearest delta -1; max_roll 10)
i-04845ae510c0280d3	b001/g9/20260812T043837-l3-000086	struggle_damage	2	0	2	2	p2	113	observed damage 5 on arceuspsychic from screamtail struggle (crit=False) not in the PS-exact roll set (nearest delta -1; max_roll 8)
i-04845ae510c0280d3	b002/g12/20260812T045208-l1-000065	bellydrum_sitrus	0	2	0	2	p1	2	observed item loss (Sitrus Berry) on opp but no branch removes it
i-04845ae510c0280d3	b002/g12/20260812T045208-l2-000089	bellydrum_sitrus	0	1	0	1	p2	11	observed heal on opp but no branch heals it
i-04845ae510c0280d3	b002/g13/20260812T045208-l1-000040	ko_margin_soft	0	1	0	1	p2	37	observed + spa on opp but no branch produces it [ko-margin]
i-04845ae510c0280d3	b002/g13/20260812T045208-l4-000032	struggle_damage	1	0	1	1	p1	56	observed damage 15 on shaymin from miraidon struggle (crit=False) not in the PS-exact roll set (nearest delta -2; max_roll 21)
i-04845ae510c0280d3	b002/g4/20260812T045208-l2-000059	struggle_damage	4	0	4	4	p2	15	observed damage 43 on dudunsparce from typhlosionhisui struggle (crit=True) not in the PS-exact roll set (nearest delta -5; max_roll 57)
i-04845ae510c0280d3	b002/g5/20260812T045208-l1-000078	struggle_damage	4	0	4	4	p1	112	observed damage 22 on alcremierubycream from florgesblue struggle (crit=False) not in the PS-exact roll set (nearest delta -5; max_roll 32)
i-04845ae510c0280d3	b002/g8/20260812T045208-l5-000029	bellydrum_sitrus	0	1	0	1	p1	15	observed item loss (Sitrus Berry) on opp but no branch removes it
i-04845ae510c0280d3	b003/g1/20260812T050525-l6-000017	ko_margin_soft	0	1	0	1	p2	50	observed slp on opp but no branch applies it [ko-margin]
i-04845ae510c0280d3	b003/g11/20260812T050525-l3-000027	bellydrum_sitrus	0	2	0	2	p1	1	observed item loss (Sitrus Berry) on opp but no branch removes it
i-04845ae510c0280d3	b003/g12/20260812T050525-l2-000019	bellydrum_sitrus	0	1	0	1	p1	15	observed par on opp but no branch applies it [ko-margin]
i-04845ae510c0280d3	b003/g12/20260812T050525-l3-000046	struggle_damage	1	0	1	1	p1	23	observed damage 14 on malamar from delphox struggle (crit=False) not in the PS-exact roll set (nearest delta -4; max_roll 22)
i-04845ae510c0280d3	b004/g0/20260812T051822-l5-000008	struggle_damage	3	0	3	3	p1	94	observed damage 13 on toxapex from lugia struggle (crit=False) not in the PS-exact roll set (nearest delta -4; max_roll 20)
i-04845ae510c0280d3	b004/g10/20260812T051822-l1-000089	struggle_damage	1	0	1	1	p2	45	observed damage 21 on screamtail from porygonz struggle (crit=False) not in the PS-exact roll set (nearest delta -5; max_roll 31)
i-04845ae510c0280d3	b004/g14/20260812T051822-l2-000025	struggle_damage	1	0	1	1	p1	16	observed damage 43 on raikou from exeggutoralola struggle (crit=False) not in the PS-exact roll set (nearest delta -2; max_roll 54)
i-04845ae510c0280d3	b004/g15/20260812T051822-l6-000051	struggle_damage	1	0	1	1	p2	62	observed damage 26 on deoxysspeed from arboliva struggle (crit=False) not in the PS-exact roll set (nearest delta -4; max_roll 36)
i-04845ae510c0280d3	b004/g15/20260812T051822-l6-000061	other_damage_rollset	3	0	3	3	p2	37	observed damage 110 on sandyshocks from alcremierubycream terablast (crit=False) not in the PS-exact roll set (nearest delta +35; max_roll 75)
i-04845ae510c0280d3	b005/g10/20260812T053417-l1-000093	struggle_damage	1	0	1	1	p1	116	observed damage 21 on gyarados from jolteon struggle (crit=False) not in the PS-exact roll set (nearest delta -7; max_roll 34)
i-04845ae510c0280d3	b005/g15/20260812T053417-l1-000072	ko_margin_soft	0	1	0	1	p2	29	observed - spd on user but no branch produces it [ko-margin]
i-04845ae510c0280d3	b005/g3/20260812T053417-l1-000087	bellydrum_sitrus	0	1	0	1	p2	8	observed item loss (Sitrus Berry) on opp but no branch removes it
i-04845ae510c0280d3	b005/g4/20260812T053417-l4-000018	other_damage_rollset	1	0	1	1	p1	20	observed damage 45 on weezing from necrozmadawnwings photongeyser (crit=False) not in the PS-exact roll set (nearest delta +5; max_roll 40)
i-04845ae510c0280d3	b005/g6/20260812T053417-l3-000067	struggle_damage	3	0	3	3	p1	121	observed damage 27 on wigglytuff from bastiodon struggle (crit=False) not in the PS-exact roll set (nearest delta -6; max_roll 39)
i-04845ae510c0280d3	b005/g8/20260812T053417-l2-000067	struggle_damage	1	0	1	1	p2	27	observed damage 24 on suicune from palkia struggle (crit=False) not in the PS-exact roll set (nearest delta -3; max_roll 32)
i-04845ae510c0280d3	b006/g0/20260812T055039-l2-000086	struggle_damage	1	0	1	1	p2	104	observed damage 3 on spiritomb from blissey struggle (crit=False) not in the PS-exact roll set (nearest delta -3; max_roll 8)
i-04845ae510c0280d3	b006/g11/20260812T055039-l5-000078	struggle_damage	1	0	1	1	p1	16	observed damage 24 on vileplume from typhlosion struggle (crit=False) not in the PS-exact roll set (nearest delta -6; max_roll 36)
i-04845ae510c0280d3	b006/g14/20260812T055039-l1-000019	bellydrum_sitrus	0	1	0	1	p2	17	observed item loss (Sitrus Berry) on opp but no branch removes it
i-04845ae510c0280d3	b006/g4/20260812T055039-l6-000048	other_categorical	0	1	0	1	p1	91	observed heal on user but no branch heals it
i-04845ae510c0280d3	b006/g7/20260812T055039-l1-000077	struggle_damage	2	0	2	2	p1	104	observed damage 18 on slowbrogalar from sylveon struggle (crit=False) not in the PS-exact roll set (nearest delta -5; max_roll 28)
i-04845ae510c0280d3	b007/g0/20260812T060324-l3-000031	other_categorical	2	0	0	2	p1	22	observed - def on opp but no branch produces it
i-04845ae510c0280d3	b007/g4/20260812T060324-l6-000072	other_categorical	1	0	0	1	p2	42	observed volatile Disable start on user but no branch applies it
i-04845ae510c0280d3	b007/g5/20260812T060324-l3-000012	revival_blessing	3	0	0	3	p2	14	observed + atk on user but no branch produces it
i-04845ae510c0280d3	b007/g9/20260812T060324-l5-000043	struggle_damage	1	0	1	1	p2	9	observed damage 16 on glaceon from gothitelle struggle (crit=False) not in the PS-exact roll set (nearest delta -3; max_roll 23)
i-04845ae510c0280d3	b008/g10/20260812T061641-l4-000058	ko_margin_soft	0	2	0	2	p2	8	observed - def on opp but no branch produces it [ko-margin]
i-04845ae510c0280d3	b008/g14/20260812T061641-l4-000088	struggle_damage	1	0	1	1	p1	92	observed damage 23 on appletun from tropius struggle (crit=False) not in the PS-exact roll set (nearest delta -6; max_roll 35)
i-04845ae510c0280d3	b008/g14/20260812T061641-l5-000032	struggle_damage	1	0	1	1	p2	36	observed damage 28 on leavanny from typhlosion struggle (crit=False) not in the PS-exact roll set (nearest delta -3; max_roll 37)
i-04845ae510c0280d3	b008/g4/20260812T061641-l6-000068	struggle_damage	4	0	4	4	p2	116	observed damage 31 on alomomola from phione struggle (crit=False) not in the PS-exact roll set (nearest delta -3; max_roll 41)
i-04845ae510c0280d3	b008/g7/20260812T061641-l3-000071	bellydrum_sitrus	0	1	0	1	p1	7	observed item loss (Sitrus Berry) on opp but no branch removes it
i-04845ae510c0280d3	b009/g13/20260812T062938-l1-000047	ko_margin_soft	0	1	0	1	p2	31	observed + spe on opp but no branch produces it [ko-margin]
i-04845ae510c0280d3	b009/g15/20260812T062938-l1-000054	struggle_damage	2	0	2	2	p1	104	observed damage 24 on screamtail from tropius struggle (crit=False) not in the PS-exact roll set (nearest delta -4; max_roll 33)
i-04845ae510c0280d3	b009/g4/20260812T062938-l3-000003	struggle_damage	1	0	1	1	p1	88	observed damage 31 on amoonguss from arboliva struggle (crit=False) not in the PS-exact roll set (nearest delta -5; max_roll 43)
i-0488cbaa6d228795a	b000/g12/20260812T025432-l3-000046	bellydrum_sitrus	0	2	0	2	p1	10	observed item loss (Sitrus Berry) on opp but no branch removes it
i-0488cbaa6d228795a	b000/g15/20260812T025432-l2-000028	bellydrum_sitrus	0	1	0	1	p1	3	observed item loss (Sitrus Berry) on opp but no branch removes it
i-0488cbaa6d228795a	b000/g2/20260812T025432-l1-000040	struggle_damage	1	0	1	1	p2	97	observed damage 19 on snorlax from bronzong struggle (crit=False) not in the PS-exact roll set (nearest delta -3; max_roll 26)
i-0488cbaa6d228795a	b000/g7/20260812T025432-l1-000019	bellydrum_sitrus	0	1	0	1	p2	8	observed par on opp but no branch applies it [ko-margin]
i-0488cbaa6d228795a	b000/g8/20260812T025432-l1-000054	struggle_damage,ko_margin_soft	1	1	1	2	p2	45	observed damage 18 on gothitelle from screamtail struggle (crit=False) not in the PS-exact roll set (nearest delta -4; max_roll 26)
i-0488cbaa6d228795a	b000/g8/20260812T025432-l6-000022	struggle_damage	1	0	1	1	p1	120	observed damage 2 on snorlax from blissey struggle (crit=False) not in the PS-exact roll set (nearest delta -2; max_roll 5)
i-0488cbaa6d228795a	b000/g9/20260812T025432-l1-000053	struggle_damage	1	0	1	1	p2	25	observed damage 33 on tinkaton from volcanion struggle (crit=False) not in the PS-exact roll set (nearest delta -3; max_roll 43)
i-0488cbaa6d228795a	b000/g9/20260812T025432-l5-000094	ko_margin_soft	0	1	0	1	p1	44	observed par on opp but no branch applies it [ko-margin]
i-0488cbaa6d228795a	b001/g1/20260812T031014-l6-000040	struggle_damage	2	0	2	2	p2	35	observed damage 17 on gothitelle from ursalunabloodmoon struggle (crit=False) not in the PS-exact roll set (nearest delta -4; max_roll 25)
i-0488cbaa6d228795a	b001/g12/20260812T031014-l3-000081	revival_blessing	1	0	0	1	p1	16	observed psn on opp but no branch applies it
i-0488cbaa6d228795a	b001/g2/20260812T031014-l3-000031	ko_margin_soft	0	2	0	2	p2	13	observed - def on opp but no branch produces it [ko-margin]
i-0488cbaa6d228795a	b001/g8/20260812T031014-l1-000052	struggle_damage	1	0	1	1	p2	117	observed damage 4 on dragalge from blissey struggle (crit=False) not in the PS-exact roll set (nearest delta -7; max_roll 13)
i-0488cbaa6d228795a	b002/g0/20260812T032344-l1-000082	ko_margin_soft	0	2	0	2	p1	25	observed + spa on opp but no branch produces it [ko-margin]
i-0488cbaa6d228795a	b002/g12/20260812T032344-l2-000094	struggle_damage	1	0	1	1	p2	47	observed damage 29 on sandyshocks from thundurustherian struggle (crit=False) not in the PS-exact roll set (nearest delta -3; max_roll 38)
i-0488cbaa6d228795a	b002/g12/20260812T032344-l5-000019	other_categorical	1	0	0	1	p1	23	observed - spd on opp but no branch produces it
i-0488cbaa6d228795a	b002/g13/20260812T032344-l2-000035	bellydrum_sitrus	0	1	0	1	p2	4	observed item loss (Sitrus Berry) on opp but no branch removes it
i-0488cbaa6d228795a	b002/g2/20260812T032344-l6-000072	struggle_damage	1	0	1	1	p2	78	observed damage 41 on regieleki from palossand struggle (crit=False) not in the PS-exact roll set (nearest delta -6; max_roll 56)
i-0488cbaa6d228795a	b002/g3/20260812T032344-l3-000003	bellydrum_sitrus	0	2	0	2	p1	3	observed item loss (Sitrus Berry) on opp but no branch removes it
i-0488cbaa6d228795a	b002/g6/20260812T032344-l4-000063	struggle_damage	1	0	1	1	p1	16	observed damage 33 on polteageistantique from raichualola struggle (crit=False) not in the PS-exact roll set (nearest delta -9; max_roll 50)
i-0488cbaa6d228795a	b002/g8/20260812T032344-l3-000008	bellydrum_sitrus	0	2	0	2	p2	1	observed item loss (Sitrus Berry) on opp but no branch removes it
i-0488cbaa6d228795a	b003/g1/20260812T033644-l5-000022	struggle_damage	2	0	2	2	p1	22	observed damage 28 on milotic from lapras struggle (crit=False) not in the PS-exact roll set (nearest delta -6; max_roll 41)
i-0488cbaa6d228795a	b003/g3/20260812T033644-l3-000008	struggle_damage	3	0	3	3	p2	96	observed damage 22 on gastrodoneast from vaporeon struggle (crit=False) not in the PS-exact roll set (nearest delta -8; max_roll 36)
i-0488cbaa6d228795a	b003/g4/20260812T033644-l6-000010	struggle_damage	4	0	4	4	p1	97	observed damage 4 on misdreavus from blissey struggle (crit=False) not in the PS-exact roll set (nearest delta -5; max_roll 11)
i-0488cbaa6d228795a	b004/g11/20260812T035256-l3-000079	struggle_damage	2	0	2	2	p2	76	observed damage 19 on tornadus from calyrexshadow struggle (crit=False) not in the PS-exact roll set (nearest delta -3; max_roll 26)
i-0488cbaa6d228795a	b004/g12/20260812T035256-l4-000079	bellydrum_sitrus	0	1	0	1	p1	25	observed item loss (Sitrus Berry) on opp but no branch removes it
i-0488cbaa6d228795a	b004/g12/20260812T035256-l5-000074	struggle_damage	1	0	1	1	p1	37	observed damage 15 on jumpluff from politoed struggle (crit=False) not in the PS-exact roll set (nearest delta -2; max_roll 21)
i-0488cbaa6d228795a	b004/g3/20260812T035256-l4-000031	revival_blessing	1	0	0	1	p1	12	observed + atk on user but no branch produces it
i-0488cbaa6d228795a	b004/g3/20260812T035256-l6-000006	ko_margin_soft	0	1	0	1	p1	24	observed slp on opp but no branch applies it [ko-margin]
i-0488cbaa6d228795a	b005/g6/20260812T040704-l1-000023	bellydrum_sitrus	0	2	0	2	p1	25	observed item loss (Sitrus Berry) on opp but no branch removes it
i-0488cbaa6d228795a	b005/g6/20260812T040704-l6-000006	revival_blessing	3	0	0	3	p1	25	observed + spa on user but no branch produces it
i-0488cbaa6d228795a	b005/g9/20260812T040704-l4-000015	struggle_damage	1	0	1	1	p1	32	observed damage 16 on mesprit from magcargo struggle (crit=False) not in the PS-exact roll set (nearest delta -7; max_roll 28)
i-04900aca72552de12	b000/g0/20260812T042533-l2-000094	ko_margin_soft	0	1	0	1	p1	7	observed slp on user but no branch applies it [ko-margin]
i-04900aca72552de12	b000/g1/20260812T042533-l5-000094	struggle_damage	1	0	1	1	p1	14	observed damage 35 on volcarona from typhlosion struggle (crit=False) not in the PS-exact roll set (nearest delta -4; max_roll 47)
i-04900aca72552de12	b000/g12/20260812T042533-l4-000088	bellydrum_sitrus	0	1	0	1	p2	8	observed psn on opp but no branch applies it [ko-margin]
i-04900aca72552de12	b000/g14/20260812T042533-l5-000061	revival_blessing	1	0	0	1	p1	14	observed + def on user but no branch produces it
i-04900aca72552de12	b000/g2/20260812T042533-l6-000048	bellydrum_sitrus	0	1	0	1	p2	8	observed item loss (Sitrus Berry) on opp but no branch removes it
i-04900aca72552de12	b000/g8/20260812T042533-l4-000061	ko_margin_soft	0	1	0	1	p1	68	observed slp on user but no branch applies it [ko-margin]
i-04900aca72552de12	b000/g9/20260812T042533-l5-000038	bellydrum_sitrus	0	2	0	2	p1	1	observed item loss (Sitrus Berry) on opp but no branch removes it
i-04900aca72552de12	b000/g9/20260812T042533-l6-000060	revival_blessing	1	0	0	1	p2	9	observed volatile Salt Cure start on opp but no branch applies it
i-04900aca72552de12	b001/g1/20260812T043820-l4-000078	bellydrum_sitrus	0	1	0	1	p1	2	observed item loss (Sitrus Berry) on opp but no branch removes it
i-04900aca72552de12	b001/g14/20260812T043820-l3-000060	struggle_damage	1	0	1	1	p2	83	observed damage 21 on clefable from ironmoth struggle (crit=False) not in the PS-exact roll set (nearest delta -6; max_roll 32)
i-04900aca72552de12	b001/g4/20260812T043820-l3-000048	revival_blessing	0	1	0	1	p1	15	observed heal on user but no branch heals it
i-04900aca72552de12	b001/g6/20260812T043820-l5-000079	struggle_damage	1	0	1	1	p1	97	observed damage 5 on arceuspsychic from chimecho struggle (crit=False) not in the PS-exact roll set (nearest delta -1; max_roll 8)
i-04900aca72552de12	b002/g10/20260812T045503-l6-000023	struggle_damage	1	0	1	1	p2	84	observed damage 34 on alomomola from deoxysdefense struggle (crit=True) not in the PS-exact roll set (nearest delta -6; max_roll 48)
i-04900aca72552de12	b002/g12/20260812T045503-l2-000036	struggle_damage	2	0	2	2	p2	29	observed damage 38 on farigiraf from hoopa struggle (crit=False) not in the PS-exact roll set (nearest delta -4; max_roll 50)
i-04900aca72552de12	b002/g14/20260812T045503-l3-000003	struggle_damage	1	0	1	1	p2	41	observed damage 31 on decidueyehisui from necrozma struggle (crit=False) not in the PS-exact roll set (nearest delta -3; max_roll 41)
i-04900aca72552de12	b002/g7/20260812T045503-l4-000061	bellydrum_sitrus	0	1	0	1	p2	25	observed item loss (Sitrus Berry) on opp but no branch removes it
i-04900aca72552de12	b003/g0/20260812T051017-l4-000020	ko_margin_soft	0	1	0	1	p1	34	observed slp on opp but no branch applies it [ko-margin]
i-04900aca72552de12	b003/g10/20260812T051017-l6-000059	struggle_damage	4	0	4	4	p1	25	observed damage 9 on oinkolognef from mismagius struggle (crit=False) not in the PS-exact roll set (nearest delta -2; max_roll 14)
i-04900aca72552de12	b003/g11/20260812T051017-l3-000034	ko_margin_soft	0	1	0	1	p2	29	observed slp on opp but no branch applies it [ko-margin]
i-04900aca72552de12	b003/g11/20260812T051017-l4-000010	struggle_damage	1	0	1	1	p1	150	observed damage 15 on dachsbun from florgesyellow struggle (crit=False) not in the PS-exact roll set (nearest delta -4; max_roll 23)
i-04900aca72552de12	b003/g12/20260812T051017-l6-000054	struggle_damage	4	0	4	4	p1	105	observed damage 18 on hydrapple from screamtail struggle (crit=False) not in the PS-exact roll set (nearest delta -3; max_roll 25)
i-04900aca72552de12	b003/g13/20260812T051017-l5-000094	bellydrum_sitrus	0	1	0	1	p2	3	observed item loss (Sitrus Berry) on opp but no branch removes it
i-04900aca72552de12	b003/g3/20260812T051017-l5-000061	ko_margin_soft	0	1	0	1	p2	8	observed brn on user but no branch applies it [ko-margin]
i-04900aca72552de12	b004/g10/20260812T052327-l1-000013	ko_margin_soft	0	1	0	1	p1	15	observed slp on opp but no branch applies it [ko-margin]
i-04900aca72552de12	b004/g11/20260812T052327-l6-000025	ko_margin_soft	0	1	0	1	p1	19	observed slp on opp but no branch applies it [ko-margin]
i-04900aca72552de12	b004/g9/20260812T052327-l1-000020	other_categorical	1	0	0	1	p1	21	observed + spa on opp but no branch produces it [membership 0/9 legal actions reproduce]
i-04900aca72552de12	b005/g12/20260812T053623-l6-000013	struggle_damage	6	0	6	6	p1	76	observed damage 10 on clodsire from tropius struggle (crit=False) not in the PS-exact roll set (nearest delta -2; max_roll 15)
i-04900aca72552de12	b005/g14/20260812T053623-l6-000039	struggle_damage	2	0	2	2	p2	76	observed damage 25 on corviknight from arboliva struggle (crit=False) not in the PS-exact roll set (nearest delta -3; max_roll 33)
i-04900aca72552de12	b005/g6/20260812T053623-l1-000020	bellydrum_sitrus	0	1	0	1	p1	14	observed item loss (Sitrus Berry) on opp but no branch removes it
i-04900aca72552de12	b005/g6/20260812T053623-l1-000024	struggle_damage	1	0	1	1	p1	31	observed damage 15 on vespiquen from gothitelle struggle (crit=False) not in the PS-exact roll set (nearest delta -5; max_roll 24)
i-04900aca72552de12	b005/g7/20260812T053623-l5-000031	other_categorical	1	0	0	1	p2	18	observed par on opp but no branch applies it
i-04900aca72552de12	b006/g11/20260812T054943-l4-000046	bellydrum_sitrus	0	1	0	1	p2	16	observed item loss (Sitrus Berry) on opp but no branch removes it
i-04900aca72552de12	b006/g12/20260812T054943-l6-000063	struggle_damage	1	0	1	1	p1	172	observed damage 15 on weezinggalar from umbreon struggle (crit=False) not in the PS-exact roll set (nearest delta -4; max_roll 23)
i-04900aca72552de12	b006/g13/20260812T054943-l1-000057	revival_blessing	1	0	0	1	p2	21	observed item loss (Heavy-Duty Boots) on opp but no branch removes it
i-04900aca72552de12	b006/g15/20260812T054943-l2-000082	struggle_damage	2	0	2	2	p2	117	observed damage 20 on screamtail from hydrapple struggle (crit=False) not in the PS-exact roll set (nearest delta -6; max_roll 31)
i-04900aca72552de12	b006/g15/20260812T054943-l5-000063	bellydrum_sitrus	0	1	0	1	p2	26	observed item loss (Sitrus Berry) on opp but no branch removes it
i-04900aca72552de12	b006/g3/20260812T054943-l1-000036	revival_blessing	1	0	0	1	p2	14	observed side-condition stealthrock change on opp but no branch produces it
i-04900aca72552de12	b006/g3/20260812T054943-l4-000071	struggle_damage	1	0	1	1	p2	16	observed damage 21 on slowbro from ludicolo struggle (crit=False) not in the PS-exact roll set (nearest delta -4; max_roll 30)
i-04900aca72552de12	b006/g4/20260812T054943-l3-000016	bellydrum_sitrus	0	1	0	1	p1	18	observed item loss (Sitrus Berry) on opp but no branch removes it
i-04900aca72552de12	b006/g8/20260812T054943-l3-000038	struggle_damage	1	0	1	1	p2	19	observed damage 34 on gothitelle from typhlosion struggle (crit=True) not in the PS-exact roll set (nearest delta -5; max_roll 46)
i-04900aca72552de12	b006/g9/20260812T054943-l4-000027	ko_margin_soft,other_categorical	0	2	0	2	p2	40	observed par on user but no branch applies it [ko-margin]
i-04900aca72552de12	b007/g13/20260812T060352-l1-000090	ko_margin_soft	0	1	0	1	p2	9	observed slp on opp but no branch applies it [ko-margin]
i-04900aca72552de12	b007/g15/20260812T060352-l3-000069	other_categorical	1	0	0	1	p2	26	observed + atk on opp but no branch produces it
i-04900aca72552de12	b007/g15/20260812T060352-l6-000055	struggle_damage	1	0	1	1	p2	105	observed damage 12 on stantler from sylveon struggle (crit=False) not in the PS-exact roll set (nearest delta -2; max_roll 17)
i-04900aca72552de12	b007/g4/20260812T060352-l3-000011	struggle_damage	6	0	6	6	p1	140	observed damage 26 on calyrex from giratina struggle (crit=False) not in the PS-exact roll set (nearest delta -1; max_roll 32)
i-04900aca72552de12	b007/g4/20260812T060352-l6-000044	struggle_damage	1	0	1	1	p1	124	observed damage 12 on pyroar from vaporeon struggle (crit=False) not in the PS-exact roll set (nearest delta -2; max_roll 17)
i-04900aca72552de12	b007/g8/20260812T060352-l2-000011	bellydrum_sitrus	0	1	0	1	p1	9	observed item loss (Sitrus Berry) on opp but no branch removes it
i-04900aca72552de12	b007/g9/20260812T060352-l3-000083	ko_margin_soft	0	1	0	1	p2	18	observed slp on user but no branch applies it [ko-margin]
i-04900aca72552de12	b008/g11/20260812T061646-l3-000058	ko_margin_soft	0	1	0	1	p1	22	observed slp on opp but no branch applies it [ko-margin]
i-04900aca72552de12	b008/g12/20260812T061646-l3-000094	struggle_damage	5	0	5	5	p1	125	observed damage 18 on klefki from screamtail struggle (crit=False) not in the PS-exact roll set (nearest delta -6; max_roll 29)
i-04900aca72552de12	b008/g2/20260812T061646-l3-000003	struggle_damage	2	0	2	2	p2	134	observed damage 21 on ironmoth from deoxysdefense struggle (crit=True) not in the PS-exact roll set (nearest delta -6; max_roll 32)
i-04900aca72552de12	b008/g3/20260812T061646-l1-000073	struggle_damage	1	0	1	1	p1	18	observed damage 28 on cresselia from magmortar struggle (crit=False) not in the PS-exact roll set (nearest delta -4; max_roll 38)
i-04900aca72552de12	b008/g3/20260812T061646-l3-000042	struggle_damage	2	0	2	2	p2	78	observed damage 38 on wigglytuff from sceptile struggle (crit=False) not in the PS-exact roll set (nearest delta -6; max_roll 52)
i-04900aca72552de12	b009/g11/20260812T063017-l5-000094	struggle_damage	3	0	3	3	p1	88	observed damage 35 on meowscarada from sceptile struggle (crit=False) not in the PS-exact roll set (nearest delta -5; max_roll 48)
i-04900aca72552de12	b009/g14/20260812T063017-l5-000005	ko_margin_soft	0	1	0	1	p2	28	observed + spe on opp but no branch produces it [ko-margin]
i-04900aca72552de12	b009/g4/20260812T063017-l1-000034	revival_blessing	3	0	0	3	p2	14	observed + atk on user but no branch produces it
i-04900aca72552de12	b009/g5/20260812T063017-l5-000027	bellydrum_sitrus	0	2	0	2	p2	1	observed item loss (Sitrus Berry) on opp but no branch removes it
i-04900aca72552de12	b009/g9/20260812T063017-l1-000087	struggle_damage	1	0	1	1	p1	24	observed damage 19 on vileplume from palkia struggle (crit=False) not in the PS-exact roll set (nearest delta -3; max_roll 26)
i-04f8323b9862da605	b000/g1/20260812T064352-l2-000080	revival_blessing	1	0	0	1	p2	21	observed psn on opp but no branch applies it
i-04f8323b9862da605	b000/g11/20260812T064352-l1-000064	other_categorical	3	0	0	3	p2	10	observed - evasion on opp but no branch produces it
i-04f8323b9862da605	b000/g12/20260812T064352-l4-000041	struggle_damage	1	0	1	1	p2	50	observed damage 7 on hitmonchan from rotommow struggle (crit=False) not in the PS-exact roll set (nearest delta -1; max_roll 10)
i-04f8323b9862da605	b000/g3/20260812T064352-l3-000026	struggle_damage	3	0	3	3	p1	83	observed damage 3 on carbink from chandelure struggle (crit=False) not in the PS-exact roll set (nearest delta -1; max_roll 5)
i-04f8323b9862da605	b000/g3/20260812T064352-l6-000076	struggle_damage	3	0	3	3	p2	121	observed damage 19 on gothitelle from sylveon struggle (crit=False) not in the PS-exact roll set (nearest delta -3; max_roll 27)
i-04f8323b9862da605	b000/g6/20260812T064352-l5-000091	struggle_damage	3	0	3	3	p2	105	observed damage 28 on farigiraf from lunala struggle (crit=False) not in the PS-exact roll set (nearest delta -1; max_roll 35)
i-04f8323b9862da605	b000/g7/20260812T064352-l1-000009	bellydrum_sitrus	0	1	0	1	p2	16	observed item loss (Sitrus Berry) on opp but no branch removes it
i-059714674885bf5ed	b000/g1/20260812T042535-l6-000006	struggle_damage	1	0	1	1	p1	88	observed damage 24 on florgesyellow from cresselia struggle (crit=False) not in the PS-exact roll set (nearest delta -4; max_roll 34)
i-059714674885bf5ed	b000/g10/20260812T042535-l4-000090	struggle_damage	2	0	2	2	p2	68	observed damage 13 on skarmory from rabsca struggle (crit=False) not in the PS-exact roll set (nearest delta -5; max_roll 22)
i-059714674885bf5ed	b000/g11/20260812T042535-l3-000048	revival_blessing	0	1	0	1	p1	22	observed heal on user but no branch heals it
i-059714674885bf5ed	b000/g11/20260812T042535-l4-000052	other_categorical	0	1	0	1	p1	21	observed heal on user but no branch heals it
i-059714674885bf5ed	b000/g14/20260812T042535-l2-000007	struggle_damage	1	0	1	1	p2	47	observed damage 26 on slitherwing from ludicolo struggle (crit=False) not in the PS-exact roll set (nearest delta -8; max_roll 40)
i-059714674885bf5ed	b000/g15/20260812T042535-l4-000013	revival_blessing	0	1	0	1	p2	11	observed volatile Substitute end on opp but no branch removes it
i-059714674885bf5ed	b000/g2/20260812T042535-l1-000068	struggle_damage	4	0	4	4	p1	64	observed damage 19 on comfey from screamtail struggle (crit=False) not in the PS-exact roll set (nearest delta -5; max_roll 29)
i-059714674885bf5ed	b000/g2/20260812T042535-l4-000076	ko_margin_soft	0	1	0	1	p2	25	observed slp on opp but no branch applies it [ko-margin]
i-059714674885bf5ed	b000/g4/20260812T042535-l5-000025	ko_margin_soft,struggle_damage	1	2	1	3	p1+p2	54	observed damage 29 on electrodehisui from tropius struggle (crit=False) not in the PS-exact roll set (nearest delta -5; max_roll 40)
i-059714674885bf5ed	b000/g8/20260812T042535-l5-000035	revival_blessing	2	0	0	2	p2	22	observed + atk on user but no branch produces it
i-059714674885bf5ed	b000/g9/20260812T042535-l5-000007	struggle_damage	1	0	1	1	p1	29	observed damage 25 on lanturn from magnezone struggle (crit=False) not in the PS-exact roll set (nearest delta -8; max_roll 39)
i-059714674885bf5ed	b001/g12/20260812T043835-l1-000017	ko_margin_soft	0	1	0	1	p2	23	observed - def on opp but no branch produces it [ko-margin]
i-059714674885bf5ed	b001/g13/20260812T043835-l5-000018	bellydrum_sitrus	0	1	0	1	p1	21	observed item loss (Sitrus Berry) on opp but no branch removes it
i-059714674885bf5ed	b001/g14/20260812T043835-l3-000051	struggle_damage	2	0	2	2	p2	20	observed damage 28 on slowking from hydreigon struggle (crit=False) not in the PS-exact roll set (nearest delta -4; max_roll 38)
i-059714674885bf5ed	b001/g15/20260812T043835-l2-000086	other_categorical	2	0	0	2	p1+p2	21	observed volatile Disable start on user but no branch applies it
i-059714674885bf5ed	b001/g2/20260812T043835-l4-000004	struggle_damage	4	0	4	4	p2	26	observed damage 6 on snorlax from fluttermane struggle (crit=False) not in the PS-exact roll set (nearest delta -1; max_roll 9)
i-059714674885bf5ed	b001/g4/20260812T043835-l5-000048	other_damage_rollset	1	0	1	1	p2	25	observed damage 69 on enamorustherian from necrozma photongeyser (crit=False) not in the PS-exact roll set (nearest delta -15; max_roll 99)
i-059714674885bf5ed	b002/g0/20260812T045132-l6-000016	struggle_damage	3	0	3	3	p1	33	observed damage 20 on electrode from jolteon struggle (crit=False) not in the PS-exact roll set (nearest delta -7; max_roll 32)
i-059714674885bf5ed	b002/g11/20260812T045132-l4-000009	struggle_damage	3	0	3	3	p2	157	observed damage 16 on palossand from cresselia struggle (crit=False) not in the PS-exact roll set (nearest delta -3; max_roll 23)
i-059714674885bf5ed	b002/g11/20260812T045132-l6-000043	struggle_damage	2	0	2	2	p2	83	observed damage 6 on porygon2 from screamtail struggle (crit=False) not in the PS-exact roll set (nearest delta -2; max_roll 10)
i-059714674885bf5ed	b002/g2/20260812T045132-l2-000075	struggle_damage	1	0	1	1	p1	97	observed damage 22 on lanturn from chimecho struggle (crit=False) not in the PS-exact roll set (nearest delta -10; max_roll 38)
i-059714674885bf5ed	b002/g4/20260812T045132-l4-000094	struggle_damage	1	0	1	1	p2	47	observed damage 21 on toxapex from sunflora struggle (crit=False) not in the PS-exact roll set (nearest delta -5; max_roll 31)
i-059714674885bf5ed	b002/g6/20260812T045132-l1-000054	struggle_damage	2	0	2	2	p1	59	observed damage 26 on eelektross from lumineon struggle (crit=False) not in the PS-exact roll set (nearest delta -7; max_roll 39)
i-059714674885bf5ed	b002/g9/20260812T045132-l5-000088	struggle_damage	2	0	2	2	p1	28	observed damage 12 on snorlax from mismagius struggle (crit=False) not in the PS-exact roll set (nearest delta -1; max_roll 16)
i-059714674885bf5ed	b003/g10/20260812T050537-l4-000012	struggle_damage	1	0	1	1	p1	120	observed damage 16 on dachsbun from florges struggle (crit=False) not in the PS-exact roll set (nearest delta -3; max_roll 23)
i-059714674885bf5ed	b003/g10/20260812T050537-l5-000050	struggle_damage	2	0	2	2	p1	85	observed damage 24 on screamtail from empoleon struggle (crit=False) not in the PS-exact roll set (nearest delta -4; max_roll 33)
i-059714674885bf5ed	b003/g11/20260812T050537-l6-000054	bellydrum_sitrus	0	1	0	1	p2	15	observed item loss (Sitrus Berry) on opp but no branch removes it
i-059714674885bf5ed	b003/g13/20260812T050537-l1-000091	revival_blessing	1	0	0	1	p2	6	observed + def on user but no branch produces it
i-059714674885bf5ed	b003/g6/20260812T050537-l2-000002	struggle_damage	3	0	3	3	p2	105	observed damage 13 on golem from chimecho struggle (crit=False) not in the PS-exact roll set (nearest delta -5; max_roll 22)
i-059714674885bf5ed	b003/g9/20260812T050537-l5-000029	struggle_damage	1	0	1	1	p2	17	observed damage 38 on torterra from palkia struggle (crit=False) not in the PS-exact roll set (nearest delta -7; max_roll 53)
i-059714674885bf5ed	b003/g9/20260812T050537-l5-000092	other_categorical	0	2	0	2	p2	19	observed volatile Substitute end on user but no branch removes it
i-059714674885bf5ed	b004/g3/20260812T051847-l3-000040	struggle_damage	4	0	4	4	p1+p2	122	observed damage 16 on umbreon from probopass struggle (crit=False) not in the PS-exact roll set (nearest delta -6; max_roll 26)
i-059714674885bf5ed	b004/g5/20260812T051847-l4-000069	ko_margin_soft	0	1	0	1	p2	63	observed slp on opp but no branch applies it [ko-margin]
i-059714674885bf5ed	b004/g5/20260812T051847-l6-000092	struggle_damage	4	0	4	4	p2	96	observed damage 15 on dachsbun from screamtail struggle (crit=False) not in the PS-exact roll set (nearest delta -3; max_roll 22)
i-059714674885bf5ed	b004/g7/20260812T051847-l2-000010	struggle_damage	2	0	2	2	p1	40	observed damage 23 on dudunsparce from noivern struggle (crit=False) not in the PS-exact roll set (nearest delta -4; max_roll 32)
i-059714674885bf5ed	b005/g11/20260812T053641-l1-000021	struggle_damage	1	0	1	1	p1	84	observed damage 23 on glimmora from lugia struggle (crit=False) not in the PS-exact roll set (nearest delta -4; max_roll 32)
i-059714674885bf5ed	b005/g13/20260812T053641-l2-000076	ko_margin_soft	0	1	0	1	p2	25	observed + spe on opp but no branch produces it [ko-margin]
i-059714674885bf5ed	b005/g14/20260812T053641-l3-000003	other_categorical	1	0	0	1	p1	10	observed side-condition toxicspikes change on opp but no branch produces it
i-059714674885bf5ed	b005/g15/20260812T053641-l1-000016	bellydrum_sitrus	0	1	0	1	p1	11	observed item loss (Sitrus Berry) on opp but no branch removes it
i-059714674885bf5ed	b005/g15/20260812T053641-l6-000076	struggle_damage	2	0	2	2	p1	160	observed damage 20 on mandibuzz from arboliva struggle (crit=False) not in the PS-exact roll set (nearest delta -6; max_roll 31)
i-059714674885bf5ed	b006/g0/20260812T055118-l2-000064	ko_margin_soft	0	2	0	2	p2	21	observed - spe on opp but no branch produces it [ko-margin]
i-059714674885bf5ed	b006/g0/20260812T055118-l4-000009	ko_margin_soft	0	1	0	1	p2	22	observed slp on user but no branch applies it [ko-margin]
i-059714674885bf5ed	b006/g1/20260812T055118-l3-000053	bellydrum_sitrus	0	2	0	2	p1	3	observed item loss (Sitrus Berry) on opp but no branch removes it
i-059714674885bf5ed	b006/g12/20260812T055118-l1-000067	ko_margin_soft	0	1	0	1	p1	39	observed slp on opp but no branch applies it [ko-margin]
i-059714674885bf5ed	b006/g13/20260812T055118-l3-000057	struggle_damage	2	0	2	2	p2	82	observed damage 32 on clodsire from tropius struggle (crit=False) not in the PS-exact roll set (nearest delta -8; max_roll 48)
i-059714674885bf5ed	b006/g13/20260812T055118-l4-000004	bellydrum_sitrus	0	1	0	1	p1	6	observed item loss (Sitrus Berry) on opp but no branch removes it
i-059714674885bf5ed	b006/g3/20260812T055118-l2-000077	bellydrum_sitrus	0	1	0	1	p2	14	observed par on opp but no branch applies it [ko-margin]
i-059714674885bf5ed	b006/g4/20260812T055118-l2-000070	struggle_damage	1	0	1	1	p1	107	observed damage 22 on sylveon from bastiodon struggle (crit=False) not in the PS-exact roll set (nearest delta -7; max_roll 35)
i-059714674885bf5ed	b006/g4/20260812T055118-l4-000014	struggle_damage	2	0	2	2	p1	118	observed damage 4 on chesnaught from gholdengo struggle (crit=False) not in the PS-exact roll set (nearest delta -1; max_roll 6)
i-059714674885bf5ed	b006/g4/20260812T055118-l6-000006	struggle_damage	5	0	5	5	p1	106	observed damage 7 on snorlax from chimecho struggle (crit=False) not in the PS-exact roll set (nearest delta -2; max_roll 11)
i-059714674885bf5ed	b006/g6/20260812T055118-l6-000006	revival_blessing	1	0	0	1	p2	9	observed + def on user but no branch produces it
i-059714674885bf5ed	b007/g4/20260812T060450-l3-000046	ko_margin_soft	0	1	0	1	p1	23	observed - spd on user but no branch produces it [ko-margin]
i-059714674885bf5ed	b007/g4/20260812T060450-l4-000014	ko_margin_soft	0	1	0	1	p1	34	observed slp on opp but no branch applies it [ko-margin]
i-059714674885bf5ed	b007/g4/20260812T060450-l5-000029	struggle_damage	1	0	1	1	p1	40	observed damage 19 on reuniclus from gardevoir struggle (crit=False) not in the PS-exact roll set (nearest delta -8; max_roll 32)
i-059714674885bf5ed	b007/g8/20260812T060450-l2-000008	struggle_damage	1	0	1	1	p1	51	observed damage 16 on hypno from volcarona struggle (crit=False) not in the PS-exact roll set (nearest delta -5; max_roll 25)
i-059714674885bf5ed	b007/g9/20260812T060450-l5-000046	struggle_damage	1	0	1	1	p1	90	observed damage 4 on houndstone from deoxysdefense struggle (crit=False) not in the PS-exact roll set (nearest delta -1; max_roll 6)
i-059714674885bf5ed	b008/g0/20260812T061918-l3-000061	revival_blessing	1	0	0	1	p2	16	observed + def on user but no branch produces it
i-059714674885bf5ed	b008/g1/20260812T061918-l3-000012	struggle_damage	1	0	1	1	p1	127	observed damage 25 on florgesyellow from vaporeon struggle (crit=False) not in the PS-exact roll set (nearest delta -6; max_roll 37)
i-059714674885bf5ed	b008/g13/20260812T061918-l1-000001	other_categorical	1	0	0	1	p2	17	observed + spa on opp but no branch produces it [membership 0/4 legal actions reproduce]
i-059714674885bf5ed	b008/g14/20260812T061918-l4-000034	ko_margin_soft	0	1	0	1	p1	28	observed + spe on opp but no branch produces it [ko-margin]
i-059714674885bf5ed	b008/g14/20260812T061918-l4-000067	struggle_damage	1	0	1	1	p1	167	observed damage 18 on dachsbun from giratina struggle (crit=False) not in the PS-exact roll set (nearest delta -3; max_roll 25)
i-059714674885bf5ed	b008/g9/20260812T061918-l3-000088	bellydrum_sitrus	0	1	0	1	p1	7	observed item loss (Sitrus Berry) on opp but no branch removes it
i-05b586360961cef63	b000/g12/20260812T042531-l1-000045	struggle_damage	2	0	2	2	p2	44	observed damage 48 on blissey from gholdengo struggle (crit=False) not in the PS-exact roll set (nearest delta -9; max_roll 68)
i-05b586360961cef63	b000/g4/20260812T042531-l1-000048	struggle_damage	1	0	1	1	p1	33	observed damage 15 on gothitelle from grumpig struggle (crit=False) not in the PS-exact roll set (nearest delta -6; max_roll 25)
i-05b586360961cef63	b000/g4/20260812T042531-l3-000035	struggle_damage	3	0	3	3	p1	114	observed damage 21 on porygon2 from wigglytuff struggle (crit=False) not in the PS-exact roll set (nearest delta -2; max_roll 28)
i-05b586360961cef63	b000/g6/20260812T042531-l3-000031	bellydrum_sitrus	0	1	0	1	p1	7	observed item loss (Sitrus Berry) on opp but no branch removes it
i-05b586360961cef63	b001/g0/20260812T043839-l2-000025	ko_margin_soft	0	2	0	2	p1+p2	6	observed tox on opp but no branch applies it [ko-margin]
i-05b586360961cef63	b001/g1/20260812T043839-l3-000055	ko_margin_soft	0	1	0	1	p1	7	observed - spa on opp but no branch produces it [ko-margin]
i-05b586360961cef63	b001/g13/20260812T043839-l3-000030	struggle_damage	2	0	2	2	p2	79	observed damage 8 on scrafty from umbreon struggle (crit=False) not in the PS-exact roll set (nearest delta -2; max_roll 12)
i-05b586360961cef63	b001/g2/20260812T043839-l5-000081	struggle_damage	16	0	16	16	p1	73	observed damage 24 on suicune from volcanion struggle (crit=False) not in the PS-exact roll set (nearest delta -3; max_roll 32)
i-05b586360961cef63	b001/g3/20260812T043839-l6-000010	struggle_damage	10	0	10	10	p1	35	observed damage 24 on suicune from volcanion struggle (crit=False) not in the PS-exact roll set (nearest delta -3; max_roll 32)
i-05b586360961cef63	b001/g6/20260812T043839-l6-000037	struggle_damage	1	0	1	1	p2	83	observed damage 26 on reuniclus from arboliva struggle (crit=False) not in the PS-exact roll set (nearest delta -6; max_roll 38)
i-05b586360961cef63	b001/g7/20260812T043839-l2-000042	struggle_damage	1	0	1	1	p1	15	observed damage 25 on skeledirge from typhlosion struggle (crit=False) not in the PS-exact roll set (nearest delta -3; max_roll 34)
i-05b586360961cef63	b001/g9/20260812T043839-l2-000043	bellydrum_sitrus	0	1	0	1	p2	8	observed item loss (Sitrus Berry) on opp but no branch removes it
i-05b586360961cef63	b001/g9/20260812T043839-l4-000013	struggle_damage	5	0	5	5	p2	25	observed damage 28 on phione from volcanion struggle (crit=False) not in the PS-exact roll set (nearest delta -4; max_roll 38)
i-05b586360961cef63	b002/g0/20260812T045208-l6-000037	struggle_damage	1	0	1	1	p2	138	observed damage 3 on inteleon from blissey struggle (crit=False) not in the PS-exact roll set (nearest delta -4; max_roll 8)
i-05b586360961cef63	b002/g14/20260812T045208-l3-000030	revival_blessing	1	0	0	1	p1	10	observed + def on user but no branch produces it
i-05b586360961cef63	b002/g4/20260812T045208-l6-000094	struggle_damage	1	0	1	1	p1	5	observed damage 30 on gengar from bellossom struggle (crit=False) not in the PS-exact roll set (nearest delta -9; max_roll 46)
i-05b586360961cef63	b002/g8/20260812T045208-l4-000056	bellydrum_sitrus	0	1	0	1	p2	8	observed item loss (Sitrus Berry) on opp but no branch removes it
i-05b586360961cef63	b003/g10/20260812T050827-l3-000007	struggle_damage	1	0	1	1	p2	32	observed damage 22 on comfey from kyogre struggle (crit=False) not in the PS-exact roll set (nearest delta -2; max_roll 29)
i-05b586360961cef63	b003/g2/20260812T050827-l1-000016	struggle_damage	3	0	3	3	p1	95	observed damage 11 on dipplin from cresselia struggle (crit=False) not in the PS-exact roll set (nearest delta -2; max_roll 16)
i-05b586360961cef63	b003/g8/20260812T050827-l5-000043	struggle_damage	2	0	2	2	p2	90	observed damage 14 on dusknoir from screamtail struggle (crit=False) not in the PS-exact roll set (nearest delta -3; max_roll 20)
i-05b586360961cef63	b004/g0/20260812T052146-l5-000031	other_categorical	1	0	0	1	p1	28	observed item loss (Life Orb) on opp but no branch removes it
i-05b586360961cef63	b004/g10/20260812T052146-l5-000089	struggle_damage	1	0	1	1	p1	38	observed damage 16 on toucannon from gholdengo struggle (crit=False) not in the PS-exact roll set (nearest delta -6; max_roll 26)
i-05b586360961cef63	b004/g2/20260812T052146-l4-000078	struggle_damage	2	0	2	2	p2	92	observed damage 22 on empoleon from screamtail struggle (crit=False) not in the PS-exact roll set (nearest delta -3; max_roll 30)
i-05b586360961cef63	b004/g5/20260812T052146-l2-000033	struggle_damage	3	0	3	3	p2	88	observed damage 27 on toxtricity from latias struggle (crit=False) not in the PS-exact roll set (nearest delta -4; max_roll 37)
i-05b586360961cef63	b004/g6/20260812T052146-l3-000015	struggle_damage	2	0	2	2	p1	76	observed damage 28 on sylveon from electrodehisui struggle (crit=True) not in the PS-exact roll set (nearest delta -13; max_roll 49)
i-05b586360961cef63	b004/g6/20260812T052146-l5-000014	bellydrum_sitrus	0	2	0	2	p1	1	observed item loss (Sitrus Berry) on opp but no branch removes it
i-05b586360961cef63	b005/g0/20260812T053714-l3-000073	ko_margin_soft	0	1	0	1	p2	33	observed + spa on opp but no branch produces it [ko-margin]
i-05b586360961cef63	b005/g12/20260812T053714-l2-000018	ko_margin_soft	0	1	0	1	p1	41	observed - spd on opp but no branch produces it [ko-margin]
i-05b586360961cef63	b005/g12/20260812T053714-l2-000088	struggle_damage	2	0	2	2	p1	83	observed damage 27 on medicham from sceptile struggle (crit=False) not in the PS-exact roll set (nearest delta -8; max_roll 42)
i-05b586360961cef63	b005/g13/20260812T053714-l1-000046	bellydrum_sitrus	0	2	0	2	p1	1	observed item loss (Sitrus Berry) on opp but no branch removes it
i-05b586360961cef63	b005/g2/20260812T053714-l6-000006	struggle_damage	2	0	2	2	p2	21	observed damage 24 on landorustherian from latias struggle (crit=False) not in the PS-exact roll set (nearest delta -4; max_roll 33)
i-05b586360961cef63	b005/g3/20260812T053714-l5-000079	bellydrum_sitrus	0	1	0	1	p1	19	observed item loss (Sitrus Berry) on opp but no branch removes it
i-05b586360961cef63	b005/g6/20260812T053714-l2-000027	struggle_damage	1	0	1	1	p2	39	observed damage 24 on hypno from deoxysdefense struggle (crit=False) not in the PS-exact roll set (nearest delta -4; max_roll 33)
i-05b586360961cef63	b006/g0/20260812T055107-l3-000019	ko_margin_soft	0	1	0	1	p2	27	observed slp on opp but no branch applies it [ko-margin]
i-05b586360961cef63	b006/g11/20260812T055107-l5-000038	struggle_damage	4	0	4	4	p1	17	observed damage 16 on gothitelle from chandelure struggle (crit=False) not in the PS-exact roll set (nearest delta -3; max_roll 23)
i-05b586360961cef63	b006/g2/20260812T055107-l1-000088	struggle_damage	1	0	1	1	p1	59	observed damage 9 on snorlax from typhlosionhisui struggle (crit=False) not in the PS-exact roll set (nearest delta -1; max_roll 12)
i-05b586360961cef63	b006/g5/20260812T055107-l3-000081	revival_blessing	3	0	0	3	p2	14	observed + atk on user but no branch produces it
i-05b586360961cef63	b006/g6/20260812T055107-l6-000079	bellydrum_sitrus	1	1	0	2	p1	31	observed item loss (Sitrus Berry) on opp but no branch removes it
i-05b586360961cef63	b006/g8/20260812T055107-l3-000031	struggle_damage	1	0	1	1	p2	88	observed damage 15 on alcremielemoncream from latias struggle (crit=False) not in the PS-exact roll set (nearest delta -3; max_roll 22)
i-05b586360961cef63	b007/g13/20260812T060624-l5-000063	struggle_damage	2	0	2	2	p2	105	observed damage 29 on cresselia from exeggutor struggle (crit=False) not in the PS-exact roll set (nearest delta -3; max_roll 38)
i-05b586360961cef63	b007/g3/20260812T060624-l4-000078	struggle_damage	3	0	3	3	p2	107	observed damage 21 on quagsire from cresselia struggle (crit=False) not in the PS-exact roll set (nearest delta -4; max_roll 30)
i-05b586360961cef63	b007/g5/20260812T060624-l4-000043	struggle_damage	1	0	1	1	p1	41	observed damage 22 on pyroar from cresselia struggle (crit=False) not in the PS-exact roll set (nearest delta -5; max_roll 32)
i-05b586360961cef63	b007/g6/20260812T060624-l2-000087	struggle_damage	1	0	1	1	p1	133	observed damage 6 on pyroar from blissey struggle (crit=False) not in the PS-exact roll set (nearest delta -6; max_roll 15)
i-05b586360961cef63	b007/g6/20260812T060624-l3-000043	struggle_damage	3	0	3	3	p1+p2	111	observed damage 11 on lunala from umbreon struggle (crit=False) not in the PS-exact roll set (nearest delta -3; max_roll 17)
i-05b586360961cef63	b007/g8/20260812T060624-l3-000021	struggle_damage	1	0	1	1	p1	11	observed damage 19 on gogoat from palkia struggle (crit=False) not in the PS-exact roll set (nearest delta -1; max_roll 24)
i-05b586360961cef63	b007/g9/20260812T060624-l2-000073	ko_margin_soft	0	1	0	1	p2	9	observed + spe on opp but no branch produces it [ko-margin]
i-05b586360961cef63	b007/g9/20260812T060624-l3-000033	struggle_damage	1	0	1	1	p1	27	observed damage 15 on palossand from chandelure struggle (crit=False) not in the PS-exact roll set (nearest delta -2; max_roll 21)
i-05b586360961cef63	b008/g2/20260812T061952-l5-000093	struggle_damage	2	0	2	2	p2	99	observed damage 17 on articuno from chimecho struggle (crit=False) not in the PS-exact roll set (nearest delta -5; max_roll 27)
i-05b586360961cef63	b008/g3/20260812T061952-l6-000021	bellydrum_sitrus	0	1	0	1	p1	5	observed item loss (Sitrus Berry) on opp but no branch removes it
i-05b586360961cef63	b009/g14/20260812T063552-l3-000032	bellydrum_sitrus	0	1	0	1	p2	3	observed item loss (Sitrus Berry) on opp but no branch removes it
i-05b586360961cef63	b009/g14/20260812T063552-l4-000094	struggle_damage	3	0	3	3	p1+p2	144	observed damage 17 on cobalion from suicune struggle (crit=False) not in the PS-exact roll set (nearest delta -3; max_roll 24)
i-05b586360961cef63	b009/g3/20260812T063552-l6-000087	other_categorical	1	0	0	1	p2	13	observed - spd on opp but no branch produces it
i-05b586360961cef63	b009/g7/20260812T063552-l4-000038	ko_margin_soft	0	2	0	2	p1	46	observed slp on opp but no branch applies it [ko-margin]
i-05b586360961cef63	b009/g7/20260812T063552-l5-000005	struggle_damage	2	0	2	2	p1+p2	147	observed damage 19 on venusaur from bastiodon struggle (crit=False) not in the PS-exact roll set (nearest delta -6; max_roll 30)
i-05b586360961cef63	b009/g9/20260812T063552-l3-000091	bellydrum_sitrus	0	1	0	1	p2	3	observed item loss (Sitrus Berry) on opp but no branch removes it
i-05bc66ef5a65e7a02	b000/g12/20260812T065013-l3-000031	struggle_damage	2	0	2	2	p2	83	observed damage 27 on cetitan from deoxysdefense struggle (crit=False) not in the PS-exact roll set (nearest delta -6; max_roll 39)
i-05bc66ef5a65e7a02	b000/g13/20260812T065013-l1-000041	struggle_damage	3	0	3	3	p2	102	observed damage 20 on hatterene from florgesorange struggle (crit=False) not in the PS-exact roll set (nearest delta -4; max_roll 29)
i-05bc66ef5a65e7a02	b000/g13/20260812T065013-l3-000033	struggle_damage	1	0	1	1	p2	14	observed damage 16 on polteageist from typhlosion struggle (crit=False) not in the PS-exact roll set (nearest delta -4; max_roll 24)
i-05bc66ef5a65e7a02	b000/g3/20260812T065013-l1-000027	ko_margin_soft	0	2	0	2	p2	44	observed slp on user but no branch applies it [ko-margin]
i-05bc66ef5a65e7a02	b000/g3/20260812T065013-l4-000033	struggle_damage	5	0	5	5	p2	87	observed damage 5 on chimecho from umbreon struggle (crit=False) not in the PS-exact roll set (nearest delta -1; max_roll 8)
i-05c3503b2c9659367	b000/g0/20260812T042527-l2-000062	ko_margin_soft	0	1	0	1	p2	27	observed slp on opp but no branch applies it [ko-margin]
i-05c3503b2c9659367	b000/g1/20260812T042527-l4-000063	struggle_damage	1	0	1	1	p1	84	observed damage 58 on snorlax from appletun struggle (crit=True) not in the PS-exact roll set (nearest delta -9; max_roll 79)
i-05c3503b2c9659367	b000/g11/20260812T042527-l5-000024	struggle_damage	3	0	3	3	p2	81	observed damage 24 on slowbrogalar from sceptile struggle (crit=False) not in the PS-exact roll set (nearest delta -5; max_roll 35)
i-05c3503b2c9659367	b000/g12/20260812T042527-l4-000011	other_categorical	0	2	0	2	p1	13	observed heal on user but no branch heals it
i-05c3503b2c9659367	b000/g13/20260812T042527-l4-000054	struggle_damage	1	0	1	1	p2	82	observed damage 6 on camerupt from screamtail struggle (crit=False) not in the PS-exact roll set (nearest delta -3; max_roll 11)
i-05c3503b2c9659367	b000/g6/20260812T042527-l5-000072	struggle_damage	1	0	1	1	p2	152	observed damage 28 on copperajah from arboliva struggle (crit=False) not in the PS-exact roll set (nearest delta -7; max_roll 42)
i-05c3503b2c9659367	b000/g7/20260812T042527-l2-000075	bellydrum_sitrus	0	1	0	1	p2	16	observed item loss (Sitrus Berry) on opp but no branch removes it
i-05c3503b2c9659367	b001/g1/20260812T043844-l1-000056	other_categorical	1	0	0	1	p2	10	observed item loss (Heavy-Duty Boots) on opp but no branch removes it
i-05c3503b2c9659367	b001/g3/20260812T043844-l1-000061	struggle_damage	1	0	1	1	p1	44	observed damage 16 on uxie from clefable struggle (crit=False) not in the PS-exact roll set (nearest delta -3; max_roll 23)
i-05c3503b2c9659367	b001/g3/20260812T043844-l1-000082	ko_margin_soft	0	1	0	1	p1	23	observed slp on opp but no branch applies it [ko-margin]
i-05c3503b2c9659367	b001/g6/20260812T043844-l4-000084	struggle_damage	1	0	1	1	p2	15	observed damage 18 on gengar from kyogre struggle (crit=False) not in the PS-exact roll set (nearest delta -4; max_roll 27)
i-05c3503b2c9659367	b001/g7/20260812T043844-l2-000071	struggle_damage	4	0	4	4	p2	25	observed damage 4 on dunsparce from mismagius struggle (crit=False) not in the PS-exact roll set (nearest delta -1; max_roll 7)
i-05c3503b2c9659367	b001/g8/20260812T043844-l3-000018	revival_blessing	2	0	0	2	p2	10	observed + spa on user but no branch produces it
i-05c3503b2c9659367	b001/g8/20260812T043844-l3-000022	bellydrum_sitrus	0	1	0	1	p1	30	observed item loss (Sitrus Berry) on opp but no branch removes it
i-05c3503b2c9659367	b001/g8/20260812T043844-l4-000017	other_damage_rollset	1	0	1	1	p1	8	observed damage 110 on miraidon from alcremierainbowswirl terablast (crit=False) not in the PS-exact roll set (nearest delta -40; max_roll 176)
i-05c3503b2c9659367	b001/g8/20260812T043844-l4-000025	struggle_damage	1	0	1	1	p2	66	observed damage 39 on blissey from fluttermane struggle (crit=False) not in the PS-exact roll set (nearest delta -12; max_roll 60)
i-05c3503b2c9659367	b002/g11/20260812T045128-l2-000052	revival_blessing	0	1	0	1	p2	13	observed heal on user but no branch heals it
i-05c3503b2c9659367	b002/g3/20260812T045128-l3-000088	struggle_damage	2	0	2	2	p2	92	observed damage 14 on slowbrogalar from gholdengo struggle (crit=False) not in the PS-exact roll set (nearest delta -4; max_roll 22)
i-05c3503b2c9659367	b002/g4/20260812T045128-l4-000038	struggle_damage	1	0	1	1	p1	103	observed damage 25 on wigglytuff from keldeoresolute struggle (crit=False) not in the PS-exact roll set (nearest delta -8; max_roll 39)
i-05c3503b2c9659367	b002/g9/20260812T045128-l5-000034	struggle_damage	2	0	2	2	p2	96	observed damage 23 on latias from deoxysdefense struggle (crit=False) not in the PS-exact roll set (nearest delta -4; max_roll 32)
i-05c3503b2c9659367	b003/g12/20260812T050813-l1-000029	struggle_damage	1	0	1	1	p1	139	observed damage 16 on alcremierubycream from gholdengo struggle (crit=False) not in the PS-exact roll set (nearest delta -5; max_roll 25)
i-05c3503b2c9659367	b003/g14/20260812T050813-l3-000024	struggle_damage	2	0	2	2	p1	75	observed damage 3 on bastiodon from screamtail struggle (crit=False) not in the PS-exact roll set (nearest delta -1; max_roll 5)
i-05c3503b2c9659367	b003/g14/20260812T050813-l3-000058	revival_blessing	1	0	0	1	p2	11	observed item loss (Heavy-Duty Boots) on opp but no branch removes it
i-05c3503b2c9659367	b003/g3/20260812T050813-l3-000080	struggle_damage	1	0	1	1	p1	62	observed damage 22 on pyroar from sylveon struggle (crit=False) not in the PS-exact roll set (nearest delta -6; max_roll 34)
i-05c3503b2c9659367	b003/g3/20260812T050813-l6-000047	struggle_damage	1	0	1	1	p2	57	observed damage 26 on meloetta from calyrexshadow struggle (crit=True) not in the PS-exact roll set (nearest delta -4; max_roll 36)
i-05c3503b2c9659367	b003/g7/20260812T050813-l3-000007	other_damage_rollset	2	0	2	2	p1	28	observed damage 144 on fezandipiti from necrozmadawnwings photongeyser (crit=False) not in the PS-exact roll set (nearest delta -50; max_roll 230)
i-05c3503b2c9659367	b003/g9/20260812T050813-l5-000009	struggle_damage	11	0	11	11	p1	65	observed damage 22 on suicune from volcanion struggle (crit=False) not in the PS-exact roll set (nearest delta -5; max_roll 32)
i-05c3503b2c9659367	b004/g0/20260812T052127-l5-000071	struggle_damage	1	0	1	1	p1	130	observed damage 14 on victreebel from eternatus struggle (crit=False) not in the PS-exact roll set (nearest delta -3; max_roll 20)
i-05c3503b2c9659367	b004/g11/20260812T052127-l5-000094	ko_margin_soft	0	1	0	1	p2	7	observed par on opp but no branch applies it [ko-margin]
i-05c3503b2c9659367	b004/g12/20260812T052127-l1-000067	other_categorical	1	0	0	1	p1	14	observed + spa on opp but no branch produces it
i-05c3503b2c9659367	b004/g12/20260812T052127-l4-000046	struggle_damage	1	0	1	1	p1	23	observed damage 14 on froslass from glaceon struggle (crit=False) not in the PS-exact roll set (nearest delta -2; max_roll 19)
i-05c3503b2c9659367	b004/g15/20260812T052127-l1-000001	revival_blessing	1	0	0	1	p2	7	observed psn on opp but no branch applies it
i-05c3503b2c9659367	b004/g4/20260812T052127-l6-000010	ko_margin_soft	0	1	0	1	p2	18	observed slp on opp but no branch applies it [ko-margin]
i-05c3503b2c9659367	b004/g5/20260812T052127-l1-000031	struggle_damage	1	0	1	1	p2	35	observed damage 25 on gastrodoneast from delphox struggle (crit=False) not in the PS-exact roll set (nearest delta -5; max_roll 36)
i-05c3503b2c9659367	b004/g5/20260812T052127-l6-000065	struggle_damage	1	0	1	1	p1	108	observed damage 7 on mightyena from umbreon struggle (crit=False) not in the PS-exact roll set (nearest delta -1; max_roll 10)
i-05c3503b2c9659367	b004/g6/20260812T052127-l2-000072	struggle_damage	1	0	1	1	p2	98	observed damage 18 on dodrio from electrodehisui struggle (crit=False) not in the PS-exact roll set (nearest delta -8; max_roll 31)
i-05c3503b2c9659367	b005/g0/20260812T053422-l4-000067	struggle_damage	1	0	1	1	p2	90	observed damage 22 on lugia from arboliva struggle (crit=False) not in the PS-exact roll set (nearest delta -3; max_roll 30)
i-05c3503b2c9659367	b005/g10/20260812T053422-l5-000067	ko_margin_soft	0	1	0	1	p1	26	observed slp on opp but no branch applies it [ko-margin]
i-05c3503b2c9659367	b005/g15/20260812T053422-l1-000080	bellydrum_sitrus	0	1	0	1	p1	93	observed item loss (Sitrus Berry) on opp but no branch removes it
i-05c3503b2c9659367	b005/g15/20260812T053422-l3-000039	bellydrum_sitrus	0	1	0	1	p1	6	observed item loss (Sitrus Berry) on opp but no branch removes it
i-05c3503b2c9659367	b005/g5/20260812T053422-l4-000039	revival_blessing	2	0	0	2	p2	7	observed par on opp but no branch applies it
i-05c3503b2c9659367	b005/g7/20260812T053422-l4-000059	revival_blessing	0	1	0	1	p1	14	observed heal on user but no branch heals it
i-05c3503b2c9659367	b006/g1/20260812T054732-l5-000071	bellydrum_sitrus	0	1	0	1	p1	15	observed item loss (Sitrus Berry) on opp but no branch removes it
i-05c3503b2c9659367	b006/g12/20260812T054732-l3-000065	other_categorical	1	0	0	1	p1	19	observed - spa on opp but no branch produces it
i-05c3503b2c9659367	b006/g15/20260812T054732-l5-000005	struggle_damage	2	0	2	2	p2	77	observed damage 2 on giratina from chansey struggle (crit=True) not in the PS-exact roll set (nearest delta -4; max_roll 8)
i-05c3503b2c9659367	b006/g2/20260812T054732-l5-000016	struggle_damage	2	0	2	2	p1	34	observed damage 42 on wigglytuff from sylveon struggle (crit=True) not in the PS-exact roll set (nearest delta -11; max_roll 63)
i-05c3503b2c9659367	b006/g5/20260812T054732-l3-000076	bellydrum_sitrus	0	1	0	1	p1	19	observed item loss (Sitrus Berry) on opp but no branch removes it
i-05c3503b2c9659367	b006/g5/20260812T054732-l6-000030	other_categorical	2	0	0	2	p2	21	observed psn on opp but no branch applies it
i-05c3503b2c9659367	b006/g6/20260812T054732-l6-000079	struggle_damage	1	0	1	1	p1	9	observed damage 21 on ironmoth from delphox struggle (crit=False) not in the PS-exact roll set (nearest delta -3; max_roll 29)
i-05c3503b2c9659367	b006/g8/20260812T054732-l6-000058	struggle_damage	1	0	1	1	p1	11	observed damage 19 on armarouge from mismagius struggle (crit=False) not in the PS-exact roll set (nearest delta -4; max_roll 28)
i-05c3503b2c9659367	b007/g0/20260812T060033-l3-000025	bellydrum_sitrus	1	1	0	2	p2	16	observed item loss (Sitrus Berry) on opp but no branch removes it
i-05c3503b2c9659367	b007/g1/20260812T060033-l3-000022	other_categorical	0	4	0	4	p1+p2	11	observed item loss (Sitrus Berry) on opp but no branch removes it
i-05c3503b2c9659367	b007/g11/20260812T060033-l4-000070	struggle_damage	2	0	2	2	p2	133	observed damage 98 on blissey from porygon2 struggle (crit=False) not in the PS-exact roll set (nearest delta -19; max_roll 138)
i-05c3503b2c9659367	b007/g12/20260812T060033-l5-000044	ko_margin_soft	0	1	0	1	p1	44	observed + spe on opp but no branch produces it [ko-margin]
i-05c3503b2c9659367	b007/g14/20260812T060033-l3-000086	revival_blessing	2	0	0	2	p1	19	observed + spa on user but no branch produces it
i-05c3503b2c9659367	b007/g4/20260812T060033-l4-000079	ko_margin_soft	0	1	0	1	p1	19	observed slp on opp but no branch applies it [ko-margin]
i-05c3503b2c9659367	b007/g5/20260812T060033-l2-000002	struggle_damage	1	0	1	1	p1	32	observed damage 18 on arceuselectric from gardevoir struggle (crit=False) not in the PS-exact roll set (nearest delta -5; max_roll 28)
i-05c3503b2c9659367	b007/g8/20260812T060033-l2-000072	struggle_damage	3	0	3	3	p1	90	observed damage 21 on necrozmadawnwings from arboliva struggle (crit=False) not in the PS-exact roll set (nearest delta -7; max_roll 34)
i-05c3503b2c9659367	b007/g9/20260812T060033-l1-000020	revival_blessing	3	0	0	3	p1	25	observed - spe on user but no branch produces it
i-05c3503b2c9659367	b007/g9/20260812T060033-l3-000094	bellydrum_sitrus	0	2	0	2	p2	1	observed item loss (Sitrus Berry) on opp but no branch removes it
i-05c3503b2c9659367	b007/g9/20260812T060033-l5-000049	struggle_damage	1	0	1	1	p1	108	observed damage 17 on hawlucha from electrodehisui struggle (crit=False) not in the PS-exact roll set (nearest delta -9; max_roll 31)
i-05c3503b2c9659367	b007/g9/20260812T060033-l6-000089	struggle_damage	4	0	4	4	p2	89	observed damage 32 on reuniclus from exeggutor struggle (crit=False) not in the PS-exact roll set (nearest delta -7; max_roll 46)
i-05c3503b2c9659367	b008/g0/20260812T061338-l4-000078	other_damage_rollset	2	0	2	2	p2	14	observed damage 114 on enamorustherian from necrozma photongeyser (crit=True) not in the PS-exact roll set (nearest delta -12; max_roll 148)
i-05c3503b2c9659367	b008/g11/20260812T061338-l3-000057	struggle_damage	2	0	2	2	p1	29	observed damage 8 on snorlax from fluttermane struggle (crit=False) not in the PS-exact roll set (nearest delta -3; max_roll 14)
i-05c3503b2c9659367	b008/g12/20260812T061338-l1-000001	struggle_damage	2	0	2	2	p2	135	observed damage 13 on bellossom from screamtail struggle (crit=False) not in the PS-exact roll set (nearest delta -3; max_roll 19)
i-05c3503b2c9659367	b008/g12/20260812T061338-l6-000085	other_categorical	0	1	0	1	p2	25	observed heal on user but no branch heals it
i-05c3503b2c9659367	b008/g14/20260812T061338-l5-000028	struggle_damage	3	0	3	3	p2	71	observed damage 10 on houndstone from arboliva struggle (crit=False) not in the PS-exact roll set (nearest delta -3; max_roll 16)
i-05c3503b2c9659367	b008/g3/20260812T061338-l3-000023	struggle_damage	2	0	2	2	p2	139	observed damage 4 on probopass from slowbro struggle (crit=False) not in the PS-exact roll set (nearest delta -1; max_roll 7)
i-05c3503b2c9659367	b008/g7/20260812T061338-l6-000066	revival_blessing	1	2	0	3	p1	32	observed slp on user but no branch applies it
i-05c3503b2c9659367	b009/g10/20260812T063048-l1-000076	bellydrum_sitrus	0	1	0	1	p1	6	observed item loss (Sitrus Berry) on opp but no branch removes it
i-05c3503b2c9659367	b009/g14/20260812T063048-l6-000084	struggle_damage	1	0	1	1	p2	2	observed damage 22 on banette from indeedeef struggle (crit=False) not in the PS-exact roll set (nearest delta -6; max_roll 34)
i-05c3503b2c9659367	b009/g15/20260812T063048-l1-000094	struggle_damage	2	0	2	2	p1	78	observed damage 21 on vespiquen from shaymin struggle (crit=False) not in the PS-exact roll set (nearest delta -3; max_roll 29)
i-05c3503b2c9659367	b009/g4/20260812T063048-l3-000016	other_damage_rollset	3	0	3	3	p2	28	observed damage 172 on clefable from alcremie terablast (crit=True) not in the PS-exact roll set (nearest delta +40; max_roll 132)
i-05c3503b2c9659367	b009/g4/20260812T063048-l4-000033	revival_blessing	1	0	0	1	p1	11	observed + atk on user but no branch produces it
i-05c3503b2c9659367	b009/g8/20260812T063048-l2-000087	ko_margin_soft	0	5	0	5	p1	6	observed - def on opp but no branch produces it [ko-margin]
i-05c3503b2c9659367	b009/g9/20260812T063048-l6-000081	other_damage_rollset	5	0	5	5	p2	14	observed damage 38 on hatterene from necrozma photongeyser (crit=False) not in the PS-exact roll set (nearest delta -7; max_roll 54)
i-05db344d28614b7e3	b000/g0/20260812T042526-l3-000074	other_damage_rollset	1	0	1	1	p1	22	observed damage 150 on regidrago from necrozma photongeyser (crit=False) not in the PS-exact roll set (nearest delta -4; max_roll 183)
i-05db344d28614b7e3	b000/g12/20260812T042526-l4-000038	bellydrum_sitrus	0	2	0	2	p1	4	observed item loss (Sitrus Berry) on opp but no branch removes it
i-05db344d28614b7e3	b000/g13/20260812T042526-l4-000027	other_categorical	1	0	0	1	p2	22	observed item loss (Heavy-Duty Boots) on opp but no branch removes it
i-05db344d28614b7e3	b000/g14/20260812T042526-l3-000007	struggle_damage	1	0	1	1	p2	56	observed damage 8 on orthworm from reuniclus struggle (crit=False) not in the PS-exact roll set (nearest delta -1; max_roll 11)
i-05db344d28614b7e3	b000/g2/20260812T042526-l3-000016	struggle_damage	2	0	2	2	p2	92	observed damage 27 on venusaur from sceptile struggle (crit=False) not in the PS-exact roll set (nearest delta -6; max_roll 39)
i-05db344d28614b7e3	b001/g0/20260812T043831-l5-000024	struggle_damage	2	0	2	2	p1	116	observed damage 23 on staraptor from screamtail struggle (crit=False) not in the PS-exact roll set (nearest delta -8; max_roll 37)
i-05db344d28614b7e3	b001/g13/20260812T043831-l2-000015	struggle_damage	2	0	2	2	p1	21	observed damage 18 on gothitelle from chiyu struggle (crit=False) not in the PS-exact roll set (nearest delta -4; max_roll 26)
i-05db344d28614b7e3	b001/g15/20260812T043831-l1-000036	struggle_damage	3	0	3	3	p2	137	observed damage 3 on banette from chansey struggle (crit=False) not in the PS-exact roll set (nearest delta -8; max_roll 13)
i-05db344d28614b7e3	b001/g15/20260812T043831-l2-000093	struggle_damage	1	0	1	1	p2	79	observed damage 14 on vespiquen from rabsca struggle (crit=False) not in the PS-exact roll set (nearest delta -5; max_roll 23)
i-05db344d28614b7e3	b001/g5/20260812T043831-l6-000075	struggle_damage	2	0	2	2	p1	115	observed damage 19 on corviknight from wigglytuff struggle (crit=False) not in the PS-exact roll set (nearest delta -2; max_roll 25)
i-05db344d28614b7e3	b001/g8/20260812T043831-l3-000025	struggle_damage	1	0	1	1	p1	51	observed damage 22 on suicune from volcanion struggle (crit=False) not in the PS-exact roll set (nearest delta -5; max_roll 32)
i-05db344d28614b7e3	b002/g0/20260812T045130-l1-000011	struggle_damage	2	0	2	2	p2	117	observed damage 29 on sableye from bronzong struggle (crit=False) not in the PS-exact roll set (nearest delta -8; max_roll 44)
i-05db344d28614b7e3	b002/g3/20260812T045130-l4-000032	struggle_damage	1	0	1	1	p1	38	observed damage 17 on keldeoresolute from miraidon struggle (crit=False) not in the PS-exact roll set (nearest delta -3; max_roll 24)
i-05db344d28614b7e3	b002/g4/20260812T045130-l5-000014	bellydrum_sitrus	0	1	0	1	p2	5	observed item loss (Sitrus Berry) on opp but no branch removes it
i-05db344d28614b7e3	b002/g5/20260812T045130-l6-000028	struggle_damage	1	0	1	1	p1	120	observed damage 26 on sylveon from deoxysdefense struggle (crit=False) not in the PS-exact roll set (nearest delta -6; max_roll 38)
i-05db344d28614b7e3	b003/g11/20260812T050737-l5-000080	struggle_damage	1	0	1	1	p1	20	observed damage 29 on raikou from typhlosion struggle (crit=False) not in the PS-exact roll set (nearest delta -5; max_roll 41)
i-05db344d28614b7e3	b003/g14/20260812T050737-l6-000046	struggle_damage	4	0	4	4	p1	109	observed damage 32 on tropius from exeggutor struggle (crit=False) not in the PS-exact roll set (nearest delta -3; max_roll 42)
i-05db344d28614b7e3	b003/g2/20260812T050737-l1-000087	bellydrum_sitrus	1	1	0	2	p2	3	observed item loss (Sitrus Berry) on opp but no branch removes it
i-05db344d28614b7e3	b003/g2/20260812T050737-l4-000025	bellydrum_sitrus	0	1	0	1	p2	8	observed item loss (Sitrus Berry) on opp but no branch removes it
i-05db344d28614b7e3	b003/g3/20260812T050737-l6-000035	struggle_damage	1	0	1	1	p1	30	observed damage 26 on latias from typhlosion struggle (crit=False) not in the PS-exact roll set (nearest delta -5; max_roll 37)
i-05db344d28614b7e3	b003/g4/20260812T050737-l6-000058	bellydrum_sitrus	0	1	0	1	p2	36	observed item loss (Sitrus Berry) on opp but no branch removes it
i-05db344d28614b7e3	b003/g5/20260812T050737-l2-000091	ko_margin_soft	0	1	0	1	p2	42	observed slp on opp but no branch applies it [ko-margin]
i-05db344d28614b7e3	b003/g9/20260812T050737-l2-000042	bellydrum_sitrus	0	1	0	1	p2	16	observed item loss (Sitrus Berry) on opp but no branch removes it
i-05db344d28614b7e3	b004/g2/20260812T052048-l2-000030	struggle_damage	1	0	1	1	p2	13	observed damage 69 on blissey from hydrapple struggle (crit=False) not in the PS-exact roll set (nearest delta -13; max_roll 97)
i-05db344d28614b7e3	b004/g4/20260812T052048-l1-000018	struggle_damage	3	0	3	3	p2	74	observed damage 22 on ironhands from lunala struggle (crit=False) not in the PS-exact roll set (nearest delta -2; max_roll 29)
i-05db344d28614b7e3	b004/g7/20260812T052048-l3-000043	other_categorical	1	0	0	1	p2	31	observed item loss (Heavy-Duty Boots) on opp but no branch removes it
i-05db344d28614b7e3	b005/g11/20260812T053438-l1-000085	struggle_damage	1	0	1	1	p2	116	observed damage 16 on moltres from vaporeon struggle (crit=True) not in the PS-exact roll set (nearest delta -4; max_roll 24)
i-05db344d28614b7e3	b005/g15/20260812T053438-l6-000049	struggle_damage	3	0	3	3	p1	96	observed damage 25 on florges from sylveon struggle (crit=False) not in the PS-exact roll set (nearest delta -5; max_roll 36)
i-05db344d28614b7e3	b005/g2/20260812T053438-l2-000036	struggle_damage	1	0	1	1	p1	134	observed damage 14 on dipplin from tropius struggle (crit=False) not in the PS-exact roll set (nearest delta -3; max_roll 20)
i-05db344d28614b7e3	b005/g9/20260812T053438-l1-000087	other_categorical	0	1	0	1	p2	3	observed volatile Substitute end on user but no branch removes it
i-05db344d28614b7e3	b006/g1/20260812T054757-l1-000038	struggle_damage	1	0	1	1	p2	10	observed damage 24 on hypno from bellossom struggle (crit=False) not in the PS-exact roll set (nearest delta -6; max_roll 36)
i-05db344d28614b7e3	b006/g2/20260812T054757-l5-000008	ko_margin_soft	0	1	0	1	p1	41	observed slp on opp but no branch applies it [ko-margin]
i-05db344d28614b7e3	b006/g2/20260812T054757-l6-000069	struggle_damage	2	0	2	2	p1	130	observed damage 2 on spiritomb from blissey struggle (crit=False) not in the PS-exact roll set (nearest delta -2; max_roll 5)
i-05db344d28614b7e3	b006/g5/20260812T054757-l5-000037	revival_blessing	1	0	0	1	p2	21	observed item loss (Heavy-Duty Boots) on opp but no branch removes it
i-05db344d28614b7e3	b006/g6/20260812T054757-l4-000028	struggle_damage	1	0	1	1	p1	98	observed damage 23 on giratina from venusaur struggle (crit=False) not in the PS-exact roll set (nearest delta -3; max_roll 31)
i-05db344d28614b7e3	b007/g15/20260812T060054-l5-000005	struggle_damage	1	0	1	1	p2	37	observed damage 42 on spectrier from kyuremwhite struggle (crit=False) not in the PS-exact roll set (nearest delta -2; max_roll 52)
i-05db344d28614b7e3	b007/g3/20260812T060054-l5-000086	struggle_damage	1	0	1	1	p1	25	observed damage 19 on vigoroth from typhlosion struggle (crit=False) not in the PS-exact roll set (nearest delta -2; max_roll 25)
i-05db344d28614b7e3	b007/g3/20260812T060054-l6-000059	struggle_damage	2	0	2	2	p2	40	observed damage 9 on lugia from latias struggle (crit=False) not in the PS-exact roll set (nearest delta -2; max_roll 13)
i-05db344d28614b7e3	b007/g5/20260812T060054-l2-000023	struggle_damage	1	0	1	1	p1	52	observed damage 8 on mudsdale from chimecho struggle (crit=False) not in the PS-exact roll set (nearest delta -3; max_roll 13)
i-05db344d28614b7e3	b007/g9/20260812T060054-l4-000027	revival_blessing	1	0	0	1	p1	16	observed volatile Salt Cure start on opp but no branch applies it
i-05db344d28614b7e3	b008/g10/20260812T061429-l6-000075	struggle_damage	2	0	2	2	p1	16	observed damage 26 on suicune from palkia struggle (crit=False) not in the PS-exact roll set (nearest delta -1; max_roll 32)
i-05db344d28614b7e3	b008/g2/20260812T061428-l2-000013	bellydrum_sitrus	1	1	0	2	p2	6	observed item loss (Sitrus Berry) on opp but no branch removes it
i-05db344d28614b7e3	b008/g2/20260812T061428-l3-000035	struggle_damage	1	0	1	1	p2	30	observed damage 21 on suicune from kyuremwhite struggle (crit=False) not in the PS-exact roll set (nearest delta -4; max_roll 30)
i-05db344d28614b7e3	b008/g3/20260812T061428-l1-000094	struggle_damage	2	0	2	2	p2	129	observed damage 32 on farigiraf from wigglytuff struggle (crit=False) not in the PS-exact roll set (nearest delta -5; max_roll 44)
i-05db344d28614b7e3	b008/g4/20260812T061428-l1-000059	struggle_damage	1	0	1	1	p2	120	observed damage 4 on eelektross from arboliva struggle (crit=False) not in the PS-exact roll set (nearest delta -1; max_roll 6)
i-05db344d28614b7e3	b009/g0/20260812T062817-l6-000066	struggle_damage	2	0	2	2	p2	134	observed damage 99 on chansey from wigglytuff struggle (crit=False) not in the PS-exact roll set (nearest delta -14; max_roll 134)
i-05db344d28614b7e3	b009/g12/20260812T062817-l4-000012	revival_blessing	1	0	0	1	p1	18	observed - spa on user but no branch produces it
i-05db344d28614b7e3	b009/g13/20260812T062817-l4-000090	ko_margin_soft	0	2	0	2	p2	30	observed + atk on opp but no branch produces it [ko-margin]
i-05db344d28614b7e3	b009/g14/20260812T062817-l3-000056	ko_margin_soft	0	1	0	1	p2	30	observed + atk on opp but no branch produces it [ko-margin]
i-05db344d28614b7e3	b009/g14/20260812T062817-l4-000050	struggle_damage	1	0	1	1	p1	18	observed damage 25 on banette from magnezone struggle (crit=False) not in the PS-exact roll set (nearest delta -4; max_roll 35)
i-05db344d28614b7e3	b009/g5/20260812T062817-l4-000051	other_damage_rollset	1	0	1	1	p2	14	observed damage 90 on whimsicott from necrozma photongeyser (crit=False) not in the PS-exact roll set (nearest delta -10; max_roll 118)
i-05db344d28614b7e3	b009/g7/20260812T062817-l1-000033	revival_blessing	1	0	0	1	p1	6	observed - spa on opp but no branch produces it
i-05db344d28614b7e3	b009/g9/20260812T062817-l3-000081	bellydrum_sitrus	0	1	0	1	p2	23	observed item loss (Sitrus Berry) on opp but no branch removes it
i-05f37aaa35032d1c4	b000/g15/20260812T065010-l3-000042	struggle_damage	1	0	1	1	p1	13	observed damage 47 on polteageist from enamorustherian struggle (crit=False) not in the PS-exact roll set (nearest delta -3; max_roll 59)
i-05f37aaa35032d1c4	b000/g3/20260812T065010-l3-000025	struggle_damage	1	0	1	1	p1	108	observed damage 16 on rhyperior from vaporeon struggle (crit=False) not in the PS-exact roll set (nearest delta -4; max_roll 24)
i-0649cc4359c805377	b000/g1/20260812T042515-l1-000046	struggle_damage	1	0	1	1	p2	37	observed damage 26 on gastrodon from ludicolo struggle (crit=False) not in the PS-exact roll set (nearest delta -9; max_roll 42)
i-0649cc4359c805377	b000/g1/20260812T042515-l4-000021	bellydrum_sitrus	0	1	0	1	p2	14	observed item loss (Sitrus Berry) on opp but no branch removes it
i-0649cc4359c805377	b000/g11/20260812T042515-l3-000080	struggle_damage	3	0	3	3	p1	32	observed damage 104 on blissey from hoopa struggle (crit=False) not in the PS-exact roll set (nearest delta -6; max_roll 130)
i-0649cc4359c805377	b000/g13/20260812T042515-l1-000001	struggle_damage	3	0	3	3	p1	75	observed damage 30 on necrozmadawnwings from noctowl struggle (crit=True) not in the PS-exact roll set (nearest delta -8; max_roll 45)
i-0649cc4359c805377	b000/g5/20260812T042515-l3-000064	other_damage_rollset	3	0	3	3	p2	15	observed damage 72 on electrode from comfey terablast (crit=False) not in the PS-exact roll set (nearest delta -42; max_roll 134)
i-0649cc4359c805377	b000/g8/20260812T042515-l2-000002	other_categorical	2	0	0	2	p1+p2	10	observed volatile Heal Block start on user but no branch applies it
i-0649cc4359c805377	b001/g2/20260812T044206-l1-000065	struggle_damage	1	0	1	1	p2	20	observed damage 14 on kingambit from gholdengo struggle (crit=False) not in the PS-exact roll set (nearest delta -3; max_roll 21)
i-0649cc4359c805377	b001/g4/20260812T044206-l2-000060	other_categorical	0	4	0	4	p1+p2	15	observed item loss (Sitrus Berry) on opp but no branch removes it
i-0649cc4359c805377	b001/g7/20260812T044206-l6-000059	struggle_damage	1	0	1	1	p2	70	observed damage 11 on snorlax from mismagius struggle (crit=False) not in the PS-exact roll set (nearest delta -2; max_roll 16)
i-0649cc4359c805377	b002/g0/20260812T045506-l2-000053	struggle_damage	2	0	2	2	p1	104	observed damage 20 on ariados from cresselia struggle (crit=False) not in the PS-exact roll set (nearest delta -5; max_roll 30)
i-0649cc4359c805377	b002/g5/20260812T045506-l1-000067	struggle_damage	3	0	3	3	p2	99	observed damage 21 on arceuswater from suicune struggle (crit=False) not in the PS-exact roll set (nearest delta -3; max_roll 29)
i-0649cc4359c805377	b002/g6/20260812T045506-l5-000059	struggle_damage	2	0	2	2	p1	125	observed damage 31 on screamtail from slowking struggle (crit=True) not in the PS-exact roll set (nearest delta -10; max_roll 49)
i-0649cc4359c805377	b003/g13/20260812T050800-l2-000063	struggle_damage	2	0	2	2	p1	39	observed damage 10 on snorlax from mismagius struggle (crit=False) not in the PS-exact roll set (nearest delta -3; max_roll 16)
i-0649cc4359c805377	b003/g3/20260812T050800-l4-000039	bellydrum_sitrus	0	1	0	1	p2	14	observed item loss (Sitrus Berry) on opp but no branch removes it
i-0649cc4359c805377	b004/g0/20260812T052104-l6-000075	other_categorical	1	0	0	1	p1	2	observed side-condition stickyweb change on opp but no branch produces it
i-0649cc4359c805377	b004/g3/20260812T052104-l4-000053	bellydrum_sitrus	0	1	0	1	p1	9	observed item loss (Sitrus Berry) on opp but no branch removes it
i-0649cc4359c805377	b005/g0/20260812T053827-l5-000025	other_categorical	1	0	0	1	p2	18	observed - spa on user but no branch produces it
i-0649cc4359c805377	b005/g10/20260812T053827-l2-000002	struggle_damage	1	0	1	1	p2	34	observed damage 16 on tinkaton from gholdengo struggle (crit=False) not in the PS-exact roll set (nearest delta -6; max_roll 27)
i-0649cc4359c805377	b005/g11/20260812T053827-l2-000084	struggle_damage	2	0	2	2	p2	107	observed damage 16 on yanmega from gholdengo struggle (crit=False) not in the PS-exact roll set (nearest delta -5; max_roll 25)
i-0649cc4359c805377	b005/g13/20260812T053827-l5-000075	ko_margin_soft	0	1	0	1	p2	39	observed slp on opp but no branch applies it [ko-margin]
i-0649cc4359c805377	b005/g15/20260812T053827-l1-000036	struggle_damage	3	0	3	3	p1	90	observed damage 10 on alomomola from whimsicott struggle (crit=False) not in the PS-exact roll set (nearest delta -3; max_roll 15)
i-0649cc4359c805377	b005/g3/20260812T053827-l3-000060	bellydrum_sitrus	0	2	0	2	p1	2	observed item loss (Sitrus Berry) on opp but no branch removes it
i-0649cc4359c805377	b005/g4/20260812T053827-l2-000038	ko_margin_soft	0	1	0	1	p2	22	observed slp on opp but no branch applies it [ko-margin]
i-0649cc4359c805377	b005/g5/20260812T053827-l5-000071	struggle_damage	3	0	3	3	p1	24	observed damage 7 on hippowdon from cresselia struggle (crit=False) not in the PS-exact roll set (nearest delta -1; max_roll 10)
i-0649cc4359c805377	b005/g9/20260812T053827-l2-000047	struggle_damage	1	0	1	1	p1	38	observed damage 28 on alomomola from hydreigon struggle (crit=False) not in the PS-exact roll set (nearest delta -4; max_roll 38)
i-0649cc4359c805377	b006/g4/20260812T055433-l4-000030	ko_margin_soft	0	1	0	1	p2	22	observed slp on opp but no branch applies it [ko-margin]
i-0649cc4359c805377	b006/g8/20260812T055433-l5-000072	struggle_damage	1	0	1	1	p1	89	observed damage 29 on granbull from arboliva struggle (crit=False) not in the PS-exact roll set (nearest delta -3; max_roll 38)
i-0649cc4359c805377	b007/g0/20260812T060754-l4-000077	struggle_damage	2	0	2	2	p2	82	observed damage 11 on dipplin from screamtail struggle (crit=False) not in the PS-exact roll set (nearest delta -3; max_roll 17)
i-0649cc4359c805377	b007/g11/20260812T060754-l2-000060	revival_blessing	1	0	0	1	p2	12	observed brn on opp but no branch applies it
i-0649cc4359c805377	b007/g14/20260812T060754-l1-000009	struggle_damage	3	0	3	3	p2	97	observed damage 11 on dipplin from vaporeon struggle (crit=False) not in the PS-exact roll set (nearest delta -3; max_roll 17)
i-0649cc4359c805377	b007/g14/20260812T060754-l1-000036	bellydrum_sitrus	0	1	0	1	p2	9	observed item loss (Sitrus Berry) on opp but no branch removes it
i-0649cc4359c805377	b007/g14/20260812T060754-l3-000056	ko_margin_soft,other_categorical	0	7	0	7	p2	32	observed - def on opp but no branch produces it [ko-margin]
i-0649cc4359c805377	b007/g15/20260812T060754-l3-000073	bellydrum_sitrus	0	2	0	2	p2	1	observed item loss (Sitrus Berry) on opp but no branch removes it
i-0649cc4359c805377	b007/g4/20260812T060754-l2-000028	struggle_damage	2	0	2	2	p2	124	observed damage 55 on chansey from lunala struggle (crit=False) not in the PS-exact roll set (nearest delta -6; max_roll 72)
i-0649cc4359c805377	b007/g6/20260812T060754-l4-000004	struggle_damage	2	0	2	2	p2	150	observed damage 25 on milotic from vaporeon struggle (crit=False) not in the PS-exact roll set (nearest delta -3; max_roll 34)
i-0649cc4359c805377	b007/g8/20260812T060754-l3-000032	other_categorical	2	0	0	2	p2	15	observed - def on opp but no branch produces it
i-0649cc4359c805377	b008/g14/20260812T062112-l5-000062	struggle_damage	1	0	1	1	p2	25	observed damage 16 on brutebonnet from gholdengo struggle (crit=False) not in the PS-exact roll set (nearest delta -3; max_roll 23)
i-0649cc4359c805377	b008/g3/20260812T062112-l6-000049	ko_margin_soft	0	1	0	1	p2	23	observed slp on user but no branch applies it [ko-margin]
i-0649cc4359c805377	b008/g4/20260812T062112-l1-000027	other_damage_rollset	5	0	5	5	p2	23	observed damage 39 on hatterene from necrozma photongeyser (crit=False) not in the PS-exact roll set (nearest delta -6; max_roll 54)
i-0649cc4359c805377	b008/g6/20260812T062112-l2-000078	struggle_damage	1	0	1	1	p2	18	observed damage 28 on froslass from politoed struggle (crit=False) not in the PS-exact roll set (nearest delta -6; max_roll 41)
i-0649cc4359c805377	b009/g0/20260812T063658-l5-000085	struggle_damage	1	0	1	1	p2	9	observed damage 26 on reuniclus from ludicolo struggle (crit=False) not in the PS-exact roll set (nearest delta -6; max_roll 38)
i-0649cc4359c805377	b009/g0/20260812T063658-l6-000006	struggle_damage	1	0	1	1	p1	144	observed damage 19 on giratina from vaporeon struggle (crit=False) not in the PS-exact roll set (nearest delta -3; max_roll 27)
i-06907ed6ea89577f1	b000/g0/20260812T042544-l1-000065	bellydrum_sitrus	0	1	0	1	p2	23	observed item loss (Sitrus Berry) on opp but no branch removes it
i-06907ed6ea89577f1	b000/g1/20260812T042544-l6-000027	struggle_damage	4	0	4	4	p1	147	observed damage 23 on lapras from vaporeon struggle (crit=False) not in the PS-exact roll set (nearest delta -4; max_roll 32)
i-06907ed6ea89577f1	b000/g1/20260812T042544-l6-000088	struggle_damage	1	0	1	1	p1	156	observed damage 22 on empoleon from sylveon struggle (crit=False) not in the PS-exact roll set (nearest delta -4; max_roll 31)
i-06907ed6ea89577f1	b000/g13/20260812T042544-l5-000005	other_categorical	0	1	0	1	p1	41	observed heal on user but no branch heals it
i-06907ed6ea89577f1	b000/g2/20260812T042544-l6-000063	bellydrum_sitrus	0	1	0	1	p2	7	observed item loss (Sitrus Berry) on opp but no branch removes it
i-06907ed6ea89577f1	b000/g6/20260812T042544-l6-000039	revival_blessing	1	0	0	1	p2	7	observed + def on user but no branch produces it
i-06907ed6ea89577f1	b001/g1/20260812T044326-l2-000082	struggle_damage	1	0	1	1	p1	29	observed damage 41 on wigglytuff from palkia struggle (crit=False) not in the PS-exact roll set (nearest delta -3; max_roll 52)
i-06907ed6ea89577f1	b001/g15/20260812T044326-l5-000041	ko_margin_soft	0	2	0	2	p2	46	observed par on opp but no branch applies it [ko-margin]
i-06907ed6ea89577f1	b002/g0/20260812T045628-l5-000061	revival_blessing	1	0	0	1	p1	14	observed - spa on user but no branch produces it
i-06907ed6ea89577f1	b002/g10/20260812T045628-l2-000033	ko_margin_soft	0	1	0	1	p2	28	observed - def on opp but no branch produces it [ko-margin]
i-06907ed6ea89577f1	b002/g10/20260812T045628-l3-000009	struggle_damage	1	0	1	1	p1	87	observed damage 14 on corviknight from umbreon struggle (crit=False) not in the PS-exact roll set (nearest delta -2; max_roll 19)
i-06907ed6ea89577f1	b002/g10/20260812T045628-l5-000030	struggle_damage	1	0	1	1	p1	32	observed damage 5 on rotom from blissey struggle (crit=False) not in the PS-exact roll set (nearest delta -6; max_roll 14)
i-06907ed6ea89577f1	b002/g2/20260812T045628-l2-000009	ko_margin_soft	0	1	0	1	p1	24	observed + spe on opp but no branch produces it [ko-margin]
i-06907ed6ea89577f1	b002/g3/20260812T045628-l6-000028	revival_blessing	5	0	0	5	p2	14	observed - def on user but no branch produces it
i-06907ed6ea89577f1	b002/g6/20260812T045628-l4-000030	ko_margin_soft	0	1	0	1	p2	23	observed slp on opp but no branch applies it [ko-margin]
i-06907ed6ea89577f1	b002/g7/20260812T045628-l6-000012	other_categorical	1	0	0	1	p1	10	observed volatile Substitute start on user but no branch applies it
i-06907ed6ea89577f1	b002/g8/20260812T045628-l3-000003	struggle_damage	1	0	1	1	p2	128	observed damage 28 on farigiraf from lunala struggle (crit=False) not in the PS-exact roll set (nearest delta -1; max_roll 35)
i-06907ed6ea89577f1	b002/g9/20260812T045628-l2-000032	bellydrum_sitrus	0	2	0	2	p2	1	observed item loss (Sitrus Berry) on opp but no branch removes it
i-06907ed6ea89577f1	b002/g9/20260812T045628-l4-000068	other_categorical	1	0	0	1	p2	17	observed + spa on opp but no branch produces it
i-06907ed6ea89577f1	b003/g11/20260812T050944-l3-000071	struggle_damage	3	0	3	3	p2	79	observed damage 26 on kyogre from lunala struggle (crit=False) not in the PS-exact roll set (nearest delta -5; max_roll 37)
i-06907ed6ea89577f1	b003/g3/20260812T050944-l4-000004	struggle_damage	1	0	1	1	p2	5	observed damage 19 on trevenant from gengar struggle (crit=False) not in the PS-exact roll set (nearest delta -5; max_roll 29)
i-06907ed6ea89577f1	b003/g9/20260812T050944-l1-000027	bellydrum_sitrus	0	1	0	1	p2	4	observed item loss (Sitrus Berry) on opp but no branch removes it
i-06907ed6ea89577f1	b004/g8/20260812T052240-l1-000086	struggle_damage	1	0	1	1	p2	114	observed damage 24 on dedenne from chimecho struggle (crit=False) not in the PS-exact roll set (nearest delta -9; max_roll 39)
i-06907ed6ea89577f1	b004/g9/20260812T052240-l3-000064	bellydrum_sitrus	0	2	0	2	p1	1	observed item loss (Sitrus Berry) on opp but no branch removes it
i-06907ed6ea89577f1	b005/g11/20260812T053531-l5-000014	bellydrum_sitrus	0	1	0	1	p2	6	observed item loss (Sitrus Berry) on opp but no branch removes it
i-06907ed6ea89577f1	b005/g12/20260812T053531-l4-000066	bellydrum_sitrus	0	1	0	1	p2	6	observed item loss (Sitrus Berry) on opp but no branch removes it
i-06907ed6ea89577f1	b005/g15/20260812T053531-l1-000072	struggle_damage	2	0	2	2	p1	85	observed damage 4 on misdreavus from blissey struggle (crit=False) not in the PS-exact roll set (nearest delta -5; max_roll 11)
i-06907ed6ea89577f1	b005/g3/20260812T053531-l1-000014	revival_blessing	2	0	0	2	p1	10	observed + spa on user but no branch produces it
i-06907ed6ea89577f1	b005/g4/20260812T053531-l1-000081	struggle_damage	1	0	1	1	p1	22	observed damage 17 on primarina from gholdengo struggle (crit=False) not in the PS-exact roll set (nearest delta -5; max_roll 27)
i-06907ed6ea89577f1	b005/g5/20260812T053531-l4-000024	struggle_damage	1	0	1	1	p1	29	observed damage 18 on latias from chandelure struggle (crit=False) not in the PS-exact roll set (nearest delta -4; max_roll 27)
i-06907ed6ea89577f1	b006/g13/20260812T054824-l2-000030	ko_margin_soft	0	1	0	1	p1	8	observed - spa on opp but no branch produces it [ko-margin]
i-06907ed6ea89577f1	b006/g15/20260812T054824-l6-000060	struggle_damage	1	0	1	1	p1	30	observed damage 26 on gengar from indeedeef struggle (crit=False) not in the PS-exact roll set (nearest delta -8; max_roll 41)
i-06907ed6ea89577f1	b006/g3/20260812T054824-l1-000071	struggle_damage	1	0	1	1	p2	39	observed damage 13 on snorlax from mismagius struggle (crit=False) not in the PS-exact roll set (nearest delta -3; max_roll 19)
i-06907ed6ea89577f1	b006/g6/20260812T054824-l6-000082	struggle_damage	1	0	1	1	p1	24	observed damage 36 on arceussteel from ludicolo struggle (crit=True) not in the PS-exact roll set (nearest delta -7; max_roll 51)
i-06907ed6ea89577f1	b006/g8/20260812T054824-l2-000084	other_categorical	1	0	0	1	p2	16	observed - spe on opp but no branch produces it
i-06907ed6ea89577f1	b007/g14/20260812T060112-l4-000025	revival_blessing	1	0	0	1	p1	2	observed item loss (Heavy-Duty Boots) on opp but no branch removes it
i-06907ed6ea89577f1	b007/g3/20260812T060112-l4-000087	struggle_damage	1	0	1	1	p2	9	observed damage 32 on slowbro from lapras struggle (crit=True) not in the PS-exact roll set (nearest delta -8; max_roll 48)
i-06907ed6ea89577f1	b007/g4/20260812T060112-l1-000045	struggle_damage	1	0	1	1	p1	18	observed damage 35 on chandelure from exeggutoralola struggle (crit=False) not in the PS-exact roll set (nearest delta -4; max_roll 46)
i-06907ed6ea89577f1	b007/g7/20260812T060112-l2-000067	other_categorical	1	0	0	1	p2	18	observed volatile Substitute start on opp but no branch applies it
i-06907ed6ea89577f1	b007/g9/20260812T060112-l2-000080	struggle_damage	3	0	3	3	p2	95	observed damage 24 on toucannon from suicune struggle (crit=False) not in the PS-exact roll set (nearest delta -4; max_roll 33)
i-06907ed6ea89577f1	b008/g0/20260812T061415-l1-000089	bellydrum_sitrus	0	1	0	1	p1	6	observed item loss (Sitrus Berry) on opp but no branch removes it
i-06907ed6ea89577f1	b008/g2/20260812T061415-l4-000004	struggle_damage	1	0	1	1	p1	19	observed damage 20 on gothitelle from typhlosionhisui struggle (crit=False) not in the PS-exact roll set (nearest delta -6; max_roll 31)
i-06907ed6ea89577f1	b008/g5/20260812T061415-l1-000020	struggle_damage	1	0	1	1	p2	109	observed damage 15 on weezinggalar from screamtail struggle (crit=False) not in the PS-exact roll set (nearest delta -4; max_roll 23)
i-06907ed6ea89577f1	b008/g5/20260812T061415-l4-000063	struggle_damage	1	0	1	1	p2	78	observed damage 16 on sandslash from latias struggle (crit=False) not in the PS-exact roll set (nearest delta -4; max_roll 24)
i-06907ed6ea89577f1	b008/g7/20260812T061415-l3-000091	other_damage_rollset	1	0	1	1	p1	33	observed damage 68 on suicune from blastoise terablast (crit=False) not in the PS-exact roll set (nearest delta -11; max_roll 93)
i-06907ed6ea89577f1	b008/g8/20260812T061415-l4-000044	struggle_damage	1	0	1	1	p1	97	observed damage 20 on oranguru from latias struggle (crit=False) not in the PS-exact roll set (nearest delta -5; max_roll 30)
i-06907ed6ea89577f1	b008/g8/20260812T061415-l6-000008	struggle_damage	1	0	1	1	p1	26	observed damage 24 on talonflame from delphox struggle (crit=False) not in the PS-exact roll set (nearest delta -6; max_roll 36)
i-06907ed6ea89577f1	b009/g13/20260812T062702-l1-000093	ko_margin_soft	0	1	0	1	p1	25	observed slp on opp but no branch applies it [ko-margin]
i-06907ed6ea89577f1	b009/g4/20260812T062702-l3-000046	bellydrum_sitrus	0	1	0	1	p2	12	observed item loss (Sitrus Berry) on opp but no branch removes it
i-06907ed6ea89577f1	b009/g9/20260812T062702-l3-000089	struggle_damage	1	0	1	1	p2	145	observed damage 23 on tornadustherian from chimecho struggle (crit=False) not in the PS-exact roll set (nearest delta -6; max_roll 35)
i-06907ed6ea89577f1	b009/g9/20260812T062702-l4-000034	struggle_damage	1	0	1	1	p2	123	observed damage 24 on alcremierainbowswirl from florgesyellow struggle (crit=False) not in the PS-exact roll set (nearest delta -3; max_roll 32)
i-06b076f9a8c5b389e	b000/g12/20260812T065019-l1-000046	struggle_damage	2	0	2	2	p1	86	observed damage 8 on deoxysdefense from milotic struggle (crit=False) not in the PS-exact roll set (nearest delta -2; max_roll 12)
i-06b076f9a8c5b389e	b000/g12/20260812T065019-l3-000003	other_categorical	0	1	0	1	p2	27	observed heal on user but no branch heals it
i-06b076f9a8c5b389e	b000/g15/20260812T065019-l4-000025	struggle_damage	1	0	1	1	p2	10	observed damage 38 on mewtwo from mesprit struggle (crit=False) not in the PS-exact roll set (nearest delta -3; max_roll 49)
i-06b076f9a8c5b389e	b000/g15/20260812T065019-l6-000021	ko_margin_soft	0	6	0	6	p1	62	observed - def on opp but no branch produces it [ko-margin]
i-071a80d298ad227a8	b000/g13/20260812T064114-l2-000044	bellydrum_sitrus	0	2	0	2	p1	8	observed item loss (Sitrus Berry) on opp but no branch removes it
i-071a80d298ad227a8	b000/g15/20260812T064114-l1-000061	struggle_damage	16	0	16	16	p2	22	observed damage 31 on phione from volcanion struggle (crit=False) not in the PS-exact roll set (nearest delta -1; max_roll 38)
i-071a80d298ad227a8	b000/g3/20260812T064114-l3-000003	bellydrum_sitrus	0	1	0	1	p1	7	observed item loss (Sitrus Berry) on opp but no branch removes it
i-071a80d298ad227a8	b000/g6/20260812T064114-l3-000072	struggle_damage	3	0	3	3	p1+p2	93	observed damage 25 on florgesyellow from sylveon struggle (crit=False) not in the PS-exact roll set (nearest delta -5; max_roll 36)
i-071a80d298ad227a8	b000/g8/20260812T064114-l3-000003	bellydrum_sitrus	0	2	0	2	p1	6	observed item loss (Sitrus Berry) on opp but no branch removes it
i-07373a392995974aa	b000/g12/20260812T042528-l1-000092	struggle_damage	2	0	2	2	p2	27	observed damage 32 on mewtwo from kyuremwhite struggle (crit=False) not in the PS-exact roll set (nearest delta -2; max_roll 41)
i-07373a392995974aa	b000/g12/20260812T042528-l6-000006	struggle_damage	2	0	2	2	p2	162	observed damage 12 on probopass from skeledirge struggle (crit=False) not in the PS-exact roll set (nearest delta -4; max_roll 19)
i-07373a392995974aa	b000/g14/20260812T042528-l4-000013	bellydrum_sitrus	0	1	0	1	p2	6	observed item loss (Sitrus Berry) on opp but no branch removes it
i-07373a392995974aa	b000/g15/20260812T042528-l1-000029	ko_margin_soft	0	1	0	1	p1	40	observed slp on opp but no branch applies it [ko-margin]
i-07373a392995974aa	b001/g1/20260812T043834-l2-000020	ko_margin_soft	0	1	0	1	p1	4	observed slp on user but no branch applies it [ko-margin]
i-07373a392995974aa	b001/g10/20260812T043834-l4-000034	struggle_damage	3	0	3	3	p2	2	observed damage 18 on gothitelle from kyogre struggle (crit=False) not in the PS-exact roll set (nearest delta -4; max_roll 26)
i-07373a392995974aa	b001/g10/20260812T043834-l5-000079	ko_margin_soft	0	1	0	1	p1	21	observed slp on opp but no branch applies it [ko-margin]
i-07373a392995974aa	b001/g11/20260812T043834-l6-000019	struggle_damage	1	0	1	1	p1	111	observed damage 23 on latias from lunala struggle (crit=False) not in the PS-exact roll set (nearest delta -5; max_roll 33)
i-07373a392995974aa	b001/g13/20260812T043834-l3-000021	struggle_damage	2	0	2	2	p1	111	observed damage 3 on umbreon from chansey struggle (crit=False) not in the PS-exact roll set (nearest delta -5; max_roll 10)
i-07373a392995974aa	b001/g2/20260812T043834-l3-000094	struggle_damage	2	0	2	2	p1	41	observed damage 19 on farigiraf from gengar struggle (crit=False) not in the PS-exact roll set (nearest delta -7; max_roll 31)
i-07373a392995974aa	b001/g6/20260812T043834-l3-000085	struggle_damage	2	0	2	2	p2	98	observed damage 12 on clodsire from umbreon struggle (crit=False) not in the PS-exact roll set (nearest delta -5; max_roll 20)
i-07373a392995974aa	b001/g8/20260812T043834-l2-000066	ko_margin_soft	0	1	0	1	p1	25	observed - atk on user but no branch produces it [ko-margin]
i-07373a392995974aa	b001/g8/20260812T043834-l3-000026	ko_margin_soft	0	1	0	1	p1	12	observed - spd on user but no branch produces it [ko-margin]
i-07373a392995974aa	b002/g10/20260812T045124-l1-000086	bellydrum_sitrus	0	2	0	2	p2	27	observed item loss (Sitrus Berry) on opp but no branch removes it
i-07373a392995974aa	b002/g10/20260812T045124-l5-000087	struggle_damage	4	0	4	4	p2	71	observed damage 7 on snorlax from fluttermane struggle (crit=False) not in the PS-exact roll set (nearest delta -2; max_roll 11)
i-07373a392995974aa	b002/g11/20260812T045124-l1-000009	revival_blessing	1	0	0	1	p2	11	observed item loss (Heavy-Duty Boots) on opp but no branch removes it
i-07373a392995974aa	b002/g12/20260812T045124-l1-000001	other_categorical	1	0	0	1	p1	16	observed item loss (Heavy-Duty Boots) on opp but no branch removes it
i-07373a392995974aa	b002/g14/20260812T045124-l5-000093	ko_margin_soft	0	1	0	1	p1	6	observed slp on user but no branch applies it [ko-margin]
i-07373a392995974aa	b002/g2/20260812T045124-l3-000067	struggle_damage	1	0	1	1	p2	25	observed damage 23 on primarina from cresselia struggle (crit=False) not in the PS-exact roll set (nearest delta -5; max_roll 33)
i-07373a392995974aa	b002/g3/20260812T045124-l4-000055	ko_margin_soft	0	1	0	1	p1	13	observed slp on opp but no branch applies it [ko-margin]
i-07373a392995974aa	b002/g3/20260812T045124-l4-000067	struggle_damage	1	0	1	1	p2	34	observed damage 21 on skeledirge from delphox struggle (crit=False) not in the PS-exact roll set (nearest delta -4; max_roll 30)
i-07373a392995974aa	b003/g1/20260812T050412-l5-000017	struggle_damage	1	0	1	1	p2	15	observed damage 20 on hypno from cresselia struggle (crit=False) not in the PS-exact roll set (nearest delta -5; max_roll 30)
i-07373a392995974aa	b003/g14/20260812T050412-l6-000076	other_categorical	1	0	0	1	p1	12	observed volatile confusion start on opp but no branch applies it
i-07373a392995974aa	b003/g4/20260812T050412-l3-000070	struggle_damage	1	0	1	1	p2	104	observed damage 16 on manaphy from electrodehisui struggle (crit=False) not in the PS-exact roll set (nearest delta -6; max_roll 26)
i-07373a392995974aa	b003/g5/20260812T050412-l1-000079	struggle_damage	1	0	1	1	p1	78	observed damage 4 on bastiodon from tropius struggle (crit=False) not in the PS-exact roll set (nearest delta -1; max_roll 6)
i-07373a392995974aa	b003/g8/20260812T050412-l1-000049	bellydrum_sitrus	0	1	0	1	p1	23	observed item loss (Sitrus Berry) on opp but no branch removes it
i-07373a392995974aa	b004/g0/20260812T051717-l6-000079	struggle_damage	2	0	2	2	p1	66	observed damage 7 on vespiquen from screamtail struggle (crit=False) not in the PS-exact roll set (nearest delta -2; max_roll 11)
i-07373a392995974aa	b004/g1/20260812T051717-l4-000050	struggle_damage	2	0	2	2	p1	125	observed damage 18 on giratina from vaporeon struggle (crit=False) not in the PS-exact roll set (nearest delta -4; max_roll 27)
i-07373a392995974aa	b004/g15/20260812T051717-l2-000091	bellydrum_sitrus	0	1	0	1	p2	11	observed item loss (Sitrus Berry) on opp but no branch removes it
i-07373a392995974aa	b004/g2/20260812T051717-l6-000089	struggle_damage	1	0	1	1	p1	128	observed damage 19 on screamtail from deoxysdefense struggle (crit=False) not in the PS-exact roll set (nearest delta -5; max_roll 29)
i-07373a392995974aa	b004/g6/20260812T051717-l5-000069	struggle_damage	1	0	1	1	p1	32	observed damage 20 on hitmonchan from lugia struggle (crit=False) not in the PS-exact roll set (nearest delta -5; max_roll 30)
i-07373a392995974aa	b004/g7/20260812T051717-l2-000060	struggle_damage	2	0	2	2	p2	72	observed damage 23 on gothitelle from reuniclus struggle (crit=False) not in the PS-exact roll set (nearest delta -8; max_roll 38)
i-07373a392995974aa	b004/g7/20260812T051717-l3-000045	ko_margin_soft	0	1	0	1	p1	12	observed slp on user but no branch applies it [ko-margin]
i-07373a392995974aa	b005/g11/20260812T053406-l1-000080	struggle_damage	1	0	1	1	p1	74	observed damage 22 on umbreon from arboliva struggle (crit=False) not in the PS-exact roll set (nearest delta -3; max_roll 30)
i-07373a392995974aa	b005/g5/20260812T053406-l5-000069	struggle_damage	1	0	1	1	p2	105	observed damage 34 on vaporeon from volcanion struggle (crit=False) not in the PS-exact roll set (nearest delta -7; max_roll 49)
i-07373a392995974aa	b005/g7/20260812T053406-l4-000086	struggle_damage	3	0	3	3	p2	24	observed damage 16 on koraidon from gholdengo struggle (crit=False) not in the PS-exact roll set (nearest delta -5; max_roll 25)
i-07373a392995974aa	b006/g0/20260812T054700-l6-000057	struggle_damage	2	0	2	2	p2	40	observed damage 19 on vaporeon from palkia struggle (crit=False) not in the PS-exact roll set (nearest delta -1; max_roll 24)
i-07373a392995974aa	b006/g1/20260812T054700-l2-000002	struggle_damage	1	0	1	1	p2	125	observed damage 26 on clodsire from probopass struggle (crit=False) not in the PS-exact roll set (nearest delta -9; max_roll 42)
i-07373a392995974aa	b006/g13/20260812T054700-l1-000079	struggle_damage	3	0	3	3	p1	148	observed damage 4 on arceuswater from blissey struggle (crit=False) not in the PS-exact roll set (nearest delta -7; max_roll 13)
i-07373a392995974aa	b006/g14/20260812T054700-l3-000053	struggle_damage	4	0	4	4	p2	31	observed damage 57 on chansey from typhlosionhisui struggle (crit=False) not in the PS-exact roll set (nearest delta -10; max_roll 79)
i-07373a392995974aa	b006/g3/20260812T054700-l2-000002	struggle_damage	1	0	1	1	p2	41	observed damage 25 on latias from hydrapple struggle (crit=False) not in the PS-exact roll set (nearest delta -4; max_roll 35)
i-07373a392995974aa	b006/g3/20260812T054700-l6-000007	other_categorical	1	0	0	1	p1	13	observed volatile Heal Block start on opp but no branch applies it
i-07373a392995974aa	b006/g7/20260812T054700-l6-000091	struggle_damage	1	0	1	1	p1	131	observed damage 19 on corviknight from umbreon struggle (crit=False) not in the PS-exact roll set (nearest delta -3; max_roll 27)
i-07373a392995974aa	b007/g1/20260812T060019-l2-000064	other_categorical	0	2	0	2	p1	11	observed volatile Substitute end on user but no branch removes it
i-07373a392995974aa	b007/g1/20260812T060019-l3-000034	struggle_damage	1	0	1	1	p1	44	observed damage 28 on rabsca from palkia struggle (crit=False) not in the PS-exact roll set (nearest delta -2; max_roll 36)
i-07373a392995974aa	b007/g11/20260812T060019-l5-000081	struggle_damage	4	0	4	4	p1	108	observed damage 15 on diancie from latios struggle (crit=False) not in the PS-exact roll set (nearest delta -3; max_roll 22)
i-07373a392995974aa	b007/g2/20260812T060019-l5-000055	bellydrum_sitrus	1	1	0	2	p1	33	observed item loss (Sitrus Berry) on opp but no branch removes it
i-07373a392995974aa	b008/g0/20260812T061526-l2-000032	other_categorical	1	0	0	1	p2	69	observed - spa on opp but no branch produces it
i-07373a392995974aa	b008/g1/20260812T061526-l1-000044	struggle_damage	1	0	1	1	p2	78	observed damage 28 on beartic from sceptile struggle (crit=False) not in the PS-exact roll set (nearest delta -4; max_roll 38)
i-07373a392995974aa	b008/g10/20260812T061526-l2-000050	struggle_damage	2	0	2	2	p1	20	observed damage 27 on slitherwing from typhlosionhisui struggle (crit=False) not in the PS-exact roll set (nearest delta -6; max_roll 39)
i-07373a392995974aa	b008/g2/20260812T061526-l1-000066	revival_blessing	1	0	0	1	p2	14	observed psn on opp but no branch applies it
i-07373a392995974aa	b008/g2/20260812T061526-l2-000029	bellydrum_sitrus	0	1	0	1	p1	99	observed item loss (Sitrus Berry) on opp but no branch removes it
i-07373a392995974aa	b009/g2/20260812T063137-l4-000055	bellydrum_sitrus	0	1	0	1	p1	16	observed item loss (Sitrus Berry) on opp but no branch removes it
i-073d9c61bee53a8bc	b000/g11/20260812T065012-l3-000003	struggle_damage	1	0	1	1	p2	18	observed damage 21 on gengar from volcarona struggle (crit=False) not in the PS-exact roll set (nearest delta -6; max_roll 32)
i-073d9c61bee53a8bc	b000/g13/20260812T065012-l2-000032	struggle_damage	1	0	1	1	p2	27	observed damage 22 on dragapult from gothitelle struggle (crit=False) not in the PS-exact roll set (nearest delta -9; max_roll 37)
i-073d9c61bee53a8bc	b000/g3/20260812T065012-l3-000047	struggle_damage	3	0	3	3	p1	79	observed damage 14 on regirock from eternatus struggle (crit=True) not in the PS-exact roll set (nearest delta -3; max_roll 21)
i-073d9c61bee53a8bc	b000/g9/20260812T065012-l4-000031	struggle_damage	1	0	1	1	p2	80	observed damage 4 on suicune from blissey struggle (crit=False) not in the PS-exact roll set (nearest delta -6; max_roll 12)
i-07457ae77f367bf5e	b000/g1/20260812T042524-l6-000033	struggle_damage	2	0	2	2	p2	86	observed damage 9 on grimmsnarl from venusaur struggle (crit=False) not in the PS-exact roll set (nearest delta -2; max_roll 13)
i-07457ae77f367bf5e	b000/g11/20260812T042524-l1-000084	struggle_damage	1	0	1	1	p2	49	observed damage 17 on uxie from latias struggle (crit=False) not in the PS-exact roll set (nearest delta -2; max_roll 23)
i-07457ae77f367bf5e	b000/g13/20260812T042524-l2-000012	other_categorical	1	0	0	1	p1	12	observed - atk on user but no branch produces it
i-07457ae77f367bf5e	b000/g13/20260812T042524-l3-000052	struggle_damage	1	0	1	1	p1	51	observed damage 23 on ursalunabloodmoon from toxtricity struggle (crit=False) not in the PS-exact roll set (nearest delta -4; max_roll 32)
i-07457ae77f367bf5e	b000/g15/20260812T042524-l1-000001	bellydrum_sitrus	0	1	0	1	p1	5	observed item loss (Sitrus Berry) on opp but no branch removes it
i-07457ae77f367bf5e	b000/g15/20260812T042524-l1-000038	struggle_damage	1	0	1	1	p1	29	observed damage 11 on lunala from rotommow struggle (crit=False) not in the PS-exact roll set (nearest delta -4; max_roll 18)
i-07457ae77f367bf5e	b000/g3/20260812T042524-l6-000024	struggle_damage	1	0	1	1	p1	45	observed damage 15 on meganium from comfey struggle (crit=False) not in the PS-exact roll set (nearest delta -4; max_roll 23)
i-07457ae77f367bf5e	b000/g9/20260812T042524-l3-000084	struggle_damage	1	0	1	1	p2	163	observed damage 5 on banette from blissey struggle (crit=False) not in the PS-exact roll set (nearest delta -7; max_roll 15)
i-07457ae77f367bf5e	b000/g9/20260812T042524-l5-000005	ko_margin_soft	0	2	0	2	p1	24	observed - spd on opp but no branch produces it [ko-margin]
i-07457ae77f367bf5e	b001/g0/20260812T043906-l5-000076	struggle_damage	1	0	1	1	p2	97	observed damage 65 on blissey from tropius struggle (crit=False) not in the PS-exact roll set (nearest delta -22; max_roll 103)
i-07457ae77f367bf5e	b001/g1/20260812T043906-l3-000009	struggle_damage	1	0	1	1	p1	33	observed damage 8 on snorlax from chandelure struggle (crit=False) not in the PS-exact roll set (nearest delta -3; max_roll 14)
i-07457ae77f367bf5e	b001/g1/20260812T043906-l4-000029	struggle_damage	1	0	1	1	p2	96	observed damage 14 on diancie from screamtail struggle (crit=False) not in the PS-exact roll set (nearest delta -3; max_roll 20)
i-07457ae77f367bf5e	b001/g10/20260812T043906-l2-000002	struggle_damage	1	0	1	1	p2	36	observed damage 32 on dachsbun from toxtricity struggle (crit=True) not in the PS-exact roll set (nearest delta -3; max_roll 42)
i-07457ae77f367bf5e	b001/g10/20260812T043906-l5-000026	ko_margin_soft	0	1	0	1	p1	25	observed slp on opp but no branch applies it [ko-margin]
i-07457ae77f367bf5e	b001/g10/20260812T043906-l5-000056	ko_margin_soft	0	1	0	1	p1	31	observed + spe on opp but no branch produces it [ko-margin]
i-07457ae77f367bf5e	b001/g13/20260812T043906-l6-000006	struggle_damage	1	0	1	1	p1	114	observed damage 26 on basculegion from vaporeon struggle (crit=False) not in the PS-exact roll set (nearest delta -8; max_roll 40)
i-07457ae77f367bf5e	b001/g5/20260812T043906-l3-000056	bellydrum_sitrus	0	2	0	2	p2	7	observed item loss (Sitrus Berry) on opp but no branch removes it
i-07457ae77f367bf5e	b001/g8/20260812T043906-l1-000001	struggle_damage	1	0	1	1	p1	93	observed damage 6 on dunsparce from lunala struggle (crit=False) not in the PS-exact roll set (nearest delta -1; max_roll 9)
i-07457ae77f367bf5e	b002/g14/20260812T045236-l4-000019	struggle_damage	6	0	6	6	p1+p2	116	observed damage 26 on sylveon from chimecho struggle (crit=False) not in the PS-exact roll set (nearest delta -5; max_roll 37)
i-07457ae77f367bf5e	b002/g4/20260812T045236-l3-000091	ko_margin_soft	0	1	0	1	p2	19	observed - def on opp but no branch produces it [ko-margin]
i-07457ae77f367bf5e	b003/g10/20260812T050844-l3-000034	struggle_damage	3	0	3	3	p1	83	observed damage 6 on chimecho from reuniclus struggle (crit=False) not in the PS-exact roll set (nearest delta -1; max_roll 9)
i-07457ae77f367bf5e	b003/g11/20260812T050844-l6-000030	other_categorical	1	0	0	1	p1	13	observed volatile confusion start on opp but no branch applies it
i-07457ae77f367bf5e	b003/g11/20260812T050844-l6-000047	struggle_damage	1	0	1	1	p1	25	observed damage 10 on ninetalesalola from typhlosion struggle (crit=False) not in the PS-exact roll set (nearest delta -2; max_roll 14)
i-07457ae77f367bf5e	b003/g13/20260812T050844-l2-000086	struggle_damage	1	0	1	1	p1	32	observed damage 5 on sinistchamasterpiece from kyogre struggle (crit=False) not in the PS-exact roll set (nearest delta -1; max_roll 8)
i-07457ae77f367bf5e	b003/g14/20260812T050844-l1-000068	ko_margin_soft	0	1	0	1	p1	32	observed slp on opp but no branch applies it [ko-margin]
i-07457ae77f367bf5e	b003/g5/20260812T050844-l1-000040	struggle_damage	2	0	2	2	p2	113	observed damage 5 on chesnaught from tropius struggle (crit=False) not in the PS-exact roll set (nearest delta -1; max_roll 8)
i-07457ae77f367bf5e	b004/g0/20260812T052634-l6-000023	ko_margin_soft	0	2	0	2	p1	26	observed slp on opp but no branch applies it [ko-margin]
i-07457ae77f367bf5e	b004/g11/20260812T052634-l4-000023	struggle_damage	1	0	1	1	p1	109	observed damage 12 on chienpao from sylveon struggle (crit=False) not in the PS-exact roll set (nearest delta -4; max_roll 19)
i-07457ae77f367bf5e	b004/g12/20260812T052634-l4-000080	revival_blessing	2	0	0	2	p2	6	observed + spa on user but no branch produces it
i-07457ae77f367bf5e	b004/g12/20260812T052634-l6-000012	struggle_damage	4	0	4	4	p2	134	observed damage 29 on cryogonal from screamtail struggle (crit=False) not in the PS-exact roll set (nearest delta -5; max_roll 41)
i-07457ae77f367bf5e	b004/g13/20260812T052634-l2-000002	struggle_damage	3	0	3	3	p1	29	observed damage 22 on meganium from ludicolo struggle (crit=False) not in the PS-exact roll set (nearest delta -4; max_roll 31)
i-07457ae77f367bf5e	b004/g14/20260812T052634-l1-000001	struggle_damage	1	0	1	1	p1	126	observed damage 4 on giratina from blissey struggle (crit=False) not in the PS-exact roll set (nearest delta -6; max_roll 12)
i-07457ae77f367bf5e	b004/g9/20260812T052634-l4-000086	struggle_damage	1	0	1	1	p2	91	observed damage 14 on wochien from pecharunt struggle (crit=False) not in the PS-exact roll set (nearest delta -4; max_roll 22)
i-07457ae77f367bf5e	b005/g0/20260812T054025-l2-000028	struggle_damage	17	0	17	17	p2	11	observed damage 29 on phione from volcanion struggle (crit=False) not in the PS-exact roll set (nearest delta -3; max_roll 38)
i-07457ae77f367bf5e	b005/g0/20260812T054025-l4-000016	struggle_damage	1	0	1	1	p2	27	observed damage 19 on altaria from ironcrown struggle (crit=False) not in the PS-exact roll set (nearest delta -3; max_roll 26)
i-07457ae77f367bf5e	b005/g0/20260812T054025-l5-000068	struggle_damage	1	0	1	1	p1	122	observed damage 34 on kilowattrel from tropius struggle (crit=False) not in the PS-exact roll set (nearest delta -5; max_roll 47)
i-07457ae77f367bf5e	b005/g1/20260812T054025-l1-000026	struggle_damage	1	0	1	1	p1	25	observed damage 15 on mandibuzz from grumpig struggle (crit=False) not in the PS-exact roll set (nearest delta -5; max_roll 24)
i-07457ae77f367bf5e	b005/g10/20260812T054025-l4-000048	struggle_damage	1	0	1	1	p2	54	observed damage 46 on chansey from gardevoir struggle (crit=False) not in the PS-exact roll set (nearest delta -10; max_roll 66)
i-07457ae77f367bf5e	b005/g12/20260812T054025-l4-000074	struggle_damage	1	0	1	1	p2	46	observed damage 25 on gardevoir from chimecho struggle (crit=False) not in the PS-exact roll set (nearest delta -7; max_roll 38)
i-07457ae77f367bf5e	b005/g14/20260812T054025-l4-000028	other_categorical	1	0	0	1	p1	23	observed + spa on opp but no branch produces it
i-07457ae77f367bf5e	b005/g15/20260812T054025-l6-000081	bellydrum_sitrus	0	2	0	2	p1	1	observed item loss (Sitrus Berry) on opp but no branch removes it
i-07457ae77f367bf5e	b005/g2/20260812T054025-l4-000092	bellydrum_sitrus	0	1	0	1	p1	6	observed item loss (Sitrus Berry) on opp but no branch removes it
i-07457ae77f367bf5e	b005/g6/20260812T054025-l5-000082	bellydrum_sitrus	0	1	0	1	p2	12	observed item loss (Sitrus Berry) on opp but no branch removes it
i-07457ae77f367bf5e	b005/g7/20260812T054025-l6-000007	struggle_damage	1	0	1	1	p1	35	observed damage 17 on glalie from illumise struggle (crit=False) not in the PS-exact roll set (nearest delta -5; max_roll 27)
i-07457ae77f367bf5e	b005/g9/20260812T054025-l2-000085	struggle_damage	4	0	4	4	p1	41	observed damage 39 on sandyshocks from thundurustherian struggle (crit=True) not in the PS-exact roll set (nearest delta -9; max_roll 57)
i-07457ae77f367bf5e	b006/g1/20260812T055409-l2-000002	struggle_damage	2	0	2	2	p2	131	observed damage 5 on banette from blissey struggle (crit=False) not in the PS-exact roll set (nearest delta -7; max_roll 15)
i-07457ae77f367bf5e	b006/g12/20260812T055409-l3-000032	struggle_damage	2	0	2	2	p1	107	observed damage 15 on garganacl from salazzle struggle (crit=False) not in the PS-exact roll set (nearest delta -4; max_roll 23)
i-07457ae77f367bf5e	b006/g13/20260812T055409-l5-000038	struggle_damage	2	0	2	2	p2	68	observed damage 34 on noivern from hoopa struggle (crit=False) not in the PS-exact roll set (nearest delta -7; max_roll 49)
i-07457ae77f367bf5e	b006/g4/20260812T055409-l4-000071	struggle_damage	1	0	1	1	p1	44	observed damage 7 on suicune from eternatus struggle (crit=False) not in the PS-exact roll set (nearest delta -1; max_roll 10)
i-07457ae77f367bf5e	b006/g4/20260812T055409-l5-000067	struggle_damage	2	0	2	2	p1	92	observed damage 11 on avalugg from bellibolt struggle (crit=False) not in the PS-exact roll set (nearest delta -2; max_roll 16)
i-07457ae77f367bf5e	b006/g6/20260812T055409-l4-000032	other_categorical	1	0	0	1	p2	23	observed - spd on opp but no branch produces it
i-07457ae77f367bf5e	b007/g12/20260812T060731-l4-000034	struggle_damage	2	0	2	2	p2	92	observed damage 14 on toxapex from whimsicott struggle (crit=False) not in the PS-exact roll set (nearest delta -3; max_roll 21)
i-07457ae77f367bf5e	b007/g5/20260812T060731-l4-000061	bellydrum_sitrus	0	1	0	1	p2	5	observed item loss (Sitrus Berry) on opp but no branch removes it
i-07457ae77f367bf5e	b007/g6/20260812T060731-l2-000028	bellydrum_sitrus	0	1	0	1	p1	14	observed item loss (Sitrus Berry) on opp but no branch removes it
i-07457ae77f367bf5e	b007/g7/20260812T060731-l2-000035	bellydrum_sitrus	0	1	0	1	p1	7	observed item loss (Sitrus Berry) on opp but no branch removes it
i-07457ae77f367bf5e	b008/g0/20260812T062100-l1-000063	struggle_damage	1	0	1	1	p1	76	observed damage 8 on snorlax from palossand struggle (crit=False) not in the PS-exact roll set (nearest delta -3; max_roll 13)
i-07457ae77f367bf5e	b008/g7/20260812T062100-l5-000085	revival_blessing	1	0	0	1	p1	5	observed side-condition toxicspikes change on opp but no branch produces it
i-07457ae77f367bf5e	b008/g8/20260812T062100-l1-000016	struggle_damage	1	0	1	1	p1	100	observed damage 13 on hooh from palossand struggle (crit=False) not in the PS-exact roll set (nearest delta -4; max_roll 21)
i-07457ae77f367bf5e	b008/g9/20260812T062100-l4-000035	struggle_damage	1	0	1	1	p2	27	observed damage 18 on clefable from chandelure struggle (crit=False) not in the PS-exact roll set (nearest delta -7; max_roll 30)
i-07457ae77f367bf5e	b009/g1/20260812T063427-l3-000055	ko_margin_soft	0	1	0	1	p1	29	observed + spe on opp but no branch produces it [ko-margin]
i-075e0398b7210ae1c	b000/g1/20260812T042529-l5-000062	ko_margin_soft	0	1	0	1	p2	20	observed + spe on opp but no branch produces it [ko-margin]
i-075e0398b7210ae1c	b000/g13/20260812T042529-l4-000014	bellydrum_sitrus	0	1	0	1	p1	1	observed item loss (Sitrus Berry) on opp but no branch removes it
i-075e0398b7210ae1c	b000/g3/20260812T042529-l5-000086	struggle_damage	1	0	1	1	p2	146	observed damage 8 on snorlax from arboliva struggle (crit=False) not in the PS-exact roll set (nearest delta -2; max_roll 12)
i-075e0398b7210ae1c	b000/g6/20260812T042529-l2-000075	struggle_damage	1	0	1	1	p1	72	observed damage 26 on vaporeon from gardevoir struggle (crit=False) not in the PS-exact roll set (nearest delta -5; max_roll 37)
i-075e0398b7210ae1c	b001/g4/20260812T043842-l1-000087	struggle_damage	4	0	4	4	p1+p2	116	observed damage 27 on tropius from hypno struggle (crit=False) not in the PS-exact roll set (nearest delta -7; max_roll 40)
i-075e0398b7210ae1c	b001/g7/20260812T043842-l6-000021	bellydrum_sitrus	0	1	0	1	p1	15	observed item loss (Sitrus Berry) on opp but no branch removes it
i-075e0398b7210ae1c	b002/g14/20260812T045500-l5-000007	struggle_damage	1	0	1	1	p2	49	observed damage 22 on beartic from vaporeon struggle (crit=False) not in the PS-exact roll set (nearest delta -4; max_roll 31)
i-075e0398b7210ae1c	b002/g7/20260812T045500-l6-000090	bellydrum_sitrus	0	2	0	2	p2	7	observed item loss (Sitrus Berry) on opp but no branch removes it
i-075e0398b7210ae1c	b003/g15/20260812T051027-l1-000073	struggle_damage	1	0	1	1	p2	25	observed damage 21 on dialga from typhlosion struggle (crit=False) not in the PS-exact roll set (nearest delta -6; max_roll 32)
i-075e0398b7210ae1c	b003/g2/20260812T051027-l6-000025	struggle_damage	2	0	2	2	p2	76	observed damage 7 on rotomheat from chimecho struggle (crit=False) not in the PS-exact roll set (nearest delta -4; max_roll 13)
i-075e0398b7210ae1c	b003/g6/20260812T051027-l3-000051	revival_blessing	0	1	0	1	p1	30	observed heal on user but no branch heals it
i-075e0398b7210ae1c	b003/g8/20260812T051027-l3-000017	bellydrum_sitrus	0	1	0	1	p1	24	observed item loss (Sitrus Berry) on opp but no branch removes it
i-075e0398b7210ae1c	b004/g0/20260812T052952-l4-000004	bellydrum_sitrus	0	1	0	1	p1	35	observed item loss (Sitrus Berry) on opp but no branch removes it
i-075e0398b7210ae1c	b004/g1/20260812T052952-l2-000044	bellydrum_sitrus	0	1	0	1	p1	6	observed item loss (Sitrus Berry) on opp but no branch removes it
i-075e0398b7210ae1c	b004/g10/20260812T052952-l2-000089	other_damage_rollset	2	0	2	2	p1	26	observed damage 21 on florgesblue from necrozmadawnwings photongeyser (crit=False) not in the PS-exact roll set (nearest delta -88; max_roll 129)
i-075e0398b7210ae1c	b004/g12/20260812T052952-l1-000093	ko_margin_soft	0	1	0	1	p1	35	observed slp on opp but no branch applies it [ko-margin]
i-075e0398b7210ae1c	b004/g12/20260812T052952-l3-000062	ko_margin_soft	0	2	0	2	p2	17	observed psn on opp but no branch applies it [ko-margin]
i-075e0398b7210ae1c	b004/g13/20260812T052952-l3-000008	struggle_damage	1	0	1	1	p1	24	observed damage 31 on tentacruel from raichualola struggle (crit=False) not in the PS-exact roll set (nearest delta -8; max_roll 47)
i-075e0398b7210ae1c	b004/g15/20260812T052952-l2-000035	bellydrum_sitrus	0	1	0	1	p1	15	observed item loss (Sitrus Berry) on opp but no branch removes it
i-075e0398b7210ae1c	b004/g3/20260812T052952-l5-000052	struggle_damage	2	0	2	2	p1+p2	86	observed damage 11 on arceuspsychic from eternatus struggle (crit=False) not in the PS-exact roll set (nearest delta -2; max_roll 16)
i-075e0398b7210ae1c	b004/g6/20260812T052952-l5-000045	other_categorical	3	0	0	3	p1	21	observed + spa on user but no branch produces it
i-075e0398b7210ae1c	b005/g13/20260812T054308-l6-000040	struggle_damage	2	0	2	2	p2	92	observed damage 19 on kleavor from chimecho struggle (crit=False) not in the PS-exact roll set (nearest delta -7; max_roll 31)
i-075e0398b7210ae1c	b005/g2/20260812T054308-l5-000086	struggle_damage	2	0	2	2	p1	29	observed damage 19 on hooh from chandelure struggle (crit=False) not in the PS-exact roll set (nearest delta -6; max_roll 30)
i-075e0398b7210ae1c	b005/g4/20260812T054308-l4-000048	bellydrum_sitrus	0	1	0	1	p1	4	observed item loss (Sitrus Berry) on opp but no branch removes it
i-075e0398b7210ae1c	b005/g5/20260812T054308-l2-000061	struggle_damage	14	0	14	14	p1	18	observed damage 27 on phione from lapras struggle (crit=False) not in the PS-exact roll set (nearest delta -5; max_roll 38)
i-075e0398b7210ae1c	b005/g8/20260812T054308-l4-000014	struggle_damage	1	0	1	1	p1	105	observed damage 18 on jirachi from chimecho struggle (crit=False) not in the PS-exact roll set (nearest delta -6; max_roll 29)
i-075e0398b7210ae1c	b006/g11/20260812T055609-l5-000035	revival_blessing	3	0	0	3	p1	25	observed + atk on user but no branch produces it
i-075e0398b7210ae1c	b006/g14/20260812T055609-l2-000055	bellydrum_sitrus	0	1	0	1	p2	5	observed item loss (Sitrus Berry) on opp but no branch removes it
i-075e0398b7210ae1c	b006/g14/20260812T055609-l4-000066	struggle_damage	1	0	1	1	p1	111	observed damage 9 on hitmontop from screamtail struggle (crit=False) not in the PS-exact roll set (nearest delta -2; max_roll 13)
i-075e0398b7210ae1c	b006/g3/20260812T055609-l1-000067	ko_margin_soft	0	1	0	1	p2	26	observed - atk on user but no branch produces it [ko-margin]
i-075e0398b7210ae1c	b006/g6/20260812T055609-l2-000002	bellydrum_sitrus	0	1	0	1	p2	23	observed item loss (Sitrus Berry) on opp but no branch removes it
i-075e0398b7210ae1c	b007/g10/20260812T060915-l1-000028	struggle_damage	1	0	1	1	p1	19	observed damage 68 on chansey from palkia struggle (crit=False) not in the PS-exact roll set (nearest delta -5; max_roll 86)
i-075e0398b7210ae1c	b007/g2/20260812T060915-l2-000035	ko_margin_soft	0	2	0	2	p1	42	observed - def on opp but no branch produces it [ko-margin]
i-075e0398b7210ae1c	b007/g5/20260812T060915-l1-000021	struggle_damage	1	0	1	1	p2	72	observed damage 12 on florgesblue from screamtail struggle (crit=False) not in the PS-exact roll set (nearest delta -2; max_roll 17)
i-075e0398b7210ae1c	b007/g6/20260812T060915-l1-000078	revival_blessing	1	0	0	1	p2	15	observed item loss (Heavy-Duty Boots) on opp but no branch removes it
i-075e0398b7210ae1c	b007/g7/20260812T060915-l4-000004	bellydrum_sitrus	0	1	0	1	p1	12	observed item loss (Sitrus Berry) on opp but no branch removes it
i-075e0398b7210ae1c	b007/g8/20260812T060915-l4-000020	struggle_damage	2	0	2	2	p1	37	observed damage 59 on blissey from indeedee struggle (crit=False) not in the PS-exact roll set (nearest delta -13; max_roll 85)
i-075e0398b7210ae1c	b007/g9/20260812T060915-l1-000094	revival_blessing	1	0	0	1	p2	9	observed + def on user but no branch produces it
i-075e0398b7210ae1c	b008/g9/20260812T062307-l1-000063	revival_blessing	1	0	0	1	p1	23	observed par on opp but no branch applies it
i-075e0398b7210ae1c	b008/g9/20260812T062307-l6-000044	bellydrum_sitrus	0	2	0	2	p1	1	observed item loss (Sitrus Berry) on opp but no branch removes it
i-075e0398b7210ae1c	b009/g0/20260812T063945-l5-000048	struggle_damage	1	0	1	1	p1	63	observed damage 6 on tatsugiri from blissey struggle (crit=False) not in the PS-exact roll set (nearest delta -8; max_roll 17)
i-075e0398b7210ae1c	b009/g2/20260812T063945-l3-000007	struggle_damage	3	0	3	3	p2	72	observed damage 9 on umbreon from slowkinggalar struggle (crit=False) not in the PS-exact roll set (nearest delta -2; max_roll 13)
i-075e0398b7210ae1c	b009/g3/20260812T063945-l5-000031	ko_margin_soft	0	1	0	1	p2	25	observed + spe on opp but no branch produces it [ko-margin]
i-07780c4dc5a5f7fdf	b000/g11/20260812T042537-l2-000037	struggle_damage	2	0	2	2	p2	121	observed damage 4 on oranguru from blissey struggle (crit=False) not in the PS-exact roll set (nearest delta -7; max_roll 13)
i-07780c4dc5a5f7fdf	b000/g12/20260812T042537-l5-000037	bellydrum_sitrus	0	1	0	1	p1	8	observed heal on opp but no branch heals it
i-07780c4dc5a5f7fdf	b000/g13/20260812T042537-l4-000047	bellydrum_sitrus	0	2	0	2	p1	4	observed item loss (Sitrus Berry) on opp but no branch removes it
i-07780c4dc5a5f7fdf	b000/g13/20260812T042537-l5-000089	struggle_damage	1	0	1	1	p1	26	observed damage 38 on polteageistantique from toxtricity struggle (crit=False) not in the PS-exact roll set (nearest delta -4; max_roll 50)
i-07780c4dc5a5f7fdf	b000/g6/20260812T042537-l4-000016	bellydrum_sitrus	0	1	0	1	p2	9	observed item loss (Sitrus Berry) on opp but no branch removes it
i-07780c4dc5a5f7fdf	b000/g7/20260812T042537-l1-000088	revival_blessing	1	0	0	1	p1	26	observed side-condition toxicspikes change on opp but no branch produces it
i-07780c4dc5a5f7fdf	b000/g7/20260812T042537-l5-000014	struggle_damage	1	0	1	1	p2	8	observed damage 31 on polteageistantique from ludicolo struggle (crit=False) not in the PS-exact roll set (nearest delta -9; max_roll 48)
i-07780c4dc5a5f7fdf	b001/g13/20260812T043931-l2-000056	struggle_damage	4	0	4	4	p1	102	observed damage 3 on sinistcha from blissey struggle (crit=False) not in the PS-exact roll set (nearest delta -4; max_roll 9)
i-07780c4dc5a5f7fdf	b001/g13/20260812T043931-l3-000043	struggle_damage	5	0	5	5	p1	13	observed damage 12 on snorlax from typhlosionhisui struggle (crit=False) not in the PS-exact roll set (nearest delta -4; max_roll 19)
i-07780c4dc5a5f7fdf	b001/g13/20260812T043931-l4-000078	struggle_damage	2	0	2	2	p1	31	observed damage 28 on wigglytuff from delphox struggle (crit=False) not in the PS-exact roll set (nearest delta -7; max_roll 42)
i-07780c4dc5a5f7fdf	b001/g14/20260812T043931-l2-000077	revival_blessing	0	1	0	1	p1	5	observed heal on user but no branch heals it
i-07780c4dc5a5f7fdf	b001/g4/20260812T043931-l4-000054	struggle_damage	1	0	1	1	p2	84	observed damage 30 on toxtricity from palossand struggle (crit=False) not in the PS-exact roll set (nearest delta -7; max_roll 44)
i-07780c4dc5a5f7fdf	b001/g5/20260812T043931-l1-000088	bellydrum_sitrus	0	1	0	1	p2	23	observed item loss (Sitrus Berry) on opp but no branch removes it
i-07780c4dc5a5f7fdf	b001/g6/20260812T043931-l1-000010	bellydrum_sitrus	0	1	0	1	p2	4	observed item loss (Sitrus Berry) on opp but no branch removes it
i-07780c4dc5a5f7fdf	b001/g6/20260812T043931-l3-000058	struggle_damage	1	0	1	1	p1	49	observed damage 14 on cresselia from miraidon struggle (crit=False) not in the PS-exact roll set (nearest delta -3; max_roll 20)
i-07780c4dc5a5f7fdf	b001/g6/20260812T043931-l4-000020	bellydrum_sitrus	0	1	0	1	p2	3	observed item loss (Sitrus Berry) on opp but no branch removes it
i-07780c4dc5a5f7fdf	b001/g9/20260812T043931-l6-000006	struggle_damage	1	0	1	1	p2	40	observed damage 14 on snorlax from rotom struggle (crit=False) not in the PS-exact roll set (nearest delta -6; max_roll 24)
i-07780c4dc5a5f7fdf	b002/g0/20260812T045244-l4-000078	struggle_damage	3	0	3	3	p1	14	observed damage 25 on cryogonal from chandelure struggle (crit=False) not in the PS-exact roll set (nearest delta -5; max_roll 36)
i-07780c4dc5a5f7fdf	b002/g11/20260812T045244-l1-000071	struggle_damage	1	0	1	1	p1	11	observed damage 27 on excadrill from delphox struggle (crit=False) not in the PS-exact roll set (nearest delta -9; max_roll 43)
i-07780c4dc5a5f7fdf	b002/g11/20260812T045244-l4-000034	bellydrum_sitrus	0	1	0	1	p2	13	observed item loss (Sitrus Berry) on opp but no branch removes it
i-07780c4dc5a5f7fdf	b002/g12/20260812T045244-l5-000058	struggle_damage	2	0	2	2	p2	67	observed damage 21 on giratina from articunogalar struggle (crit=False) not in the PS-exact roll set (nearest delta -5; max_roll 31)
i-07780c4dc5a5f7fdf	b002/g13/20260812T045244-l2-000074	bellydrum_sitrus	0	1	0	1	p1	11	observed heal on opp but no branch heals it
i-07780c4dc5a5f7fdf	b002/g3/20260812T045244-l3-000013	struggle_damage	1	0	1	1	p2	25	observed damage 37 on dugtrio from raichualola struggle (crit=False) not in the PS-exact roll set (nearest delta -10; max_roll 56)
i-07780c4dc5a5f7fdf	b003/g1/20260812T050524-l5-000091	bellydrum_sitrus	0	1	0	1	p2	2	observed item loss (Sitrus Berry) on opp but no branch removes it
i-07780c4dc5a5f7fdf	b003/g10/20260812T050524-l3-000025	struggle_damage	2	0	2	2	p1	121	observed damage 2 on spiritomb from chansey struggle (crit=False) not in the PS-exact roll set (nearest delta -6; max_roll 10)
i-07780c4dc5a5f7fdf	b003/g11/20260812T050524-l2-000081	struggle_damage	5	0	5	5	p1+p2	142	observed damage 3 on pecharunt from blissey struggle (crit=False) not in the PS-exact roll set (nearest delta -5; max_roll 10)
i-07780c4dc5a5f7fdf	b003/g5/20260812T050524-l6-000013	bellydrum_sitrus	0	1	0	1	p2	8	observed item loss (Sitrus Berry) on opp but no branch removes it
i-07780c4dc5a5f7fdf	b003/g6/20260812T050524-l3-000071	struggle_damage	1	0	1	1	p2	46	observed damage 15 on slowbro from rotom struggle (crit=False) not in the PS-exact roll set (nearest delta -4; max_roll 23)
i-07780c4dc5a5f7fdf	b003/g9/20260812T050524-l5-000063	struggle_damage	1	0	1	1	p1	120	observed damage 24 on volcanion from vaporeon struggle (crit=True) not in the PS-exact roll set (nearest delta -9; max_roll 39)
i-07780c4dc5a5f7fdf	b004/g13/20260812T051831-l6-000060	revival_blessing	2	0	0	2	p2	19	observed + spa on user but no branch produces it
i-07780c4dc5a5f7fdf	b004/g14/20260812T051831-l5-000064	other_categorical	2	0	0	2	p1	24	observed - def on opp but no branch produces it
i-07780c4dc5a5f7fdf	b004/g3/20260812T051831-l4-000047	struggle_damage	1	0	1	1	p1	115	observed damage 27 on kilowattrel from screamtail struggle (crit=False) not in the PS-exact roll set (nearest delta -6; max_roll 39)
i-07780c4dc5a5f7fdf	b004/g6/20260812T051831-l6-000037	ko_margin_soft	0	1	0	1	p1	21	observed slp on opp but no branch applies it [ko-margin]
i-07780c4dc5a5f7fdf	b004/g8/20260812T051831-l1-000024	struggle_damage	1	0	1	1	p2	106	observed damage 19 on mandibuzz from umbreon struggle (crit=False) not in the PS-exact roll set (nearest delta -3; max_roll 26)
i-07780c4dc5a5f7fdf	b004/g9/20260812T051831-l1-000057	struggle_damage	6	0	6	6	p1	13	observed damage 10 on dondozo from volcanion struggle (crit=False) not in the PS-exact roll set (nearest delta -1; max_roll 14)
i-07780c4dc5a5f7fdf	b004/g9/20260812T051831-l1-000087	bellydrum_sitrus	0	1	0	1	p2	14	observed heal on opp but no branch heals it
i-07780c4dc5a5f7fdf	b004/g9/20260812T051831-l2-000027	bellydrum_sitrus	0	1	0	1	p2	18	observed item loss (Sitrus Berry) on opp but no branch removes it
i-07780c4dc5a5f7fdf	b004/g9/20260812T051831-l2-000043	struggle_damage	1	0	1	1	p2	47	observed damage 24 on florgesorange from gardevoir struggle (crit=False) not in the PS-exact roll set (nearest delta -5; max_roll 35)
i-07780c4dc5a5f7fdf	b004/g9/20260812T051831-l4-000016	bellydrum_sitrus	0	2	0	2	p1	1	observed item loss (Sitrus Berry) on opp but no branch removes it
i-07780c4dc5a5f7fdf	b004/g9/20260812T051831-l5-000041	struggle_damage	2	0	2	2	p2	11	observed damage 25 on suicune from lapras struggle (crit=False) not in the PS-exact roll set (nearest delta -2; max_roll 32)
i-07780c4dc5a5f7fdf	b005/g15/20260812T053346-l6-000054	bellydrum_sitrus	0	1	0	1	p2	9	observed item loss (Sitrus Berry) on opp but no branch removes it
i-07780c4dc5a5f7fdf	b005/g3/20260812T053346-l1-000054	struggle_damage	2	0	2	2	p1	81	observed damage 23 on froslass from chimecho struggle (crit=False) not in the PS-exact roll set (nearest delta -6; max_roll 35)
i-07780c4dc5a5f7fdf	b006/g0/20260812T054641-l6-000066	bellydrum_sitrus	0	1	0	1	p2	7	observed item loss (Sitrus Berry) on opp but no branch removes it
i-07780c4dc5a5f7fdf	b006/g14/20260812T054642-l1-000059	bellydrum_sitrus	0	1	0	1	p2	1	observed item loss (Sitrus Berry) on opp but no branch removes it
i-07780c4dc5a5f7fdf	b006/g15/20260812T054642-l4-000070	struggle_damage	1	0	1	1	p1	29	observed damage 22 on hypno from oricoriosensu struggle (crit=False) not in the PS-exact roll set (nearest delta -6; max_roll 34)
i-07780c4dc5a5f7fdf	b007/g0/20260812T060208-l6-000048	struggle_damage	2	0	2	2	p1	96	observed damage 18 on goodra from exeggutor struggle (crit=False) not in the PS-exact roll set (nearest delta -3; max_roll 25)
i-07780c4dc5a5f7fdf	b007/g13/20260812T060208-l1-000079	revival_blessing	1	0	0	1	p1	6	observed side-condition stealthrock change on opp but no branch produces it
i-07780c4dc5a5f7fdf	b007/g4/20260812T060208-l4-000067	bellydrum_sitrus	0	2	0	2	p2	3	observed item loss (Sitrus Berry) on opp but no branch removes it
i-07780c4dc5a5f7fdf	b007/g6/20260812T060208-l4-000054	other_damage_rollset	1	0	1	1	p1	35	observed damage 103 on clefable from necrozma photongeyser (crit=False) not in the PS-exact roll set (nearest delta -9; max_roll 133)
i-07780c4dc5a5f7fdf	b007/g7/20260812T060208-l5-000022	bellydrum_sitrus	0	1	0	1	p2	14	observed item loss (Sitrus Berry) on opp but no branch removes it
i-07780c4dc5a5f7fdf	b007/g9/20260812T060208-l6-000015	struggle_damage	2	0	2	2	p1	79	observed damage 9 on scovillain from blissey struggle (crit=True) not in the PS-exact roll set (nearest delta -9; max_roll 22)
i-07780c4dc5a5f7fdf	b008/g14/20260812T061513-l5-000080	struggle_damage	1	0	1	1	p2	7	observed damage 25 on gengar from espeon struggle (crit=False) not in the PS-exact roll set (nearest delta -9; max_roll 40)
i-07780c4dc5a5f7fdf	b008/g6/20260812T061513-l4-000030	struggle_damage	1	0	1	1	p1	24	observed damage 21 on hypno from sylveon struggle (crit=False) not in the PS-exact roll set (nearest delta -6; max_roll 32)
i-07780c4dc5a5f7fdf	b009/g11/20260812T062829-l5-000032	struggle_damage	1	0	1	1	p2	26	observed damage 65 on blissey from kyogre struggle (crit=False) not in the PS-exact roll set (nearest delta -7; max_roll 85)
i-07780c4dc5a5f7fdf	b009/g3/20260812T062829-l3-000083	struggle_damage	1	0	1	1	p2	121	observed damage 26 on clodsire from chimecho struggle (crit=False) not in the PS-exact roll set (nearest delta -8; max_roll 41)
i-07780c4dc5a5f7fdf	b009/g5/20260812T062829-l2-000002	bellydrum_sitrus	0	1	0	1	p1	9	observed item loss (Sitrus Berry) on opp but no branch removes it
i-07780c4dc5a5f7fdf	b009/g8/20260812T062829-l5-000021	struggle_damage	1	0	1	1	p1	145	observed damage 9 on alomomola from chimecho struggle (crit=False) not in the PS-exact roll set (nearest delta -4; max_roll 16)
i-078a8a19023e45da1	b000/g13/20260812T042520-l5-000005	struggle_damage	1	0	1	1	p1	107	observed damage 11 on whiscash from sylveon struggle (crit=False) not in the PS-exact roll set (nearest delta -3; max_roll 16)
i-078a8a19023e45da1	b000/g14/20260812T042520-l2-000086	revival_blessing	1	0	0	1	p2	32	observed volatile Leech Seed start on opp but no branch applies it
i-078a8a19023e45da1	b001/g0/20260812T043921-l2-000080	bellydrum_sitrus	1	1	0	2	p1	6	observed item loss (Sitrus Berry) on opp but no branch removes it
i-078a8a19023e45da1	b001/g1/20260812T043921-l3-000045	struggle_damage	1	0	1	1	p2	106	observed damage 19 on mudsdale from umbreon struggle (crit=False) not in the PS-exact roll set (nearest delta -3; max_roll 27)
i-078a8a19023e45da1	b001/g10/20260812T043921-l2-000025	revival_blessing	1	0	0	1	p1	21	observed side-condition stealthrock change on opp but no branch produces it
i-078a8a19023e45da1	b001/g13/20260812T043921-l1-000081	struggle_damage	2	0	2	2	p2	133	observed damage 17 on screamtail from umbreon struggle (crit=False) not in the PS-exact roll set (nearest delta -5; max_roll 27)
i-078a8a19023e45da1	b001/g14/20260812T043921-l1-000067	ko_margin_soft	0	5	0	5	p2	9	observed - def on opp but no branch produces it [ko-margin]
i-078a8a19023e45da1	b001/g15/20260812T043921-l6-000067	ko_margin_soft	0	1	0	1	p2	7	observed - spa on opp but no branch produces it [ko-margin]
i-078a8a19023e45da1	b001/g5/20260812T043921-l6-000006	bellydrum_sitrus	0	1	0	1	p2	11	observed item loss (Sitrus Berry) on opp but no branch removes it
i-078a8a19023e45da1	b001/g6/20260812T043921-l2-000023	bellydrum_sitrus	0	1	0	1	p1	16	observed item loss (Sitrus Berry) on opp but no branch removes it
i-078a8a19023e45da1	b001/g6/20260812T043921-l5-000005	bellydrum_sitrus	0	1	0	1	p2	5	observed item loss (Sitrus Berry) on opp but no branch removes it
i-078a8a19023e45da1	b001/g9/20260812T043921-l5-000053	struggle_damage	4	0	4	4	p1	87	observed damage 25 on suicune from volcanion struggle (crit=False) not in the PS-exact roll set (nearest delta -2; max_roll 32)
i-078a8a19023e45da1	b002/g1/20260812T045315-l5-000056	bellydrum_sitrus	0	1	0	1	p2	16	observed item loss (Sitrus Berry) on opp but no branch removes it
i-078a8a19023e45da1	b002/g15/20260812T045315-l3-000034	struggle_damage	2	0	2	2	p2	36	observed damage 31 on fluttermane from kyogre struggle (crit=False) not in the PS-exact roll set (nearest delta -8; max_roll 46)
i-078a8a19023e45da1	b002/g4/20260812T045315-l5-000094	struggle_damage	1	0	1	1	p1	36	observed damage 5 on arceuspsychic from calyrexshadow struggle (crit=False) not in the PS-exact roll set (nearest delta -1; max_roll 8)
i-078a8a19023e45da1	b002/g5/20260812T045315-l1-000046	struggle_damage	2	0	2	2	p2	41	observed damage 12 on bisharp from keldeoresolute struggle (crit=False) not in the PS-exact roll set (nearest delta -4; max_roll 19)
i-078a8a19023e45da1	b002/g5/20260812T045315-l1-000087	bellydrum_sitrus	0	1	0	1	p2	7	observed item loss (Sitrus Berry) on opp but no branch removes it
i-078a8a19023e45da1	b002/g8/20260812T045315-l4-000062	struggle_damage	1	0	1	1	p2	41	observed damage 16 on wochien from kyogre struggle (crit=False) not in the PS-exact roll set (nearest delta -1; max_roll 21)
i-078a8a19023e45da1	b003/g1/20260812T050709-l3-000003	ko_margin_soft	0	1	0	1	p1	12	observed slp on opp but no branch applies it [ko-margin]
i-078a8a19023e45da1	b003/g11/20260812T050709-l1-000015	other_damage_rollset	1	0	1	1	p1	15	observed damage 45 on palossand from electrode terablast (crit=False) not in the PS-exact roll set (nearest delta +9; max_roll 36)
i-078a8a19023e45da1	b003/g11/20260812T050709-l3-000050	bellydrum_sitrus	0	1	0	1	p2	5	observed item loss (Sitrus Berry) on opp but no branch removes it
i-078a8a19023e45da1	b003/g12/20260812T050709-l2-000041	struggle_damage	1	0	1	1	p1	53	observed damage 22 on uxie from reuniclus struggle (crit=False) not in the PS-exact roll set (nearest delta -5; max_roll 32)
i-078a8a19023e45da1	b003/g15/20260812T050709-l3-000068	struggle_damage	1	0	1	1	p2	35	observed damage 17 on komala from calyrexshadow struggle (crit=False) not in the PS-exact roll set (nearest delta -5; max_roll 26)
i-078a8a19023e45da1	b003/g3/20260812T050709-l3-000042	struggle_damage	4	0	4	4	p1	87	observed damage 9 on gogoat from tropius struggle (crit=False) not in the PS-exact roll set (nearest delta -2; max_roll 14)
i-078a8a19023e45da1	b003/g5/20260812T050709-l4-000022	struggle_damage	1	0	1	1	p1	22	observed damage 21 on suicune from lapras struggle (crit=False) not in the PS-exact roll set (nearest delta -6; max_roll 32)
i-078a8a19023e45da1	b004/g0/20260812T052042-l5-000075	struggle_damage	6	0	6	6	p2	83	observed damage 35 on cryogonal from lunala struggle (crit=False) not in the PS-exact roll set (nearest delta -2; max_roll 44)
i-078a8a19023e45da1	b004/g15/20260812T052042-l3-000065	other_categorical	1	0	0	1	p1	66	observed volatile Charge start on opp but no branch applies it
i-078a8a19023e45da1	b004/g2/20260812T052042-l2-000094	bellydrum_sitrus	0	1	0	1	p2	19	observed item loss (Sitrus Berry) on opp but no branch removes it
i-078a8a19023e45da1	b004/g3/20260812T052042-l3-000025	struggle_damage	6	0	6	6	p1	47	observed damage 33 on vaporeon from lapras struggle (crit=False) not in the PS-exact roll set (nearest delta -7; max_roll 48)
i-078a8a19023e45da1	b004/g6/20260812T052042-l1-000048	struggle_damage	5	0	5	5	p1+p2	128	observed damage 22 on umbreon from giratina struggle (crit=False) not in the PS-exact roll set (nearest delta -1; max_roll 28)
i-078a8a19023e45da1	b005/g0/20260812T053424-l6-000017	struggle_damage	2	0	2	2	p2	99	observed damage 18 on corviknight from umbreon struggle (crit=False) not in the PS-exact roll set (nearest delta -4; max_roll 27)
i-078a8a19023e45da1	b005/g1/20260812T053424-l2-000056	struggle_damage	2	0	2	2	p2	149	observed damage 5 on polteageistantique from chansey struggle (crit=False) not in the PS-exact roll set (nearest delta -14; max_roll 23)
i-078a8a19023e45da1	b005/g2/20260812T053424-l1-000023	bellydrum_sitrus	0	1	0	1	p2	16	observed item loss (Sitrus Berry) on opp but no branch removes it
i-078a8a19023e45da1	b005/g7/20260812T053424-l3-000042	bellydrum_sitrus	0	1	0	1	p1	35	observed item loss (Sitrus Berry) on opp but no branch removes it
i-078a8a19023e45da1	b005/g9/20260812T053424-l6-000007	struggle_damage	1	0	1	1	p1	98	observed damage 12 on dipplin from clefable struggle (crit=False) not in the PS-exact roll set (nearest delta -2; max_roll 17)
i-078a8a19023e45da1	b006/g11/20260812T054854-l2-000016	struggle_damage	2	0	2	2	p1	55	observed damage 4 on deoxysdefense from indeedee struggle (crit=False) not in the PS-exact roll set (nearest delta -1; max_roll 6)
i-078a8a19023e45da1	b006/g14/20260812T054854-l2-000028	bellydrum_sitrus	0	1	0	1	p1	4	observed item loss (Sitrus Berry) on opp but no branch removes it
i-078a8a19023e45da1	b006/g3/20260812T054854-l1-000066	bellydrum_sitrus	0	1	0	1	p2	21	observed tox on opp but no branch applies it [ko-margin]
i-078a8a19023e45da1	b006/g5/20260812T054854-l4-000037	struggle_damage	1	0	1	1	p1	111	observed damage 25 on jirachi from phione struggle (crit=False) not in the PS-exact roll set (nearest delta -7; max_roll 38)
i-078a8a19023e45da1	b006/g8/20260812T054854-l4-000085	struggle_damage	7	0	7	7	p1+p2	102	observed damage 13 on giratina from comfey struggle (crit=False) not in the PS-exact roll set (nearest delta -7; max_roll 24)
i-078a8a19023e45da1	b007/g6/20260812T060252-l5-000076	struggle_damage	1	0	1	1	p1	16	observed damage 10 on golem from delphox struggle (crit=False) not in the PS-exact roll set (nearest delta -2; max_roll 15)
i-078a8a19023e45da1	b007/g8/20260812T060253-l4-000004	struggle_damage	1	0	1	1	p1	19	observed damage 32 on lunala from volcanion struggle (crit=False) not in the PS-exact roll set (nearest delta -6; max_roll 45)
i-078a8a19023e45da1	b007/g8/20260812T060253-l6-000077	bellydrum_sitrus	0	2	0	2	p1	3	observed item loss (Sitrus Berry) on opp but no branch removes it
i-078a8a19023e45da1	b008/g0/20260812T061957-l1-000089	struggle_damage	2	0	2	2	p1	98	observed damage 28 on florges from pecharunt struggle (crit=False) not in the PS-exact roll set (nearest delta -3; max_roll 37)
i-078a8a19023e45da1	b008/g12/20260812T061957-l2-000027	struggle_damage	1	0	1	1	p1	104	observed damage 22 on miraidon from carbink struggle (crit=False) not in the PS-exact roll set (nearest delta -6; max_roll 33)
i-078a8a19023e45da1	b008/g2/20260812T061957-l6-000062	other_categorical	0	1	0	1	p2	10	observed item loss (Sitrus Berry) on opp but no branch removes it
i-078a8a19023e45da1	b008/g9/20260812T061957-l3-000049	ko_margin_soft	0	1	0	1	p1	16	observed slp on user but no branch applies it [ko-margin]
i-078a8a19023e45da1	b009/g10/20260812T063312-l4-000094	struggle_damage	1	0	1	1	p1	97	observed damage 18 on pelipper from alcremierubycream struggle (crit=False) not in the PS-exact roll set (nearest delta -6; max_roll 29)
i-078a8a19023e45da1	b009/g12/20260812T063312-l2-000077	bellydrum_sitrus	0	1	0	1	p2	9	observed heal on opp but no branch heals it
i-078a8a19023e45da1	b009/g7/20260812T063312-l1-000043	struggle_damage	6	0	6	6	p1	99	observed damage 26 on reuniclus from tropius struggle (crit=False) not in the PS-exact roll set (nearest delta -6; max_roll 38)
i-078a8a19023e45da1	b009/g8/20260812T063312-l4-000045	struggle_damage	4	0	4	4	p1	17	observed damage 30 on komala from typhlosionhisui struggle (crit=False) not in the PS-exact roll set (nearest delta -5; max_roll 42)
i-079ea87d66f325fdc	b000/g10/20260812T042518-l2-000002	struggle_damage	1	0	1	1	p2	91	observed damage 11 on bellossom from wigglytuff struggle (crit=False) not in the PS-exact roll set (nearest delta -2; max_roll 16)
i-079ea87d66f325fdc	b000/g14/20260812T042518-l6-000051	struggle_damage	2	0	2	2	p1	82	observed damage 30 on fluttermane from umbreon struggle (crit=False) not in the PS-exact roll set (nearest delta -9; max_roll 46)
i-079ea87d66f325fdc	b000/g2/20260812T042518-l3-000074	ko_margin_soft	0	1	0	1	p1	43	observed slp on user but no branch applies it [ko-margin]
i-079ea87d66f325fdc	b000/g2/20260812T042518-l5-000039	struggle_damage	1	0	1	1	p2	86	observed damage 24 on magmortar from sylveon struggle (crit=False) not in the PS-exact roll set (nearest delta -6; max_roll 36)
i-079ea87d66f325fdc	b000/g6/20260812T042518-l1-000088	struggle_damage	2	0	2	2	p1	106	observed damage 38 on latios from deoxysdefense struggle (crit=True) not in the PS-exact roll set (nearest delta -7; max_roll 54)
i-079ea87d66f325fdc	b000/g9/20260812T042518-l3-000090	revival_blessing	1	0	0	1	p2	20	observed + spa on user but no branch produces it
i-079ea87d66f325fdc	b001/g13/20260812T043813-l3-000042	struggle_damage	1	0	1	1	p2	38	observed damage 54 on wigglytuff from scovillain struggle (crit=False) not in the PS-exact roll set (nearest delta -3; max_roll 68)
i-079ea87d66f325fdc	b001/g15/20260812T043813-l3-000034	struggle_damage	1	0	1	1	p2	117	observed damage 18 on clodsire from sceptile struggle (crit=False) not in the PS-exact roll set (nearest delta -4; max_roll 26)
i-079ea87d66f325fdc	b001/g15/20260812T043813-l3-000091	ko_margin_soft	0	5	0	5	p2	20	observed - def on opp but no branch produces it [ko-margin]
i-079ea87d66f325fdc	b001/g3/20260812T043813-l2-000072	struggle_damage	1	0	1	1	p1	64	observed damage 14 on dipplin from sceptile struggle (crit=False) not in the PS-exact roll set (nearest delta -3; max_roll 21)
i-079ea87d66f325fdc	b001/g3/20260812T043813-l3-000003	other_categorical	1	0	0	1	p1	4	observed + spa on opp but no branch produces it
i-079ea87d66f325fdc	b001/g4/20260812T043813-l4-000090	revival_blessing	1	0	0	1	p1	13	observed - spa on opp but no branch produces it
i-079ea87d66f325fdc	b001/g6/20260812T043813-l4-000004	other_categorical	1	0	0	1	p1	13	observed + spa on opp but no branch produces it
i-079ea87d66f325fdc	b002/g0/20260812T045135-l4-000051	struggle_damage	2	0	2	2	p1	10	observed damage 25 on arceuswater from volcanion struggle (crit=False) not in the PS-exact roll set (nearest delta -5; max_roll 36)
i-079ea87d66f325fdc	b002/g1/20260812T045135-l4-000004	ko_margin_soft	0	1	0	1	p2	22	observed slp on opp but no branch applies it [ko-margin]
i-079ea87d66f325fdc	b002/g15/20260812T045136-l2-000041	struggle_damage	1	0	1	1	p1	104	observed damage 21 on vespiquen from phione struggle (crit=False) not in the PS-exact roll set (nearest delta -5; max_roll 31)
i-079ea87d66f325fdc	b002/g5/20260812T045135-l2-000030	struggle_damage	4	0	4	4	p2	27	observed damage 22 on vaporeon from gardevoir struggle (crit=False) not in the PS-exact roll set (nearest delta -9; max_roll 37)
i-079ea87d66f325fdc	b002/g6/20260812T045135-l5-000056	struggle_damage	4	0	4	4	p1	89	observed damage 25 on dudunsparcethreesegment from palossand struggle (crit=False) not in the PS-exact roll set (nearest delta -8; max_roll 39)
i-079ea87d66f325fdc	b002/g8/20260812T045136-l1-000060	struggle_damage	2	0	2	2	p2	20	observed damage 19 on arceusfairy from delphox struggle (crit=False) not in the PS-exact roll set (nearest delta -5; max_roll 29)
i-079ea87d66f325fdc	b003/g0/20260812T050735-l6-000025	struggle_damage	5	0	5	5	p2	107	observed damage 19 on shaymin from chimecho struggle (crit=False) not in the PS-exact roll set (nearest delta -4; max_roll 28)
i-079ea87d66f325fdc	b003/g13/20260812T050735-l5-000043	other_categorical	0	1	0	1	p2	19	observed heal on user but no branch heals it
i-079ea87d66f325fdc	b003/g15/20260812T050735-l1-000047	ko_margin_soft	0	1	0	1	p1	33	observed slp on opp but no branch applies it [ko-margin]
i-079ea87d66f325fdc	b003/g15/20260812T050735-l5-000029	struggle_damage	2	0	2	2	p1	95	observed damage 23 on screamtail from latios struggle (crit=False) not in the PS-exact roll set (nearest delta -2; max_roll 30)
i-079ea87d66f325fdc	b003/g9/20260812T050735-l1-000013	bellydrum_sitrus	0	1	0	1	p1	11	observed heal on opp but no branch heals it
i-079ea87d66f325fdc	b004/g15/20260812T052043-l3-000008	struggle_damage	2	0	2	2	p2	114	observed damage 18 on hydrapple from reuniclus struggle (crit=False) not in the PS-exact roll set (nearest delta -5; max_roll 28)
i-079ea87d66f325fdc	b004/g9/20260812T052043-l3-000030	struggle_damage	3	0	3	3	p1	111	observed damage 18 on dondozo from vaporeon struggle (crit=False) not in the PS-exact roll set (nearest delta -4; max_roll 27)
i-079ea87d66f325fdc	b004/g9/20260812T052043-l6-000077	revival_blessing	1	0	0	1	p1	9	observed item loss (Heavy-Duty Boots) on opp but no branch removes it
i-079ea87d66f325fdc	b005/g3/20260812T053612-l2-000057	ko_margin_soft	0	1	0	1	p2	11	observed volatile Leech Seed start on user but no branch applies it [ko-margin]
i-079ea87d66f325fdc	b006/g10/20260812T054958-l5-000066	struggle_damage	3	0	3	3	p2	91	observed damage 12 on dipplin from screamtail struggle (crit=False) not in the PS-exact roll set (nearest delta -2; max_roll 17)
i-079ea87d66f325fdc	b006/g15/20260812T054958-l1-000082	struggle_damage	2	0	2	2	p2	30	observed damage 57 on chansey from typhlosionhisui struggle (crit=False) not in the PS-exact roll set (nearest delta -10; max_roll 79)
i-079ea87d66f325fdc	b006/g2/20260812T054958-l5-000080	struggle_damage	1	0	1	1	p1	41	observed damage 35 on gallade from ludicolo struggle (crit=False) not in the PS-exact roll set (nearest delta -4; max_roll 46)
i-079ea87d66f325fdc	b006/g8/20260812T054958-l5-000071	struggle_damage	1	0	1	1	p1	72	observed damage 23 on vaporeon from gardevoir struggle (crit=False) not in the PS-exact roll set (nearest delta -8; max_roll 37)
i-079ea87d66f325fdc	b006/g8/20260812T054958-l6-000026	bellydrum_sitrus	0	1	0	1	p1	17	observed item loss (Sitrus Berry) on opp but no branch removes it
i-079ea87d66f325fdc	b007/g0/20260812T060359-l1-000073	struggle_damage	1	0	1	1	p1	29	observed damage 27 on gogoat from hoopa struggle (crit=False) not in the PS-exact roll set (nearest delta -4; max_roll 37)
i-079ea87d66f325fdc	b007/g13/20260812T060359-l2-000022	struggle_damage	1	0	1	1	p1	115	observed damage 23 on gothitelle from arboliva struggle (crit=False) not in the PS-exact roll set (nearest delta -4; max_roll 32)
i-079ea87d66f325fdc	b007/g14/20260812T060359-l2-000071	bellydrum_sitrus	0	1	0	1	p2	14	observed heal on opp but no branch heals it
i-079ea87d66f325fdc	b007/g4/20260812T060359-l5-000019	struggle_damage	2	0	2	2	p2	50	observed damage 22 on charizard from volcanion struggle (crit=False) not in the PS-exact roll set (nearest delta -1; max_roll 28)
i-079ea87d66f325fdc	b007/g9/20260812T060359-l1-000082	struggle_damage	1	0	1	1	p1	55	observed damage 14 on vaporeon from hydrapple struggle (crit=False) not in the PS-exact roll set (nearest delta -4; max_roll 21)
i-079ea87d66f325fdc	b008/g10/20260812T061658-l4-000021	bellydrum_sitrus	0	1	0	1	p2	1	observed item loss (Sitrus Berry) on opp but no branch removes it
i-079ea87d66f325fdc	b008/g15/20260812T061658-l1-000018	struggle_damage	3	0	3	3	p1	78	observed damage 20 on regigigas from arboliva struggle (crit=False) not in the PS-exact roll set (nearest delta -5; max_roll 30)
i-079ea87d66f325fdc	b008/g15/20260812T061658-l4-000012	struggle_damage	4	0	4	4	p1	93	observed damage 7 on chandelure from blissey struggle (crit=True) not in the PS-exact roll set (nearest delta -10; max_roll 21)
i-079ea87d66f325fdc	b008/g2/20260812T061658-l5-000053	revival_blessing,other_categorical	3	0	0	3	p1	4	observed brn on opp but no branch applies it
i-079ea87d66f325fdc	b008/g3/20260812T061658-l1-000017	struggle_damage	1	0	1	1	p1	26	observed damage 24 on vileplume from ludicolo struggle (crit=False) not in the PS-exact roll set (nearest delta -6; max_roll 36)
i-079ea87d66f325fdc	b008/g3/20260812T061658-l5-000075	ko_margin_soft	0	1	0	1	p2	21	observed slp on opp but no branch applies it [ko-margin]
i-079ea87d66f325fdc	b008/g5/20260812T061658-l1-000038	struggle_damage	2	0	2	2	p2	82	observed damage 16 on piloswine from cresselia struggle (crit=False) not in the PS-exact roll set (nearest delta -1; max_roll 21)
i-079ea87d66f325fdc	b008/g7/20260812T061658-l6-000074	struggle_damage	2	0	2	2	p1	127	observed damage 28 on sylveon from zapdos struggle (crit=False) not in the PS-exact roll set (nearest delta -6; max_roll 40)
i-079ea87d66f325fdc	b009/g1/20260812T063023-l4-000086	ko_margin_soft	0	1	0	1	p2	4	observed slp on user but no branch applies it [ko-margin]
i-079ea87d66f325fdc	b009/g4/20260812T063023-l2-000016	struggle_damage	1	0	1	1	p1	140	observed damage 19 on groudon from vileplume struggle (crit=False) not in the PS-exact roll set (nearest delta -5; max_roll 29)
i-07bb1fc77b2e34a2e	b000/g0/20260812T025431-l6-000046	struggle_damage	9	0	9	9	p2	24	observed damage 28 on phione from lapras struggle (crit=False) not in the PS-exact roll set (nearest delta -4; max_roll 38)
i-07bb1fc77b2e34a2e	b000/g13/20260812T025431-l4-000029	struggle_damage	2	0	2	2	p2	105	observed damage 20 on stonjourner from sceptile struggle (crit=False) not in the PS-exact roll set (nearest delta -1; max_roll 25)
i-07bb1fc77b2e34a2e	b000/g14/20260812T025431-l3-000064	struggle_damage	1	0	1	1	p2	22	observed damage 23 on porygon2 from hoopa struggle (crit=False) not in the PS-exact roll set (nearest delta -3; max_roll 31)
i-07bb1fc77b2e34a2e	b000/g2/20260812T025431-l2-000069	ko_margin_soft	0	1	0	1	p1	13	observed + spe on opp but no branch produces it [ko-margin]
i-07bb1fc77b2e34a2e	b000/g3/20260812T025431-l5-000093	struggle_damage	1	0	1	1	p2	31	observed damage 12 on gengar from milotic struggle (crit=False) not in the PS-exact roll set (nearest delta -3; max_roll 18)
i-07bb1fc77b2e34a2e	b000/g5/20260812T025431-l3-000059	struggle_damage	1	0	1	1	p1	72	observed damage 30 on ursaluna from exeggutor struggle (crit=False) not in the PS-exact roll set (nearest delta -4; max_roll 40)
i-07bb1fc77b2e34a2e	b000/g6/20260812T025431-l1-000014	struggle_damage	2	0	2	2	p1	52	observed damage 26 on suicune from volcanion struggle (crit=False) not in the PS-exact roll set (nearest delta -1; max_roll 32)
i-07bb1fc77b2e34a2e	b000/g9/20260812T025431-l1-000082	struggle_damage	1	0	1	1	p1	97	observed damage 20 on glaceon from arceusbug struggle (crit=False) not in the PS-exact roll set (nearest delta -2; max_roll 27)
i-07bb1fc77b2e34a2e	b001/g1/20260812T030722-l3-000025	revival_blessing	1	0	0	1	p2	29	observed - spa on user but no branch produces it
i-07bb1fc77b2e34a2e	b001/g11/20260812T030722-l5-000067	struggle_damage	2	0	2	2	p2	116	observed damage 40 on ampharos from scovillain struggle (crit=False) not in the PS-exact roll set (nearest delta -1; max_roll 49)
i-07bb1fc77b2e34a2e	b001/g13/20260812T030722-l3-000091	ko_margin_soft,other_categorical	0	2	0	2	p1	34	observed - atk on user but no branch produces it [ko-margin]
i-07bb1fc77b2e34a2e	b001/g13/20260812T030722-l4-000031	struggle_damage	1	0	1	1	p1	90	observed damage 11 on giratina from arboliva struggle (crit=False) not in the PS-exact roll set (nearest delta -2; max_roll 16)
i-07bb1fc77b2e34a2e	b001/g15/20260812T030722-l2-000044	struggle_damage	1	0	1	1	p2	62	observed damage 43 on blissey from gholdengo struggle (crit=False) not in the PS-exact roll set (nearest delta -14; max_roll 68)
i-07bb1fc77b2e34a2e	b001/g4/20260812T030722-l1-000035	struggle_damage	1	0	1	1	p1	24	observed damage 29 on froslass from kyuremwhite struggle (crit=False) not in the PS-exact roll set (nearest delta -5; max_roll 41)
i-07bb1fc77b2e34a2e	b001/g8/20260812T030722-l3-000039	bellydrum_sitrus	0	1	0	1	p1	32	observed item loss (Sitrus Berry) on opp but no branch removes it
i-07bb1fc77b2e34a2e	b001/g9/20260812T030722-l4-000026	struggle_damage	1	0	1	1	p1	91	observed damage 15 on breloom from noivern struggle (crit=False) not in the PS-exact roll set (nearest delta -3; max_roll 22)
i-07bb1fc77b2e34a2e	b002/g14/20260812T031957-l4-000042	struggle_damage	1	0	1	1	p1	31	observed damage 34 on oricoriopau from reuniclus struggle (crit=False) not in the PS-exact roll set (nearest delta -12; max_roll 55)
i-07bb1fc77b2e34a2e	b002/g9/20260812T031956-l2-000072	struggle_damage	1	0	1	1	p1	23	observed damage 36 on gengar from kyuremwhite struggle (crit=False) not in the PS-exact roll set (nearest delta -4; max_roll 48)
i-07bb1fc77b2e34a2e	b002/g9/20260812T031956-l3-000036	ko_margin_soft	0	1	0	1	p1	30	observed slp on opp but no branch applies it [ko-margin]
i-07bb1fc77b2e34a2e	b003/g13/20260812T033237-l5-000074	ko_margin_soft	0	1	0	1	p2	34	observed slp on opp but no branch applies it [ko-margin]
i-07bb1fc77b2e34a2e	b003/g15/20260812T033237-l4-000046	struggle_damage	1	0	1	1	p2	58	observed damage 113 on chansey from sunflora struggle (crit=True) not in the PS-exact roll set (nearest delta -19; max_roll 156)
i-07bb1fc77b2e34a2e	b003/g15/20260812T033237-l6-000089	struggle_damage	1	0	1	1	p1	117	observed damage 93 on blissey from cresselia struggle (crit=True) not in the PS-exact roll set (nearest delta -12; max_roll 124)
i-07bb1fc77b2e34a2e	b003/g3/20260812T033237-l2-000044	struggle_damage	1	0	1	1	p1	32	observed damage 19 on pawmot from miraidon struggle (crit=False) not in the PS-exact roll set (nearest delta -4; max_roll 28)
i-07bb1fc77b2e34a2e	b004/g0/20260812T034638-l3-000045	struggle_damage	4	0	4	4	p1	66	observed damage 28 on farigiraf from lunala struggle (crit=False) not in the PS-exact roll set (nearest delta -1; max_roll 35)
i-07bb1fc77b2e34a2e	b004/g14/20260812T034638-l3-000037	ko_margin_soft	0	1	0	1	p2	11	observed - spa on opp but no branch produces it [ko-margin]
i-07bb1fc77b2e34a2e	b004/g15/20260812T034638-l4-000083	struggle_damage	1	0	1	1	p2	83	observed damage 20 on bronzong from sceptile struggle (crit=False) not in the PS-exact roll set (nearest delta -5; max_roll 30)
i-07bb1fc77b2e34a2e	b004/g8/20260812T034638-l3-000010	other_categorical	1	0	0	1	p1	9	observed + spa on opp but no branch produces it
i-07bb1fc77b2e34a2e	b005/g0/20260812T040052-l3-000030	bellydrum_sitrus	0	1	0	1	p2	21	observed item loss (Sitrus Berry) on opp but no branch removes it
i-07bb1fc77b2e34a2e	b005/g7/20260812T040052-l2-000002	struggle_damage	1	0	1	1	p2	81	observed damage 29 on mismagius from arboliva struggle (crit=False) not in the PS-exact roll set (nearest delta -10; max_roll 46)
i-0809634db6ccd834e	b000/g0/20260812T065022-l3-000015	struggle_damage	1	0	1	1	p2	20	observed damage 18 on hypno from comfey struggle (crit=False) not in the PS-exact roll set (nearest delta -5; max_roll 28)
i-0809634db6ccd834e	b000/g0/20260812T065022-l5-000033	struggle_damage	1	0	1	1	p2	11	observed damage 15 on misdreavus from typhlosion struggle (crit=False) not in the PS-exact roll set (nearest delta -2; max_roll 20)
i-0809634db6ccd834e	b000/g15/20260812T065022-l3-000016	struggle_damage	1	0	1	1	p2	91	observed damage 27 on grumpig from tropius struggle (crit=False) not in the PS-exact roll set (nearest delta -7; max_roll 40)
i-0809634db6ccd834e	b000/g2/20260812T065022-l1-000045	struggle_damage	1	0	1	1	p1	52	observed damage 15 on gogoat from hydrapple struggle (crit=False) not in the PS-exact roll set (nearest delta -2; max_roll 21)
i-0809634db6ccd834e	b000/g5/20260812T065022-l6-000046	ko_margin_soft	0	1	0	1	p1	86	observed slp on opp but no branch applies it [ko-margin]
i-0809acc9c2b954b59	b000/g1/20260812T042525-l4-000030	other_categorical	2	0	0	2	p2	19	observed - def on opp but no branch produces it
i-0809acc9c2b954b59	b000/g1/20260812T042525-l5-000092	ko_margin_soft	0	1	0	1	p2	30	observed slp on opp but no branch applies it [ko-margin]
i-0809acc9c2b954b59	b000/g11/20260812T042525-l1-000054	bellydrum_sitrus	0	1	0	1	p2	13	observed item loss (Sitrus Berry) on opp but no branch removes it
i-0809acc9c2b954b59	b000/g14/20260812T042525-l2-000007	struggle_damage	1	0	1	1	p1	90	observed damage 4 on deoxysdefense from noctowl struggle (crit=False) not in the PS-exact roll set (nearest delta -1; max_roll 6)
i-0809acc9c2b954b59	b000/g5/20260812T042525-l4-000004	struggle_damage	1	0	1	1	p1	110	observed damage 20 on umbreon from arboliva struggle (crit=False) not in the PS-exact roll set (nearest delta -5; max_roll 30)
i-0809acc9c2b954b59	b000/g9/20260812T042525-l2-000055	struggle_damage	1	0	1	1	p2	70	observed damage 15 on meganium from arceusfighting struggle (crit=False) not in the PS-exact roll set (nearest delta -2; max_roll 20)
i-0809acc9c2b954b59	b001/g11/20260812T043956-l3-000083	ko_margin_soft	0	1	0	1	p2	16	observed + spe on opp but no branch produces it [ko-margin]
i-0809acc9c2b954b59	b001/g12/20260812T043956-l4-000056	revival_blessing	1	0	0	1	p1	13	observed frz on opp but no branch applies it
i-0809acc9c2b954b59	b001/g15/20260812T043956-l3-000074	struggle_damage	1	0	1	1	p1	18	observed damage 66 on blissey from typhlosionhisui struggle (crit=False) not in the PS-exact roll set (nearest delta -19; max_roll 101)
i-0809acc9c2b954b59	b001/g2/20260812T043956-l2-000094	bellydrum_sitrus	0	1	0	1	p1	6	observed item loss (Sitrus Berry) on opp but no branch removes it
i-0809acc9c2b954b59	b001/g4/20260812T043956-l6-000049	other_categorical	1	0	0	1	p1	10	observed psn on opp but no branch applies it
i-0809acc9c2b954b59	b002/g10/20260812T045606-l4-000057	bellydrum_sitrus	0	1	0	1	p2	5	observed item loss (Sitrus Berry) on opp but no branch removes it
i-0809acc9c2b954b59	b002/g3/20260812T045606-l2-000063	bellydrum_sitrus	0	1	0	1	p1	17	observed item loss (Sitrus Berry) on opp but no branch removes it
i-0809acc9c2b954b59	b002/g7/20260812T045606-l1-000015	struggle_damage	1	0	1	1	p2	30	observed damage 6 on snorlax from fluttermane struggle (crit=False) not in the PS-exact roll set (nearest delta -1; max_roll 9)
i-0809acc9c2b954b59	b002/g8/20260812T045606-l2-000002	struggle_damage	3	0	3	3	p1	85	observed damage 20 on misdreavus from arboliva struggle (crit=False) not in the PS-exact roll set (nearest delta -5; max_roll 30)
i-0809acc9c2b954b59	b002/g9/20260812T045606-l5-000065	struggle_damage	2	0	2	2	p2	37	observed damage 51 on chansey from ludicolo struggle (crit=False) not in the PS-exact roll set (nearest delta -17; max_roll 81)
i-0809acc9c2b954b59	b003/g0/20260812T051128-l1-000080	struggle_damage	1	0	1	1	p2	107	observed damage 69 on deoxysattack from wigglytuff struggle (crit=False) not in the PS-exact roll set (nearest delta -22; max_roll 108)
i-0809acc9c2b954b59	b003/g10/20260812T051128-l1-000001	struggle_damage	2	0	2	2	p2	161	observed damage 31 on alomomola from shaymin struggle (crit=False) not in the PS-exact roll set (nearest delta -2; max_roll 39)
i-0809acc9c2b954b59	b003/g11/20260812T051128-l2-000011	struggle_damage	1	0	1	1	p2	50	observed damage 23 on mesprit from slowking struggle (crit=False) not in the PS-exact roll set (nearest delta -3; max_roll 31)
i-0809acc9c2b954b59	b003/g13/20260812T051128-l5-000054	ko_margin_soft	0	1	0	1	p2	36	observed slp on opp but no branch applies it [ko-margin]
i-0809acc9c2b954b59	b003/g14/20260812T051128-l5-000054	struggle_damage	4	0	4	4	p2	141	observed damage 75 on blissey from wigglytuff struggle (crit=False) not in the PS-exact roll set (nearest delta -23; max_roll 116)
i-0809acc9c2b954b59	b003/g7/20260812T051128-l6-000063	bellydrum_sitrus	0	1	0	1	p2	6	observed item loss (Sitrus Berry) on opp but no branch removes it
i-0809acc9c2b954b59	b004/g0/20260812T052440-l1-000049	struggle_damage	4	0	4	4	p1	85	observed damage 26 on azumarill from tropius struggle (crit=False) not in the PS-exact roll set (nearest delta -7; max_roll 39)
i-0809acc9c2b954b59	b004/g0/20260812T052440-l1-000091	other_categorical	1	0	0	1	p2	9	observed + spe on opp but no branch produces it
i-0809acc9c2b954b59	b004/g1/20260812T052440-l3-000038	struggle_damage	1	0	1	1	p1	15	observed damage 21 on spiritomb from typhlosion struggle (crit=False) not in the PS-exact roll set (nearest delta -3; max_roll 29)
i-0809acc9c2b954b59	b004/g1/20260812T052440-l5-000040	struggle_damage	1	0	1	1	p2	110	observed damage 17 on snorlax from keldeoresolute struggle (crit=False) not in the PS-exact roll set (nearest delta -3; max_roll 24)
i-0809acc9c2b954b59	b004/g10/20260812T052440-l2-000070	struggle_damage	2	0	2	2	p1+p2	95	observed damage 11 on dudunsparce from oricoriosensu struggle (crit=False) not in the PS-exact roll set (nearest delta -3; max_roll 17)
i-0809acc9c2b954b59	b004/g10/20260812T052440-l4-000078	struggle_damage	1	0	1	1	p1	119	observed damage 25 on tatsugiri from suicune struggle (crit=False) not in the PS-exact roll set (nearest delta -8; max_roll 39)
i-0809acc9c2b954b59	b004/g11/20260812T052440-l1-000078	struggle_damage	1	0	1	1	p2	84	observed damage 26 on sylveon from lugia struggle (crit=False) not in the PS-exact roll set (nearest delta -3; max_roll 35)
i-0809acc9c2b954b59	b004/g11/20260812T052440-l6-000048	struggle_damage	1	0	1	1	p2	24	observed damage 33 on honchkrow from politoed struggle (crit=False) not in the PS-exact roll set (nearest delta -9; max_roll 50)
i-0809acc9c2b954b59	b004/g12/20260812T052440-l3-000015	struggle_damage	1	0	1	1	p1	32	observed damage 26 on glaceon from mesprit struggle (crit=False) not in the PS-exact roll set (nearest delta -2; max_roll 33)
i-0809acc9c2b954b59	b004/g12/20260812T052440-l6-000046	struggle_damage	1	0	1	1	p2	94	observed damage 46 on tentacruel from giratina struggle (crit=True) not in the PS-exact roll set (nearest delta -5; max_roll 61)
i-0809acc9c2b954b59	b004/g3/20260812T052440-l6-000074	ko_margin_soft	0	1	0	1	p1	37	observed slp on opp but no branch applies it [ko-margin]
i-0809acc9c2b954b59	b004/g4/20260812T052440-l5-000081	struggle_damage	1	0	1	1	p2	86	observed damage 56 on chansey from sceptile struggle (crit=False) not in the PS-exact roll set (nearest delta -16; max_roll 85)
i-0809acc9c2b954b59	b004/g7/20260812T052440-l6-000072	struggle_damage	1	0	1	1	p2	78	observed damage 22 on zangoose from electrodehisui struggle (crit=False) not in the PS-exact roll set (nearest delta -6; max_roll 34)
i-0809acc9c2b954b59	b004/g8/20260812T052440-l2-000072	bellydrum_sitrus	0	1	0	1	p1	28	observed item loss (Sitrus Berry) on opp but no branch removes it
i-0809acc9c2b954b59	b005/g10/20260812T053917-l5-000080	struggle_damage	2	0	2	2	p2	17	observed damage 56 on chansey from typhlosionhisui struggle (crit=False) not in the PS-exact roll set (nearest delta -11; max_roll 79)
i-0809acc9c2b954b59	b005/g11/20260812T053917-l3-000070	revival_blessing	0	1	0	1	p2	34	observed heal on user but no branch heals it
i-0809acc9c2b954b59	b005/g11/20260812T053917-l5-000065	ko_margin_soft	0	1	0	1	p2	27	observed volatile Heal Block start on user but no branch applies it [ko-margin]
i-0809acc9c2b954b59	b005/g4/20260812T053917-l5-000082	bellydrum_sitrus	0	1	0	1	p2	3	observed item loss (Sitrus Berry) on opp but no branch removes it
i-0809acc9c2b954b59	b005/g7/20260812T053917-l2-000034	bellydrum_sitrus	0	1	0	1	p1	3	observed item loss (Sitrus Berry) on opp but no branch removes it
i-0809acc9c2b954b59	b005/g8/20260812T053917-l6-000055	revival_blessing,ko_margin_soft	1	1	0	2	p1	11	observed + def on user but no branch produces it
i-0809acc9c2b954b59	b006/g12/20260812T055212-l3-000056	struggle_damage	2	0	2	2	p1	42	observed damage 33 on typhlosionhisui from oranguru struggle (crit=True) not in the PS-exact roll set (nearest delta -12; max_roll 54)
i-0809acc9c2b954b59	b006/g14/20260812T055212-l5-000068	struggle_damage	1	0	1	1	p1	88	observed damage 22 on swanna from milotic struggle (crit=False) not in the PS-exact roll set (nearest delta -6; max_roll 33)
i-0809acc9c2b954b59	b006/g14/20260812T055212-l6-000006	struggle_damage	5	0	5	5	p2	116	observed damage 20 on slowbrogalar from sylveon struggle (crit=False) not in the PS-exact roll set (nearest delta -3; max_roll 28)
i-0809acc9c2b954b59	b007/g13/20260812T060934-l5-000030	bellydrum_sitrus	0	1	0	1	p2	34	observed psn on opp but no branch applies it [ko-margin]
i-0809acc9c2b954b59	b007/g15/20260812T060934-l6-000036	struggle_damage	3	0	3	3	p2	35	observed damage 13 on glaceon from chandelure struggle (crit=False) not in the PS-exact roll set (nearest delta -4; max_roll 20)
i-0809acc9c2b954b59	b007/g3/20260812T060934-l4-000079	struggle_damage	2	0	2	2	p2	91	observed damage 12 on lunala from screamtail struggle (crit=False) not in the PS-exact roll set (nearest delta -2; max_roll 17)
i-0809acc9c2b954b59	b007/g5/20260812T060934-l6-000091	ko_margin_soft	0	1	0	1	p2	18	observed slp on opp but no branch applies it [ko-margin]
i-0809acc9c2b954b59	b007/g6/20260812T060934-l2-000083	struggle_damage	1	0	1	1	p2	28	observed damage 24 on gengar from sinistcha struggle (crit=False) not in the PS-exact roll set (nearest delta -7; max_roll 37)
i-0809acc9c2b954b59	b008/g0/20260812T062302-l4-000059	ko_margin_soft	0	2	0	2	p1	21	observed psn on opp but no branch applies it [ko-margin]
i-0809acc9c2b954b59	b008/g1/20260812T062302-l6-000076	ko_margin_soft	0	1	0	1	p1	39	observed + spe on opp but no branch produces it [ko-margin]
i-0809acc9c2b954b59	b008/g11/20260812T062302-l2-000067	struggle_damage	2	0	2	2	p2	115	observed damage 2 on lunala from blissey struggle (crit=False) not in the PS-exact roll set (nearest delta -4; max_roll 8)
i-0809acc9c2b954b59	b008/g14/20260812T062302-l4-000073	ko_margin_soft	0	1	0	1	p2	14	observed + spe on opp but no branch produces it [ko-margin]
i-0809acc9c2b954b59	b008/g15/20260812T062302-l2-000025	revival_blessing	1	0	0	1	p2	21	observed item loss (Heavy-Duty Boots) on opp but no branch removes it
i-0809acc9c2b954b59	b008/g5/20260812T062302-l2-000036	bellydrum_sitrus	0	1	0	1	p1	10	observed item loss (Sitrus Berry) on opp but no branch removes it
i-0809acc9c2b954b59	b008/g9/20260812T062302-l4-000080	struggle_damage	1	0	1	1	p2	14	observed damage 23 on rillaboom from delphox struggle (crit=False) not in the PS-exact roll set (nearest delta -4; max_roll 32)
i-0809acc9c2b954b59	b009/g11/20260812T063616-l2-000010	struggle_damage	6	0	6	6	p2	100	observed damage 24 on comfey from lunala struggle (crit=False) not in the PS-exact roll set (nearest delta -2; max_roll 31)
i-0809acc9c2b954b59	b009/g4/20260812T063616-l1-000092	other_categorical	0	1	0	1	p1	35	observed heal on user but no branch heals it
i-0809acc9c2b954b59	b009/g4/20260812T063616-l6-000014	struggle_damage	5	0	5	5	p2	92	observed damage 16 on toxapex from venusaur struggle (crit=False) not in the PS-exact roll set (nearest delta -3; max_roll 23)
i-0809acc9c2b954b59	b009/g7/20260812T063616-l6-000032	ko_margin_soft	0	1	0	1	p2	37	observed volatile Leech Seed start on user but no branch applies it [ko-margin]
i-0809acc9c2b954b59	b009/g8/20260812T063616-l4-000016	bellydrum_sitrus	0	1	0	1	p1	1	observed item loss (Sitrus Berry) on opp but no branch removes it
i-082110eb7c9089aab	b000/g11/20260812T065022-l3-000033	struggle_damage	3	0	3	3	p1	157	observed damage 5 on noivern from blissey struggle (crit=False) not in the PS-exact roll set (nearest delta -7; max_roll 15)
i-082110eb7c9089aab	b000/g15/20260812T065022-l2-000047	bellydrum_sitrus	0	1	0	1	p2	14	observed item loss (Sitrus Berry) on opp but no branch removes it
i-083b2e23107aaec98	b000/g0/20260812T065023-l3-000048	revival_blessing	1	0	0	1	p1	5	observed tox on opp but no branch applies it
i-083b2e23107aaec98	b000/g12/20260812T065023-l3-000040	struggle_damage	1	0	1	1	p2	31	observed damage 67 on blissey from drifblim struggle (crit=False) not in the PS-exact roll set (nearest delta -21; max_roll 104)
i-083b2e23107aaec98	b000/g14/20260812T065023-l6-000019	other_categorical	0	1	0	1	p2	86	observed heal on user but no branch heals it
i-083b2e23107aaec98	b000/g3/20260812T065023-l6-000016	bellydrum_sitrus	0	1	0	1	p2	12	observed item loss (Sitrus Berry) on opp but no branch removes it
i-083b2e23107aaec98	b000/g4/20260812T065023-l6-000044	revival_blessing	2	0	0	2	p1	12	observed + spa on user but no branch produces it
i-083b2e23107aaec98	b000/g6/20260812T065023-l6-000031	struggle_damage	1	0	1	1	p1	77	observed damage 19 on golurk from chimecho struggle (crit=False) not in the PS-exact roll set (nearest delta -8; max_roll 32)
i-084209bdd054ea2b2	b000/g0/20260812T042527-l1-000076	other_damage_rollset,ko_margin_soft	2	1	2	3	p2	31	observed damage 128 on houndoom from frosmoth terablast (crit=False) not in the PS-exact roll set (nearest delta -30; max_roll 188)
i-084209bdd054ea2b2	b000/g0/20260812T042527-l2-000022	bellydrum_sitrus	0	1	0	1	p2	33	observed item loss (Sitrus Berry) on opp but no branch removes it
i-084209bdd054ea2b2	b000/g0/20260812T042527-l4-000019	ko_margin_soft	0	2	0	2	p1	32	observed slp on user but no branch applies it [ko-margin]
i-084209bdd054ea2b2	b000/g11/20260812T042527-l4-000025	struggle_damage	1	0	1	1	p2	92	observed damage 28 on venusaur from shaymin struggle (crit=False) not in the PS-exact roll set (nearest delta -6; max_roll 40)
i-084209bdd054ea2b2	b000/g12/20260812T042527-l3-000040	struggle_damage	1	0	1	1	p2	30	observed damage 29 on ironmoth from delphox struggle (crit=False) not in the PS-exact roll set (nearest delta -7; max_roll 43)
i-084209bdd054ea2b2	b000/g6/20260812T042527-l5-000078	struggle_damage	1	0	1	1	p2	9	observed damage 34 on suicune from volcanion struggle (crit=True) not in the PS-exact roll set (nearest delta -6; max_roll 48)
i-084209bdd054ea2b2	b001/g0/20260812T043838-l3-000026	struggle_damage	1	0	1	1	p1	22	observed damage 12 on cobalion from miraidon struggle (crit=False) not in the PS-exact roll set (nearest delta -3; max_roll 18)
i-084209bdd054ea2b2	b001/g10/20260812T043838-l4-000012	struggle_damage	1	0	1	1	p1	42	observed damage 22 on chimecho from misdreavus struggle (crit=False) not in the PS-exact roll set (nearest delta -4; max_roll 31)
i-084209bdd054ea2b2	b001/g12/20260812T043838-l6-000083	bellydrum_sitrus	0	1	0	1	p1	2	observed item loss (Sitrus Berry) on opp but no branch removes it
i-084209bdd054ea2b2	b001/g4/20260812T043838-l2-000084	bellydrum_sitrus	0	1	0	1	p2	3	observed item loss (Sitrus Berry) on opp but no branch removes it
i-084209bdd054ea2b2	b001/g7/20260812T043838-l5-000070	other_categorical	1	0	0	1	p2	12	observed - spa on opp but no branch produces it
i-084209bdd054ea2b2	b001/g9/20260812T043838-l4-000004	bellydrum_sitrus	0	1	0	1	p2	18	observed par on opp but no branch applies it [ko-margin]
i-084209bdd054ea2b2	b002/g0/20260812T045133-l1-000010	struggle_damage	1	0	1	1	p1	127	observed damage 3 on dusknoir from blissey struggle (crit=False) not in the PS-exact roll set (nearest delta -5; max_roll 10)
i-084209bdd054ea2b2	b002/g0/20260812T045133-l4-000082	struggle_damage	2	0	2	2	p2	9	observed damage 33 on houndoom from typhlosion struggle (crit=False) not in the PS-exact roll set (nearest delta -9; max_roll 50)
i-084209bdd054ea2b2	b002/g0/20260812T045133-l5-000089	bellydrum_sitrus	0	1	0	1	p2	25	observed volatile confusion start on opp but no branch applies it [ko-margin]
i-084209bdd054ea2b2	b002/g15/20260812T045133-l4-000037	struggle_damage	1	0	1	1	p2	9	observed damage 24 on slowking from hydrapple struggle (crit=False) not in the PS-exact roll set (nearest delta -4; max_roll 34)
i-084209bdd054ea2b2	b002/g3/20260812T045133-l5-000014	revival_blessing	1	0	0	1	p2	15	observed weather SUN but no branch sets it
i-084209bdd054ea2b2	b002/g6/20260812T045133-l6-000051	bellydrum_sitrus	0	2	0	2	p2	1	observed item loss (Sitrus Berry) on opp but no branch removes it
i-084209bdd054ea2b2	b002/g9/20260812T045133-l1-000081	struggle_damage	1	0	1	1	p1	51	observed damage 27 on hypno from porygon2 struggle (crit=True) not in the PS-exact roll set (nearest delta -4; max_roll 37)
i-084209bdd054ea2b2	b003/g0/20260812T050446-l2-000061	struggle_damage	1	0	1	1	p2	92	observed damage 23 on jolteon from carbink struggle (crit=False) not in the PS-exact roll set (nearest delta -8; max_roll 37)
i-084209bdd054ea2b2	b003/g1/20260812T050446-l1-000078	ko_margin_soft	0	1	0	1	p1	23	observed slp on opp but no branch applies it [ko-margin]
i-084209bdd054ea2b2	b003/g15/20260812T050446-l4-000081	other_categorical	0	1	0	1	p2	65	observed heal on user but no branch heals it
i-084209bdd054ea2b2	b003/g3/20260812T050446-l3-000014	struggle_damage	1	0	1	1	p1	15	observed damage 21 on spiritomb from typhlosion struggle (crit=False) not in the PS-exact roll set (nearest delta -3; max_roll 29)
i-084209bdd054ea2b2	b003/g4/20260812T050446-l3-000026	revival_blessing	2	0	0	2	p1	10	observed + spa on user but no branch produces it
i-084209bdd054ea2b2	b003/g7/20260812T050446-l6-000023	struggle_damage	1	0	1	1	p2	22	observed damage 24 on suicune from lapras struggle (crit=False) not in the PS-exact roll set (nearest delta -3; max_roll 32)
i-084209bdd054ea2b2	b003/g8/20260812T050446-l1-000078	revival_blessing	3	0	0	3	p2	13	observed + atk on user but no branch produces it
i-084209bdd054ea2b2	b003/g8/20260812T050446-l2-000052	other_categorical	2	0	0	2	p1+p2	19	observed item loss (Choice Band) on opp but no branch removes it
i-084209bdd054ea2b2	b003/g9/20260812T050446-l3-000072	revival_blessing	1	0	0	1	p1	33	observed side-condition spikes change on opp but no branch produces it
i-084209bdd054ea2b2	b004/g1/20260812T052039-l4-000023	struggle_damage	1	0	1	1	p2	65	observed damage 12 on deoxysdefense from screamtail struggle (crit=False) not in the PS-exact roll set (nearest delta -4; max_roll 19)
i-084209bdd054ea2b2	b004/g13/20260812T052039-l4-000065	struggle_damage	2	0	2	2	p1	105	observed damage 22 on farigiraf from chimecho struggle (crit=False) not in the PS-exact roll set (nearest delta -6; max_roll 34)
i-084209bdd054ea2b2	b004/g2/20260812T052039-l5-000005	ko_margin_soft	0	1	0	1	p2	29	observed slp on opp but no branch applies it [ko-margin]
i-084209bdd054ea2b2	b004/g2/20260812T052039-l5-000021	struggle_damage	1	0	1	1	p2	96	observed damage 14 on milotic from empoleon struggle (crit=False) not in the PS-exact roll set (nearest delta -2; max_roll 19)
i-084209bdd054ea2b2	b004/g5/20260812T052039-l4-000067	revival_blessing	1	0	0	1	p1	20	observed item loss (Heavy-Duty Boots) on opp but no branch removes it
i-084209bdd054ea2b2	b004/g9/20260812T052039-l3-000045	other_categorical	1	0	0	1	p1	29	observed par on opp but no branch applies it
i-084209bdd054ea2b2	b005/g11/20260812T053350-l2-000047	bellydrum_sitrus	0	1	0	1	p2	24	observed item loss (Sitrus Berry) on opp but no branch removes it
i-084209bdd054ea2b2	b005/g15/20260812T053350-l1-000061	struggle_damage	2	0	2	2	p1	105	observed damage 22 on clefable from screamtail struggle (crit=False) not in the PS-exact roll set (nearest delta -6; max_roll 34)
i-084209bdd054ea2b2	b005/g15/20260812T053350-l4-000026	bellydrum_sitrus	0	1	0	1	p1	5	observed item loss (Sitrus Berry) on opp but no branch removes it
i-084209bdd054ea2b2	b005/g2/20260812T053350-l3-000066	struggle_damage	4	0	4	4	p1	101	observed damage 5 on registeel from vileplume struggle (crit=False) not in the PS-exact roll set (nearest delta -2; max_roll 9)
i-084209bdd054ea2b2	b005/g3/20260812T053350-l1-000061	struggle_damage	4	0	4	4	p1	101	observed damage 35 on vaporeon from phione struggle (crit=False) not in the PS-exact roll set (nearest delta -8; max_roll 51)
i-084209bdd054ea2b2	b005/g8/20260812T053350-l3-000020	struggle_damage	3	0	3	3	p2	99	observed damage 29 on cryogonal from alcremierubyswirl struggle (crit=False) not in the PS-exact roll set (nearest delta -9; max_roll 45)
i-084209bdd054ea2b2	b006/g10/20260812T054723-l3-000076	struggle_damage	5	0	5	5	p1	110	observed damage 16 on suicune from vaporeon struggle (crit=False) not in the PS-exact roll set (nearest delta -6; max_roll 26)
i-084209bdd054ea2b2	b006/g10/20260812T054723-l6-000086	ko_margin_soft	0	1	0	1	p1	23	observed weather NONE but no branch sets it [ko-margin]
i-084209bdd054ea2b2	b006/g11/20260812T054723-l3-000054	struggle_damage	3	0	3	3	p1	58	observed damage 14 on vespiquen from rabsca struggle (crit=False) not in the PS-exact roll set (nearest delta -5; max_roll 23)
i-084209bdd054ea2b2	b006/g14/20260812T054723-l3-000054	revival_blessing	0	1	0	1	p1	13	observed heal on user but no branch heals it
i-084209bdd054ea2b2	b006/g3/20260812T054723-l3-000078	ko_margin_soft	0	1	0	1	p2	40	observed slp on user but no branch applies it [ko-margin]
i-084209bdd054ea2b2	b006/g5/20260812T054723-l4-000071	bellydrum_sitrus	0	1	0	1	p2	20	observed item loss (Sitrus Berry) on opp but no branch removes it
i-084209bdd054ea2b2	b006/g8/20260812T054723-l4-000062	struggle_damage	3	0	3	3	p1	125	observed damage 18 on bellossom from cresselia struggle (crit=False) not in the PS-exact roll set (nearest delta -4; max_roll 27)
i-084209bdd054ea2b2	b007/g10/20260812T060037-l2-000072	bellydrum_sitrus	0	1	0	1	p1	6	observed heal on opp but no branch heals it
i-084209bdd054ea2b2	b007/g14/20260812T060037-l4-000076	struggle_damage	3	0	3	3	p1	67	observed damage 20 on appletun from lugia struggle (crit=False) not in the PS-exact roll set (nearest delta -3; max_roll 28)
i-084209bdd054ea2b2	b007/g14/20260812T060037-l5-000038	bellydrum_sitrus	0	1	0	1	p2	1	observed item loss (Sitrus Berry) on opp but no branch removes it
i-084209bdd054ea2b2	b007/g15/20260812T060037-l4-000007	revival_blessing	1	0	0	1	p1	6	observed - spa on user but no branch produces it
i-084209bdd054ea2b2	b007/g2/20260812T060037-l5-000050	struggle_damage	1	0	1	1	p2	113	observed damage 9 on snorlax from arboliva struggle (crit=False) not in the PS-exact roll set (nearest delta -2; max_roll 14)
i-084209bdd054ea2b2	b007/g7/20260812T060037-l3-000075	struggle_damage	5	0	5	5	p1+p2	108	observed damage 33 on pikachuhoenn from deoxysdefense struggle (crit=False) not in the PS-exact roll set (nearest delta -6; max_roll 47)
i-084209bdd054ea2b2	b008/g10/20260812T061342-l2-000072	struggle_damage	1	0	1	1	p2	85	observed damage 18 on spiritomb from arboliva struggle (crit=False) not in the PS-exact roll set (nearest delta -6; max_roll 29)
i-084209bdd054ea2b2	b008/g13/20260812T061342-l1-000035	bellydrum_sitrus	0	1	0	1	p2	5	observed item loss (Sitrus Berry) on opp but no branch removes it
i-084209bdd054ea2b2	b008/g2/20260812T061342-l4-000017	bellydrum_sitrus	0	1	0	1	p1	26	observed volatile confusion start on opp but no branch applies it [ko-margin]
i-084209bdd054ea2b2	b008/g3/20260812T061342-l6-000055	other_damage_rollset	12	0	12	12	p1	25	observed damage 72 on lunala from bellossom terablast (crit=False) not in the PS-exact roll set (nearest delta -7; max_roll 94)
i-084209bdd054ea2b2	b009/g10/20260812T062710-l4-000063	ko_margin_soft	0	1	0	1	p1	30	observed - spa on opp but no branch produces it [ko-margin]
i-084209bdd054ea2b2	b009/g6/20260812T062710-l6-000046	ko_margin_soft	0	1	0	1	p1	10	observed slp on opp but no branch applies it [ko-margin]
i-08472e297c47a3fb7	b000/g11/20260812T042526-l3-000028	revival_blessing	1	0	0	1	p1	13	observed + def on user but no branch produces it
i-08472e297c47a3fb7	b000/g11/20260812T042526-l6-000082	struggle_damage	1	0	1	1	p1	59	observed damage 9 on houndstone from noivern struggle (crit=False) not in the PS-exact roll set (nearest delta -2; max_roll 13)
i-08472e297c47a3fb7	b000/g2/20260812T042526-l3-000052	struggle_damage	2	0	2	2	p2	109	observed damage 10 on misdreavus from terapagosterastal struggle (crit=False) not in the PS-exact roll set (nearest delta -1; max_roll 13)
i-08472e297c47a3fb7	b000/g3/20260812T042526-l5-000012	struggle_damage	1	0	1	1	p2	93	observed damage 12 on rotomwash from shaymin struggle (crit=False) not in the PS-exact roll set (nearest delta -2; max_roll 17)
i-08472e297c47a3fb7	b000/g4/20260812T042526-l2-000089	struggle_damage	4	0	4	4	p1	98	observed damage 5 on deoxysdefense from porygon2 struggle (crit=False) not in the PS-exact roll set (nearest delta -1; max_roll 8)
i-08472e297c47a3fb7	b000/g5/20260812T042526-l1-000087	other_categorical	1	0	0	1	p2	17	observed - spd on user but no branch produces it
i-08472e297c47a3fb7	b000/g5/20260812T042526-l3-000089	struggle_damage	2	0	2	2	p1	10	observed damage 19 on glaceon from typhlosion struggle (crit=False) not in the PS-exact roll set (nearest delta -3; max_roll 27)
i-08472e297c47a3fb7	b000/g6/20260812T042526-l3-000056	struggle_damage	1	0	1	1	p2	29	observed damage 5 on hypno from blissey struggle (crit=False) not in the PS-exact roll set (nearest delta -6; max_roll 14)
i-08472e297c47a3fb7	b001/g11/20260812T043916-l6-000028	other_damage_rollset	1	0	1	1	p1	26	observed damage 127 on florgesyellow from blastoise terablast (crit=False) not in the PS-exact roll set (nearest delta -26; max_roll 180)
i-08472e297c47a3fb7	b001/g14/20260812T043916-l3-000012	struggle_damage	5	0	5	5	p2	17	observed damage 23 on suicune from lapras struggle (crit=False) not in the PS-exact roll set (nearest delta -4; max_roll 32)
i-08472e297c47a3fb7	b001/g15/20260812T043916-l5-000040	revival_blessing,other_categorical	1	1	0	2	p1	12	observed heal on user but no branch heals it
i-08472e297c47a3fb7	b001/g15/20260812T043916-l5-000084	struggle_damage	1	0	1	1	p1	32	observed damage 21 on toedscruel from rotomwash struggle (crit=False) not in the PS-exact roll set (nearest delta -7; max_roll 34)
i-08472e297c47a3fb7	b001/g5/20260812T043916-l2-000086	other_categorical	4	0	0	4	p1+p2	26	observed - def on opp but no branch produces it
i-08472e297c47a3fb7	b001/g5/20260812T043916-l6-000044	revival_blessing	1	0	0	1	p1	22	observed side-condition stealthrock change on opp but no branch produces it
i-08472e297c47a3fb7	b001/g7/20260812T043916-l1-000057	struggle_damage	1	0	1	1	p2	86	observed damage 14 on tauros from gholdengo struggle (crit=False) not in the PS-exact roll set (nearest delta -5; max_roll 23)
i-08472e297c47a3fb7	b001/g7/20260812T043916-l5-000005	struggle_damage	2	0	2	2	p1	37	observed damage 13 on oinkolognef from typhlosionhisui struggle (crit=False) not in the PS-exact roll set (nearest delta -4; max_roll 20)
i-08472e297c47a3fb7	b001/g8/20260812T043916-l2-000077	struggle_damage	1	0	1	1	p2	52	observed damage 24 on giratina from sceptile struggle (crit=False) not in the PS-exact roll set (nearest delta -4; max_roll 33)
i-08472e297c47a3fb7	b002/g10/20260812T045356-l5-000027	revival_blessing	1	0	0	1	p2	14	observed - spa on opp but no branch produces it
i-08472e297c47a3fb7	b002/g6/20260812T045356-l6-000054	struggle_damage	1	0	1	1	p1	111	observed damage 6 on masquerain from blissey struggle (crit=False) not in the PS-exact roll set (nearest delta -8; max_roll 17)
i-08472e297c47a3fb7	b002/g7/20260812T045356-l5-000033	struggle_damage	1	0	1	1	p2	20	observed damage 30 on lumineon from frosmoth struggle (crit=True) not in the PS-exact roll set (nearest delta -5; max_roll 42)
i-08472e297c47a3fb7	b003/g1/20260812T050722-l1-000001	bellydrum_sitrus	0	1	0	1	p1	6	observed item loss (Sitrus Berry) on opp but no branch removes it
i-08472e297c47a3fb7	b003/g13/20260812T050722-l4-000052	struggle_damage	2	0	2	2	p2	100	observed damage 19 on mudsdale from reuniclus struggle (crit=False) not in the PS-exact roll set (nearest delta -6; max_roll 30)
i-08472e297c47a3fb7	b003/g14/20260812T050722-l2-000090	ko_margin_soft	0	1	0	1	p1	23	observed + spe on opp but no branch produces it [ko-margin]
i-08472e297c47a3fb7	b003/g14/20260812T050722-l5-000052	bellydrum_sitrus	0	2	0	2	p2	4	observed item loss (Sitrus Berry) on opp but no branch removes it
i-08472e297c47a3fb7	b003/g15/20260812T050722-l6-000068	bellydrum_sitrus	0	1	0	1	p2	17	observed item loss (Sitrus Berry) on opp but no branch removes it
i-08472e297c47a3fb7	b003/g5/20260812T050722-l1-000025	struggle_damage	1	0	1	1	p2	41	observed damage 15 on greattusk from mismagius struggle (crit=False) not in the PS-exact roll set (nearest delta -5; max_roll 24)
i-08472e297c47a3fb7	b004/g10/20260812T052052-l2-000055	struggle_damage	1	0	1	1	p2	103	observed damage 17 on umbreon from chimecho struggle (crit=False) not in the PS-exact roll set (nearest delta -5; max_roll 26)
i-08472e297c47a3fb7	b004/g10/20260812T052052-l6-000090	struggle_damage	1	0	1	1	p2	84	observed damage 4 on deoxysdefense from cresselia struggle (crit=False) not in the PS-exact roll set (nearest delta -1; max_roll 6)
i-08472e297c47a3fb7	b004/g11/20260812T052052-l1-000014	bellydrum_sitrus	0	1	0	1	p2	12	observed item loss (Sitrus Berry) on opp but no branch removes it
i-08472e297c47a3fb7	b004/g14/20260812T052052-l4-000048	other_categorical	1	0	0	1	p1	20	observed - def on opp but no branch produces it
i-08472e297c47a3fb7	b004/g14/20260812T052052-l5-000058	bellydrum_sitrus	0	1	0	1	p2	25	observed item loss (Sitrus Berry) on opp but no branch removes it
i-08472e297c47a3fb7	b004/g15/20260812T052052-l2-000002	bellydrum_sitrus	0	1	0	1	p1	23	observed item loss (Sitrus Berry) on opp but no branch removes it
i-08472e297c47a3fb7	b004/g5/20260812T052052-l5-000042	other_damage_rollset	1	0	1	1	p1	26	observed damage 82 on fluttermane from bellossom terablast (crit=False) not in the PS-exact roll set (nearest delta -24; max_roll 126)
i-08472e297c47a3fb7	b004/g5/20260812T052052-l5-000068	struggle_damage	2	0	2	2	p2	19	observed damage 6 on snorlax from mismagius struggle (crit=False) not in the PS-exact roll set (nearest delta -1; max_roll 9)
i-08472e297c47a3fb7	b004/g8/20260812T052052-l3-000054	struggle_damage	3	0	3	3	p2	97	observed damage 4 on vigoroth from mismagius struggle (crit=False) not in the PS-exact roll set (nearest delta -1; max_roll 6)
i-08472e297c47a3fb7	b004/g9/20260812T052052-l3-000016	struggle_damage	1	0	1	1	p2	39	observed damage 15 on uxie from cresselia struggle (crit=False) not in the PS-exact roll set (nearest delta -3; max_roll 22)
i-08472e297c47a3fb7	b005/g0/20260812T053414-l5-000072	struggle_damage	1	0	1	1	p2	12	observed damage 28 on pincurchin from sunflora struggle (crit=False) not in the PS-exact roll set (nearest delta -3; max_roll 37)
i-08472e297c47a3fb7	b005/g1/20260812T053414-l5-000005	struggle_damage	1	0	1	1	p2	52	observed damage 14 on wyrdeer from chandelure struggle (crit=False) not in the PS-exact roll set (nearest delta -3; max_roll 20)
i-08472e297c47a3fb7	b005/g10/20260812T053414-l3-000022	bellydrum_sitrus	2	1	0	3	p2	10	observed item loss (Sitrus Berry) on opp but no branch removes it
i-08472e297c47a3fb7	b005/g13/20260812T053414-l2-000032	struggle_damage	23	0	23	23	p2	11	observed damage 24 on suicune from lapras struggle (crit=False) not in the PS-exact roll set (nearest delta -3; max_roll 32)
i-08472e297c47a3fb7	b005/g14/20260812T053414-l6-000066	struggle_damage	2	0	2	2	p1	113	observed damage 9 on deoxysdefense from milotic struggle (crit=False) not in the PS-exact roll set (nearest delta -1; max_roll 12)
i-08472e297c47a3fb7	b006/g1/20260812T055045-l2-000002	bellydrum_sitrus	0	1	0	1	p2	6	observed item loss (Sitrus Berry) on opp but no branch removes it
i-08472e297c47a3fb7	b006/g1/20260812T055045-l4-000019	revival_blessing	1	0	0	1	p2	7	observed - spa on user but no branch produces it
i-08472e297c47a3fb7	b006/g2/20260812T055045-l6-000053	bellydrum_sitrus	0	1	0	1	p1	12	observed heal on opp but no branch heals it
i-08472e297c47a3fb7	b006/g3/20260812T055045-l3-000003	struggle_damage	1	0	1	1	p1	25	observed damage 54 on chansey from hydrapple struggle (crit=False) not in the PS-exact roll set (nearest delta -10; max_roll 76)
i-08472e297c47a3fb7	b006/g3/20260812T055045-l3-000076	other_categorical	1	1	0	2	p2	15	observed volatile Substitute start on opp but no branch applies it
i-08472e297c47a3fb7	b006/g4/20260812T055045-l5-000007	struggle_damage	1	0	1	1	p1	88	observed damage 24 on cobalion from electrodehisui struggle (crit=False) not in the PS-exact roll set (nearest delta -10; max_roll 41)
i-08472e297c47a3fb7	b006/g6/20260812T055045-l3-000087	struggle_damage	1	0	1	1	p1	96	observed damage 15 on sandaconda from screamtail struggle (crit=False) not in the PS-exact roll set (nearest delta -4; max_roll 23)
i-08472e297c47a3fb7	b006/g6/20260812T055045-l5-000035	struggle_damage	3	0	3	3	p1	70	observed damage 38 on politoed from arboliva struggle (crit=True) not in the PS-exact roll set (nearest delta -10; max_roll 57)
i-08472e297c47a3fb7	b006/g6/20260812T055045-l5-000067	struggle_damage	1	0	1	1	p2	22	observed damage 13 on chandelure from cresselia struggle (crit=False) not in the PS-exact roll set (nearest delta -4; max_roll 20)
i-08472e297c47a3fb7	b006/g7/20260812T055045-l1-000019	struggle_damage	1	0	1	1	p1	112	observed damage 4 on mismagius from chansey struggle (crit=False) not in the PS-exact roll set (nearest delta -8; max_roll 15)
i-08472e297c47a3fb7	b006/g9/20260812T055045-l1-000050	struggle_damage	1	0	1	1	p1	43	observed damage 22 on gliscor from kyuremwhite struggle (crit=False) not in the PS-exact roll set (nearest delta -3; max_roll 30)
i-08472e297c47a3fb7	b006/g9/20260812T055045-l4-000004	ko_margin_soft	0	1	0	1	p2	8	observed slp on user but no branch applies it [ko-margin]
i-08472e297c47a3fb7	b007/g10/20260812T060710-l4-000042	other_categorical	1	0	0	1	p2	21	observed volatile Substitute start on opp but no branch applies it
i-08472e297c47a3fb7	b007/g3/20260812T060710-l3-000083	struggle_damage	1	0	1	1	p1	67	observed damage 27 on venusaur from sceptile struggle (crit=False) not in the PS-exact roll set (nearest delta -6; max_roll 39)
i-08472e297c47a3fb7	b007/g3/20260812T060710-l5-000025	struggle_damage	1	0	1	1	p1	24	observed damage 19 on slowbro from ludicolo struggle (crit=False) not in the PS-exact roll set (nearest delta -6; max_roll 30)
i-08472e297c47a3fb7	b007/g5/20260812T060710-l2-000057	bellydrum_sitrus	0	2	0	2	p1	19	observed item loss (Sitrus Berry) on opp but no branch removes it
i-08472e297c47a3fb7	b008/g14/20260812T062002-l5-000030	ko_margin_soft	0	1	0	1	p2	11	observed - spd on user but no branch produces it [ko-margin]
i-08472e297c47a3fb7	b008/g7/20260812T062002-l2-000026	struggle_damage	1	0	1	1	p1	88	observed damage 16 on gliscor from screamtail struggle (crit=False) not in the PS-exact roll set (nearest delta -5; max_roll 25)
i-08472e297c47a3fb7	b009/g13/20260812T063239-l5-000005	bellydrum_sitrus	0	2	0	2	p2	1	observed item loss (Sitrus Berry) on opp but no branch removes it
i-08472e297c47a3fb7	b009/g6/20260812T063239-l5-000012	struggle_damage	1	0	1	1	p1	174	observed damage 21 on slowbro from arboliva struggle (crit=False) not in the PS-exact roll set (nearest delta -4; max_roll 30)
i-08472e297c47a3fb7	b009/g9/20260812T063239-l1-000018	other_categorical	1	0	0	1	p2	25	observed + spe on opp but no branch produces it
i-087b70feb32973014	b000/g14/20260812T065021-l4-000004	bellydrum_sitrus	0	2	0	2	p1	26	observed item loss (Sitrus Berry) on opp but no branch removes it
i-087b70feb32973014	b000/g14/20260812T065021-l4-000036	struggle_damage	1	0	1	1	p1	14	observed damage 22 on suicune from politoed struggle (crit=False) not in the PS-exact roll set (nearest delta -3; max_roll 30)
i-087b70feb32973014	b000/g5/20260812T065021-l1-000014	struggle_damage	2	0	2	2	p2	109	observed damage 12 on probopass from umbreon struggle (crit=False) not in the PS-exact roll set (nearest delta -4; max_roll 19)
i-087b70feb32973014	b000/g5/20260812T065021-l5-000029	bellydrum_sitrus	0	1	0	1	p2	15	observed item loss (Sitrus Berry) on opp but no branch removes it
i-087b70feb32973014	b000/g5/20260812T065021-l5-000042	struggle_damage	1	0	1	1	p1	38	observed damage 28 on florges from shayminsky struggle (crit=False) not in the PS-exact roll set (nearest delta -4; max_roll 38)
i-087b70feb32973014	b000/g6/20260812T065021-l6-000012	struggle_damage	1	0	1	1	p1	40	observed damage 5 on chandelure from blissey struggle (crit=False) not in the PS-exact roll set (nearest delta -6; max_roll 14)
i-08a8cdc31c0c99872	b000/g0/20260812T042529-l3-000066	struggle_damage	1	0	1	1	p2	106	observed damage 26 on houndoom from umbreon struggle (crit=False) not in the PS-exact roll set (nearest delta -9; max_roll 42)
i-08a8cdc31c0c99872	b000/g1/20260812T042529-l3-000015	other_categorical	1	0	0	1	p2	16	observed item loss (Heavy-Duty Boots) on opp but no branch removes it
i-08a8cdc31c0c99872	b000/g10/20260812T042529-l4-000004	bellydrum_sitrus	0	1	0	1	p1	15	observed item loss (Sitrus Berry) on opp but no branch removes it
i-08a8cdc31c0c99872	b000/g10/20260812T042529-l4-000075	struggle_damage	1	0	1	1	p1	92	observed damage 22 on gothitelle from arboliva struggle (crit=False) not in the PS-exact roll set (nearest delta -5; max_roll 32)
i-08a8cdc31c0c99872	b000/g14/20260812T042529-l6-000054	bellydrum_sitrus	0	1	0	1	p1	4	observed par on opp but no branch applies it [ko-margin]
i-08a8cdc31c0c99872	b001/g13/20260812T043854-l5-000052	bellydrum_sitrus	0	1	0	1	p1	16	observed item loss (Sitrus Berry) on opp but no branch removes it
i-08a8cdc31c0c99872	b001/g15/20260812T043854-l1-000017	struggle_damage	2	0	2	2	p2	117	observed damage 23 on arboliva from tropius struggle (crit=False) not in the PS-exact roll set (nearest delta -4; max_roll 32)
i-08a8cdc31c0c99872	b001/g2/20260812T043854-l1-000016	struggle_damage	1	0	1	1	p1	126	observed damage 5 on registeel from screamtail struggle (crit=False) not in the PS-exact roll set (nearest delta -1; max_roll 8)
i-08a8cdc31c0c99872	b001/g5/20260812T043854-l4-000048	bellydrum_sitrus	0	1	0	1	p2	11	observed item loss (Sitrus Berry) on opp but no branch removes it
i-08a8cdc31c0c99872	b001/g6/20260812T043854-l6-000012	ko_margin_soft	0	1	0	1	p1	34	observed + atk on opp but no branch produces it [ko-margin]
i-08a8cdc31c0c99872	b001/g9/20260812T043854-l3-000071	bellydrum_sitrus	0	1	0	1	p1	13	observed item loss (Sitrus Berry) on opp but no branch removes it
i-08a8cdc31c0c99872	b001/g9/20260812T043854-l4-000016	other_categorical	0	1	0	1	p1	18	observed volatile Substitute end on opp but no branch removes it
i-08a8cdc31c0c99872	b002/g1/20260812T045141-l4-000065	struggle_damage	6	0	6	6	p1	101	observed damage 33 on landorus from chimecho struggle (crit=True) not in the PS-exact roll set (nearest delta -8; max_roll 49)
i-08a8cdc31c0c99872	b002/g10/20260812T045141-l5-000013	bellydrum_sitrus	0	2	0	2	p1	16	observed item loss (Sitrus Berry) on opp but no branch removes it
i-08a8cdc31c0c99872	b002/g11/20260812T045141-l2-000034	struggle_damage	1	0	1	1	p2	35	observed damage 20 on revavroom from rotom struggle (crit=False) not in the PS-exact roll set (nearest delta -4; max_roll 29)
i-08a8cdc31c0c99872	b002/g14/20260812T045141-l1-000001	struggle_damage	1	0	1	1	p2	75	observed damage 26 on arceusdark from sceptile struggle (crit=False) not in the PS-exact roll set (nearest delta -3; max_roll 35)
i-08a8cdc31c0c99872	b002/g14/20260812T045141-l4-000077	struggle_damage	1	0	1	1	p1	118	observed damage 13 on hitmontop from screamtail struggle (crit=True) not in the PS-exact roll set (nearest delta -4; max_roll 20)
i-08a8cdc31c0c99872	b002/g15/20260812T045141-l4-000076	bellydrum_sitrus	0	1	0	1	p2	16	observed item loss (Sitrus Berry) on opp but no branch removes it
i-08a8cdc31c0c99872	b002/g2/20260812T045141-l1-000019	struggle_damage	1	0	1	1	p2	21	observed damage 32 on kilowattrel from typhlosion struggle (crit=False) not in the PS-exact roll set (nearest delta -7; max_roll 47)
i-08a8cdc31c0c99872	b002/g5/20260812T045141-l5-000059	bellydrum_sitrus	0	1	0	1	p2	12	observed heal on user but no branch heals it
i-08a8cdc31c0c99872	b003/g11/20260812T050428-l3-000075	ko_margin_soft	0	1	0	1	p1	72	observed slp on opp but no branch applies it [ko-margin]
i-08a8cdc31c0c99872	b003/g12/20260812T050428-l5-000036	bellydrum_sitrus	0	1	0	1	p2	30	observed item loss (Sitrus Berry) on opp but no branch removes it
i-08a8cdc31c0c99872	b003/g13/20260812T050428-l2-000055	struggle_damage	1	0	1	1	p2	9	observed damage 30 on basculegion from politoed struggle (crit=False) not in the PS-exact roll set (nearest delta -9; max_roll 46)
i-08a8cdc31c0c99872	b003/g2/20260812T050428-l2-000046	ko_margin_soft	0	2	0	2	p1	23	observed + spa on opp but no branch produces it [ko-margin]
i-08a8cdc31c0c99872	b003/g4/20260812T050428-l5-000037	other_categorical	1	0	0	1	p2	22	observed + def on user but no branch produces it
i-08a8cdc31c0c99872	b003/g6/20260812T050428-l1-000041	struggle_damage,revival_blessing	4	0	3	4	p2	83	observed damage 16 on exeggutor from gholdengo struggle (crit=False) not in the PS-exact roll set (nearest delta -3; max_roll 23)
i-08a8cdc31c0c99872	b003/g9/20260812T050428-l1-000011	struggle_damage	2	0	2	2	p2	104	observed damage 3 on registeel from gholdengo struggle (crit=False) not in the PS-exact roll set (nearest delta -1; max_roll 5)
i-08a8cdc31c0c99872	b004/g0/20260812T051812-l2-000013	revival_blessing	1	0	0	1	p2	40	observed + atk on user but no branch produces it
i-08a8cdc31c0c99872	b004/g0/20260812T051812-l4-000044	other_damage_rollset	1	0	1	1	p1	40	observed damage 126 on grimmsnarl from alcremierubyswirl terablast (crit=False) not in the PS-exact roll set (nearest delta -32; max_roll 188)
i-08a8cdc31c0c99872	b004/g15/20260812T051813-l6-000022	bellydrum_sitrus	0	1	0	1	p1	1	observed item loss (Sitrus Berry) on opp but no branch removes it
i-08a8cdc31c0c99872	b004/g2/20260812T051813-l1-000017	struggle_damage	1	0	1	1	p2	95	observed damage 2 on slowbro from necrozmadawnwings struggle (crit=False) not in the PS-exact roll set (nearest delta -1; max_roll 4)
i-08a8cdc31c0c99872	b004/g7/20260812T051813-l5-000053	ko_margin_soft	0	2	0	2	p2	2	observed - def on user but no branch produces it [ko-margin]
i-08a8cdc31c0c99872	b005/g13/20260812T053433-l4-000088	struggle_damage	1	0	1	1	p2	88	observed damage 37 on azumarill from exeggutor struggle (crit=False) not in the PS-exact roll set (nearest delta -2; max_roll 47)
i-08a8cdc31c0c99872	b005/g2/20260812T053433-l5-000021	struggle_damage	17	0	17	17	p1	29	observed damage 25 on vaporeon from gardevoir struggle (crit=False) not in the PS-exact roll set (nearest delta -6; max_roll 37)
i-08a8cdc31c0c99872	b005/g5/20260812T053433-l3-000035	bellydrum_sitrus	0	1	0	1	p1	11	observed item loss (Sitrus Berry) on opp but no branch removes it
i-08a8cdc31c0c99872	b005/g9/20260812T053433-l4-000076	struggle_damage	1	0	1	1	p1	56	observed damage 9 on snorlax from fluttermane struggle (crit=False) not in the PS-exact roll set (nearest delta -2; max_roll 14)
i-08a8cdc31c0c99872	b006/g1/20260812T054740-l4-000019	struggle_damage	1	0	1	1	p2	37	observed damage 8 on snorlax from fluttermane struggle (crit=False) not in the PS-exact roll set (nearest delta -3; max_roll 14)
i-08a8cdc31c0c99872	b006/g13/20260812T054740-l4-000030	struggle_damage	6	0	6	6	p1	95	observed damage 14 on giratina from comfey struggle (crit=False) not in the PS-exact roll set (nearest delta -6; max_roll 24)
i-08a8cdc31c0c99872	b006/g15/20260812T054740-l2-000029	struggle_damage	1	0	1	1	p2	29	observed damage 22 on empoleon from kyogre struggle (crit=False) not in the PS-exact roll set (nearest delta -3; max_roll 30)
i-08a8cdc31c0c99872	b006/g2/20260812T054740-l3-000092	bellydrum_sitrus	0	1	0	1	p1	4	observed item loss (Sitrus Berry) on opp but no branch removes it
i-08a8cdc31c0c99872	b006/g8/20260812T054740-l6-000035	struggle_damage	1	0	1	1	p2	21	observed damage 48 on dudunsparce from houndoom struggle (crit=True) not in the PS-exact roll set (nearest delta -6; max_roll 64)
i-08a8cdc31c0c99872	b007/g0/20260812T060009-l1-000090	struggle_damage	4	0	4	4	p1+p2	151	observed damage 19 on dialgaorigin from probopass struggle (crit=False) not in the PS-exact roll set (nearest delta -4; max_roll 28)
i-08a8cdc31c0c99872	b007/g14/20260812T060009-l3-000003	struggle_damage	4	0	4	4	p2	95	observed damage 2 on spiritomb from chansey struggle (crit=False) not in the PS-exact roll set (nearest delta -6; max_roll 10)
i-08a8cdc31c0c99872	b007/g15/20260812T060009-l5-000011	other_damage_rollset	1	0	1	1	p1	32	observed damage 37 on hatterene from comfey terablast (crit=False) not in the PS-exact roll set (nearest delta -12; max_roll 58)
i-08a8cdc31c0c99872	b007/g3/20260812T060009-l1-000009	bellydrum_sitrus	0	1	0	1	p1	7	observed item loss (Sitrus Berry) on opp but no branch removes it
i-08a8cdc31c0c99872	b007/g5/20260812T060009-l3-000022	struggle_damage	1	0	1	1	p1	100	observed damage 14 on spectrier from screamtail struggle (crit=False) not in the PS-exact roll set (nearest delta -4; max_roll 21)
i-08a8cdc31c0c99872	b007/g6/20260812T060009-l3-000008	bellydrum_sitrus	0	2	0	2	p1	13	observed item loss (Sitrus Berry) on opp but no branch removes it
i-08a8cdc31c0c99872	b007/g6/20260812T060009-l3-000082	struggle_damage	2	0	2	2	p1	25	observed damage 11 on screamtail from ironcrown struggle (crit=False) not in the PS-exact roll set (nearest delta -3; max_roll 17)
i-08a8cdc31c0c99872	b007/g8/20260812T060009-l3-000070	struggle_damage	1	0	1	1	p2	16	observed damage 22 on polteageistantique from chandelure struggle (crit=False) not in the PS-exact roll set (nearest delta -7; max_roll 35)
i-08a8cdc31c0c99872	b008/g13/20260812T061441-l2-000093	ko_margin_soft	0	1	0	1	p2	23	observed slp on user but no branch applies it [ko-margin]
i-08a8cdc31c0c99872	b008/g13/20260812T061441-l4-000014	struggle_damage	1	0	1	1	p1	139	observed damage 12 on bisharp from screamtail struggle (crit=False) not in the PS-exact roll set (nearest delta -4; max_roll 19)
i-08a8cdc31c0c99872	b008/g15/20260812T061441-l1-000045	ko_margin_soft	0	1	0	1	p1	13	observed - atk on user but no branch produces it [ko-margin]
i-08a8cdc31c0c99872	b008/g5/20260812T061441-l3-000043	ko_margin_soft	0	2	0	2	p2	14	observed - spd on opp but no branch produces it [ko-margin]
i-08a8cdc31c0c99872	b008/g6/20260812T061441-l6-000013	ko_margin_soft	0	1	0	1	p1	28	observed slp on opp but no branch applies it [ko-margin]
i-08a8cdc31c0c99872	b008/g8/20260812T061441-l5-000041	bellydrum_sitrus	0	2	0	2	p2	14	observed item loss (Sitrus Berry) on opp but no branch removes it
i-08a8cdc31c0c99872	b009/g13/20260812T062733-l1-000084	struggle_damage	1	0	1	1	p1	19	observed damage 16 on articuno from indeedeef struggle (crit=False) not in the PS-exact roll set (nearest delta -6; max_roll 27)
i-08a8cdc31c0c99872	b009/g4/20260812T062733-l2-000062	struggle_damage	1	0	1	1	p2	12	observed damage 19 on primarina from chandelure struggle (crit=False) not in the PS-exact roll set (nearest delta -6; max_roll 30)
i-08a8cdc31c0c99872	b009/g7/20260812T062733-l2-000090	struggle_damage	5	0	5	5	p1	73	observed damage 4 on registeel from pecharunt struggle (crit=False) not in the PS-exact roll set (nearest delta -1; max_roll 6)
i-08a8cdc31c0c99872	b009/g8/20260812T062733-l4-000066	bellydrum_sitrus	0	1	0	1	p1	18	observed item loss (Sitrus Berry) on opp but no branch removes it
i-08b6e4147d0066585	b000/g12/20260812T025427-l5-000041	struggle_damage	1	0	1	1	p1	34	observed damage 22 on hypno from terapagosterastal struggle (crit=False) not in the PS-exact roll set (nearest delta -6; max_roll 34)
i-08b6e4147d0066585	b000/g2/20260812T025427-l2-000091	ko_margin_soft	0	1	0	1	p1	18	observed slp on opp but no branch applies it [ko-margin]
i-08b6e4147d0066585	b000/g3/20260812T025427-l3-000061	struggle_damage	1	0	1	1	p2	74	observed damage 13 on azelf from sylveon struggle (crit=False) not in the PS-exact roll set (nearest delta -2; max_roll 18)
i-08b6e4147d0066585	b000/g9/20260812T025427-l5-000067	struggle_damage	2	0	2	2	p2	112	observed damage 90 on blissey from porygon2 struggle (crit=False) not in the PS-exact roll set (nearest delta -27; max_roll 138)
i-08b6e4147d0066585	b001/g0/20260812T030829-l3-000031	struggle_damage	2	0	2	2	p2	124	observed damage 17 on vespiquen from florgesblue struggle (crit=False) not in the PS-exact roll set (nearest delta -3; max_roll 24)
i-08b6e4147d0066585	b001/g0/20260812T030829-l4-000060	struggle_damage	3	0	3	3	p2	82	observed damage 12 on alcremiesaltedcream from lunala struggle (crit=False) not in the PS-exact roll set (nearest delta -2; max_roll 17)
i-08b6e4147d0066585	b001/g11/20260812T030829-l3-000092	struggle_damage	1	0	1	1	p2	81	observed damage 16 on magnezone from deoxysdefense struggle (crit=False) not in the PS-exact roll set (nearest delta -6; max_roll 26)
i-08b6e4147d0066585	b001/g11/20260812T030829-l5-000059	struggle_damage	1	0	1	1	p2	94	observed damage 25 on brutebonnet from tropius struggle (crit=False) not in the PS-exact roll set (nearest delta -3; max_roll 34)
i-08b6e4147d0066585	b001/g13/20260812T030829-l1-000039	struggle_damage	2	0	2	2	p1	22	observed damage 27 on gastrodoneast from ludicolo struggle (crit=False) not in the PS-exact roll set (nearest delta -8; max_roll 42)
i-08b6e4147d0066585	b001/g15/20260812T030829-l1-000021	revival_blessing	1	0	0	1	p1	12	observed - spa on user but no branch produces it
i-08b6e4147d0066585	b001/g2/20260812T030829-l6-000029	struggle_damage	1	0	1	1	p1	18	observed damage 31 on gengar from magearnaoriginal struggle (crit=False) not in the PS-exact roll set (nearest delta -6; max_roll 44)
i-08b6e4147d0066585	b001/g4/20260812T030829-l3-000018	struggle_damage	1	0	1	1	p1	18	observed damage 30 on latias from volcanion struggle (crit=False) not in the PS-exact roll set (nearest delta -4; max_roll 40)
i-08b6e4147d0066585	b001/g4/20260812T030829-l6-000050	bellydrum_sitrus	0	1	0	1	p2	14	observed heal on opp but no branch heals it
i-08b6e4147d0066585	b002/g10/20260812T032144-l2-000084	struggle_damage	1	0	1	1	p2	88	observed damage 84 on blissey from reuniclus struggle (crit=False) not in the PS-exact roll set (nearest delta -19; max_roll 122)
i-08b6e4147d0066585	b002/g12/20260812T032144-l1-000055	revival_blessing	1	0	0	1	p1	14	observed item loss (Heavy-Duty Boots) on opp but no branch removes it
i-08b6e4147d0066585	b002/g13/20260812T032144-l4-000032	ko_margin_soft	0	1	0	1	p1	27	observed brn on user but no branch applies it [ko-margin]
i-08b6e4147d0066585	b002/g14/20260812T032144-l3-000057	bellydrum_sitrus	0	1	0	1	p1	49	observed item loss (Sitrus Berry) on opp but no branch removes it
i-08b6e4147d0066585	b002/g3/20260812T032144-l1-000022	ko_margin_soft	0	1	0	1	p1	13	observed slp on opp but no branch applies it [ko-margin]
i-08b6e4147d0066585	b002/g5/20260812T032144-l1-000007	bellydrum_sitrus	0	1	0	1	p2	9	observed item loss (Sitrus Berry) on opp but no branch removes it
i-08b6e4147d0066585	b002/g7/20260812T032144-l6-000011	struggle_damage	3	0	3	3	p1	129	observed damage 28 on screamtail from porygon2 struggle (crit=False) not in the PS-exact roll set (nearest delta -8; max_roll 43)
i-08b6e4147d0066585	b002/g8/20260812T032144-l4-000042	bellydrum_sitrus	0	2	0	2	p2	3	observed item loss (Sitrus Berry) on opp but no branch removes it
i-08b6e4147d0066585	b003/g0/20260812T033909-l5-000005	ko_margin_soft	0	1	0	1	p2	22	observed + spa on opp but no branch produces it [ko-margin]
i-08b6e4147d0066585	b003/g11/20260812T033909-l5-000023	struggle_damage	1	0	1	1	p2	18	observed damage 19 on golduck from keldeoresolute struggle (crit=False) not in the PS-exact roll set (nearest delta -5; max_roll 29)
i-08b6e4147d0066585	b003/g14/20260812T033909-l2-000019	revival_blessing	2	0	0	2	p2	8	observed + spa on user but no branch produces it
i-08b6e4147d0066585	b003/g15/20260812T033909-l5-000043	bellydrum_sitrus	1	1	0	2	p1	13	observed item loss (Sitrus Berry) on opp but no branch removes it
i-08b6e4147d0066585	b003/g6/20260812T033909-l6-000041	other_categorical	0	1	0	1	p2	7	observed volatile Substitute end on opp but no branch removes it
i-08b6e4147d0066585	b004/g1/20260812T035359-l1-000073	bellydrum_sitrus	0	1	0	1	p1	31	observed item loss (Sitrus Berry) on opp but no branch removes it
i-08b6e4147d0066585	b004/g1/20260812T035359-l4-000080	struggle_damage	2	0	2	2	p1	128	observed damage 24 on amoonguss from umbreon struggle (crit=False) not in the PS-exact roll set (nearest delta -5; max_roll 35)
i-08b6e4147d0066585	b004/g10/20260812T035359-l6-000018	struggle_damage	1	0	1	1	p1	41	observed damage 20 on pecharunt from chimecho struggle (crit=False) not in the PS-exact roll set (nearest delta -6; max_roll 31)
i-08b6e4147d0066585	b004/g11/20260812T035359-l3-000044	bellydrum_sitrus	0	1	0	1	p1	5	observed item loss (Sitrus Berry) on opp but no branch removes it
i-08b6e4147d0066585	b004/g6/20260812T035359-l1-000039	ko_margin_soft	0	1	0	1	p2	24	observed par on opp but no branch applies it [ko-margin]
i-08b6e4147d0066585	b004/g8/20260812T035359-l5-000084	bellydrum_sitrus	0	1	0	1	p2	3	observed item loss (Sitrus Berry) on opp but no branch removes it
i-08b6e4147d0066585	b004/g8/20260812T035359-l6-000077	struggle_damage	1	0	1	1	p2	108	observed damage 10 on regice from bellossom struggle (crit=False) not in the PS-exact roll set (nearest delta -2; max_roll 15)
i-08b6e4147d0066585	b004/g9/20260812T035359-l5-000009	other_damage_rollset	3	0	3	3	p2	50	observed damage 138 on avalugghisui from necrozmadawnwings photongeyser (crit=False) not in the PS-exact roll set (nearest delta +83; max_roll 55)
i-08b6e4147d0066585	b004/g9/20260812T035359-l5-000090	revival_blessing	0	1	0	1	p1	13	observed heal on user but no branch heals it
i-08b6e4147d0066585	b005/g10/20260812T041101-l5-000008	bellydrum_sitrus	0	1	0	1	p2	4	observed item loss (Sitrus Berry) on opp but no branch removes it
i-08b6e4147d0066585	b005/g15/20260812T041101-l6-000024	struggle_damage	1	0	1	1	p1	101	observed damage 26 on trevenant from tropius struggle (crit=False) not in the PS-exact roll set (nearest delta -5; max_roll 37)
i-08b6e4147d0066585	b005/g3/20260812T041101-l3-000015	struggle_damage	3	0	3	3	p1	106	observed damage 17 on suicune from vaporeon struggle (crit=False) not in the PS-exact roll set (nearest delta -5; max_roll 26)
i-08b6e4147d0066585	b005/g5/20260812T041101-l5-000018	revival_blessing	2	0	0	2	p1	9	observed + spa on user but no branch produces it
i-08f1bea77af54fa4e	b000/g14/20260812T042523-l2-000047	struggle_damage	1	0	1	1	p2	105	observed damage 17 on sylveon from reuniclus struggle (crit=False) not in the PS-exact roll set (nearest delta -5; max_roll 26)
i-08f1bea77af54fa4e	b000/g15/20260812T042523-l4-000032	bellydrum_sitrus	0	1	0	1	p2	11	observed item loss (Sitrus Berry) on opp but no branch removes it
i-08f1bea77af54fa4e	b000/g2/20260812T042523-l4-000083	ko_margin_soft	0	1	0	1	p1	61	observed slp on opp but no branch applies it [ko-margin]
i-08f1bea77af54fa4e	b000/g3/20260812T042523-l4-000087	struggle_damage	1	0	1	1	p1	119	observed damage 20 on swampert from suicune struggle (crit=False) not in the PS-exact roll set (nearest delta -6; max_roll 31)
i-08f1bea77af54fa4e	b000/g5/20260812T042523-l6-000043	struggle_damage	1	0	1	1	p2	124	observed damage 31 on amoonguss from lapras struggle (crit=False) not in the PS-exact roll set (nearest delta -8; max_roll 46)
i-08f1bea77af54fa4e	b001/g12/20260812T043828-l6-000014	struggle_damage	3	0	3	3	p2	126	observed damage 5 on slowkinggalar from blissey struggle (crit=False) not in the PS-exact roll set (nearest delta -6; max_roll 14)
i-08f1bea77af54fa4e	b001/g14/20260812T043828-l1-000053	bellydrum_sitrus	1	1	0	2	p2	7	observed item loss (Sitrus Berry) on opp but no branch removes it
i-08f1bea77af54fa4e	b001/g5/20260812T043828-l2-000086	struggle_damage	3	0	3	3	p2	109	observed damage 21 on alomomola from sylveon struggle (crit=False) not in the PS-exact roll set (nearest delta -6; max_roll 32)
i-08f1bea77af54fa4e	b002/g12/20260812T045146-l1-000050	struggle_damage	1	0	1	1	p1	131	observed damage 4 on garganacl from sylveon struggle (crit=False) not in the PS-exact roll set (nearest delta -1; max_roll 6)
i-08f1bea77af54fa4e	b002/g2/20260812T045146-l4-000033	other_categorical	1	0	0	1	p2	15	observed par on opp but no branch applies it [membership 0/8 legal actions reproduce]
i-08f1bea77af54fa4e	b002/g4/20260812T045146-l1-000045	ko_margin_soft	0	1	0	1	p2	21	observed slp on user but no branch applies it [ko-margin]
i-08f1bea77af54fa4e	b002/g6/20260812T045146-l2-000049	struggle_damage	1	0	1	1	p1	87	observed damage 17 on gothitelle from sylveon struggle (crit=False) not in the PS-exact roll set (nearest delta -5; max_roll 27)
i-08f1bea77af54fa4e	b003/g5/20260812T050446-l2-000067	struggle_damage	3	0	3	3	p1	96	observed damage 19 on sinistcha from suicune struggle (crit=False) not in the PS-exact roll set (nearest delta -3; max_roll 27)
i-08f1bea77af54fa4e	b003/g5/20260812T050446-l4-000052	bellydrum_sitrus	0	1	0	1	p1	21	observed item loss (Sitrus Berry) on opp but no branch removes it
i-08f1bea77af54fa4e	b003/g6/20260812T050446-l3-000003	other_categorical	1	0	0	1	p2	7	observed par on opp but no branch applies it
i-08f1bea77af54fa4e	b004/g0/20260812T051754-l1-000066	ko_margin_soft	0	1	0	1	p2	30	observed volatile Leech Seed start on user but no branch applies it [ko-margin]
i-08f1bea77af54fa4e	b004/g10/20260812T051754-l1-000028	struggle_damage	1	0	1	1	p1	108	observed damage 32 on kilowattrel from arboliva struggle (crit=False) not in the PS-exact roll set (nearest delta -7; max_roll 47)
i-08f1bea77af54fa4e	b004/g11/20260812T051754-l3-000009	ko_margin_soft	0	1	0	1	p1	14	observed slp on opp but no branch applies it [ko-margin]
i-08f1bea77af54fa4e	b004/g2/20260812T051754-l5-000023	ko_margin_soft	0	2	0	2	p2	23	observed + spe on opp but no branch produces it [ko-margin]
i-08f1bea77af54fa4e	b004/g5/20260812T051754-l5-000059	bellydrum_sitrus	0	1	0	1	p2	5	observed item loss (Sitrus Berry) on opp but no branch removes it
i-08f1bea77af54fa4e	b004/g6/20260812T051754-l3-000016	struggle_damage	1	0	1	1	p2	163	observed damage 20 on bellibolt from vaporeon struggle (crit=False) not in the PS-exact roll set (nearest delta -5; max_roll 30)
i-08f1bea77af54fa4e	b004/g7/20260812T051754-l5-000053	struggle_damage	1	0	1	1	p2	86	observed damage 14 on screamtail from electrodehisui struggle (crit=False) not in the PS-exact roll set (nearest delta -6; max_roll 24)
i-08f1bea77af54fa4e	b005/g0/20260812T053049-l5-000092	struggle_damage	1	0	1	1	p1	23	observed damage 11 on uxie from comfey struggle (crit=False) not in the PS-exact roll set (nearest delta -6; max_roll 20)
i-08f1bea77af54fa4e	b005/g11/20260812T053049-l4-000011	revival_blessing	1	0	0	1	p2	9	observed side-condition spikes change on opp but no branch produces it
i-08f1bea77af54fa4e	b005/g12/20260812T053049-l6-000008	struggle_damage	1	0	1	1	p2	105	observed damage 4 on garganacl from blissey struggle (crit=False) not in the PS-exact roll set (nearest delta -5; max_roll 11)
i-08f1bea77af54fa4e	b005/g3/20260812T053049-l1-000043	struggle_damage	3	0	3	3	p1+p2	71	observed damage 17 on lapras from eternatus struggle (crit=False) not in the PS-exact roll set (nearest delta -5; max_roll 26)
i-08f1bea77af54fa4e	b005/g9/20260812T053049-l1-000055	bellydrum_sitrus	0	2	0	2	p1	1	observed item loss (Sitrus Berry) on opp but no branch removes it
i-08f1bea77af54fa4e	b006/g0/20260812T054733-l4-000094	other_categorical	1	0	0	1	p2	48	observed - def on opp but no branch produces it
i-08f1bea77af54fa4e	b006/g12/20260812T054733-l1-000059	revival_blessing	1	0	0	1	p2	11	observed - def on opp but no branch produces it
i-08f1bea77af54fa4e	b006/g12/20260812T054733-l3-000071	bellydrum_sitrus	0	1	0	1	p1	6	observed item loss (Sitrus Berry) on opp but no branch removes it
i-08f1bea77af54fa4e	b006/g13/20260812T054733-l5-000039	other_categorical	1	0	0	1	p2	20	observed side-condition toxicspikes change on opp but no branch produces it
i-08f1bea77af54fa4e	b006/g14/20260812T054733-l2-000002	struggle_damage	4	0	4	4	p1	40	observed damage 18 on slitherwing from gholdengo struggle (crit=False) not in the PS-exact roll set (nearest delta -4; max_roll 27)
i-08f1bea77af54fa4e	b006/g3/20260812T054733-l1-000007	ko_margin_soft	0	1	0	1	p1	9	observed + spe on opp but no branch produces it [ko-margin]
i-08f1bea77af54fa4e	b006/g4/20260812T054733-l3-000007	struggle_damage	2	0	2	2	p1	175	observed damage 24 on alomomola from giratina struggle (crit=False) not in the PS-exact roll set (nearest delta -4; max_roll 34)
i-08f1bea77af54fa4e	b006/g9/20260812T054733-l3-000068	bellydrum_sitrus	0	2	0	2	p2	21	observed item loss (Sitrus Berry) on opp but no branch removes it
i-08f1bea77af54fa4e	b007/g1/20260812T060057-l3-000037	bellydrum_sitrus	0	2	0	2	p1	1	observed item loss (Sitrus Berry) on opp but no branch removes it
i-08f1bea77af54fa4e	b007/g11/20260812T060057-l2-000016	ko_margin_soft	0	1	0	1	p1	23	observed psn on user but no branch applies it [ko-margin]
i-08f1bea77af54fa4e	b007/g13/20260812T060057-l1-000024	struggle_damage	3	0	3	3	p2	95	observed damage 5 on farigiraf from blissey struggle (crit=False) not in the PS-exact roll set (nearest delta -7; max_roll 15)
i-08f1bea77af54fa4e	b007/g13/20260812T060057-l5-000041	ko_margin_soft	0	1	0	1	p1	29	observed par on user but no branch applies it [ko-margin]
i-08f1bea77af54fa4e	b007/g2/20260812T060057-l4-000063	struggle_damage	1	0	1	1	p2	121	observed damage 23 on stantler from bronzong struggle (crit=False) not in the PS-exact roll set (nearest delta -5; max_roll 33)
i-08f1bea77af54fa4e	b007/g5/20260812T060057-l4-000020	struggle_damage	1	0	1	1	p1	12	observed damage 23 on banette from ironcrown struggle (crit=False) not in the PS-exact roll set (nearest delta -3; max_roll 31)
i-08f1bea77af54fa4e	b007/g7/20260812T060057-l1-000070	revival_blessing	1	0	0	1	p2	41	observed - spa on user but no branch produces it
i-08f1bea77af54fa4e	b007/g7/20260812T060057-l6-000012	bellydrum_sitrus	0	2	0	2	p2	6	observed item loss (Sitrus Berry) on opp but no branch removes it
i-08f1bea77af54fa4e	b007/g9/20260812T060057-l4-000077	bellydrum_sitrus	0	1	0	1	p1	2	observed item loss (Sitrus Berry) on opp but no branch removes it
i-08f1bea77af54fa4e	b008/g0/20260812T061402-l6-000052	ko_margin_soft	0	1	0	1	p1	13	observed slp on opp but no branch applies it [ko-margin]
i-08f1bea77af54fa4e	b008/g6/20260812T061402-l6-000091	struggle_damage	5	0	5	5	p1	101	observed damage 22 on umbreon from tropius struggle (crit=False) not in the PS-exact roll set (nearest delta -3; max_roll 30)
i-08f1bea77af54fa4e	b009/g13/20260812T062703-l1-000074	other_categorical	1	0	0	1	p2	2	observed + spa on opp but no branch produces it
i-08f1bea77af54fa4e	b009/g15/20260812T062703-l1-000052	other_categorical	1	0	0	1	p1	30	observed psn on opp but no branch applies it
i-08f1bea77af54fa4e	b009/g2/20260812T062703-l1-000022	bellydrum_sitrus	0	2	0	2	p1	3	observed item loss (Sitrus Berry) on opp but no branch removes it
i-08f1bea77af54fa4e	b009/g2/20260812T062703-l5-000087	struggle_damage	4	0	4	4	p2	120	observed damage 26 on screamtail from phione struggle (crit=False) not in the PS-exact roll set (nearest delta -4; max_roll 36)
i-08f1bea77af54fa4e	b009/g5/20260812T062703-l5-000034	struggle_damage	2	0	2	2	p2	111	observed damage 10 on chansey from blissey struggle (crit=False) not in the PS-exact roll set (nearest delta -14; max_roll 29)
i-08f58af9c9788b932	b000/g11/20260812T042531-l1-000075	struggle_damage	6	0	6	6	p2	80	observed damage 23 on gholdengo from arboliva struggle (crit=False) not in the PS-exact roll set (nearest delta -8; max_roll 37)
i-08f58af9c9788b932	b000/g13/20260812T042531-l1-000040	struggle_damage	1	0	1	1	p2	96	observed damage 23 on sawsbucksummer from umbreon struggle (crit=False) not in the PS-exact roll set (nearest delta -5; max_roll 33)
i-08f58af9c9788b932	b000/g15/20260812T042531-l2-000089	bellydrum_sitrus	0	2	0	2	p2	3	observed item loss (Sitrus Berry) on opp but no branch removes it
i-08f58af9c9788b932	b000/g2/20260812T042531-l2-000040	struggle_damage	4	0	4	4	p2	120	observed damage 69 on blissey from lunala struggle (crit=False) not in the PS-exact roll set (nearest delta -9; max_roll 92)
i-08f58af9c9788b932	b000/g2/20260812T042531-l2-000076	struggle_damage	2	0	2	2	p2	84	observed damage 26 on florges from alcremie struggle (crit=False) not in the PS-exact roll set (nearest delta -6; max_roll 38)
i-08f58af9c9788b932	b000/g2/20260812T042531-l6-000006	struggle_damage	1	0	1	1	p2	19	observed damage 25 on froslass from vaporeon struggle (crit=False) not in the PS-exact roll set (nearest delta -4; max_roll 35)
i-08f58af9c9788b932	b000/g6/20260812T042531-l5-000090	struggle_damage	2	0	2	2	p2	29	observed damage 12 on deoxysdefense from indeedeef struggle (crit=False) not in the PS-exact roll set (nearest delta -4; max_roll 19)
i-08f58af9c9788b932	b000/g7/20260812T042531-l1-000032	struggle_damage	1	0	1	1	p1	20	observed damage 4 on deoxysdefense from oranguru struggle (crit=False) not in the PS-exact roll set (nearest delta -1; max_roll 6)
i-08f58af9c9788b932	b000/g7/20260812T042531-l2-000070	struggle_damage	2	0	2	2	p2	82	observed damage 19 on giratina from bellossom struggle (crit=False) not in the PS-exact roll set (nearest delta -6; max_roll 30)
i-08f58af9c9788b932	b001/g0/20260812T043856-l4-000004	struggle_damage	1	0	1	1	p1	80	observed damage 15 on regirock from arboliva struggle (crit=False) not in the PS-exact roll set (nearest delta -1; max_roll 19)
i-08f58af9c9788b932	b001/g11/20260812T043856-l4-000009	bellydrum_sitrus	0	1	0	1	p1	19	observed item loss (Sitrus Berry) on opp but no branch removes it
i-08f58af9c9788b932	b001/g13/20260812T043856-l1-000055	struggle_damage	1	0	1	1	p2	20	observed damage 28 on screamtail from mesprit struggle (crit=False) not in the PS-exact roll set (nearest delta -6; max_roll 40)
i-08f58af9c9788b932	b001/g2/20260812T043856-l2-000077	bellydrum_sitrus	0	2	0	2	p2	10	observed item loss (Sitrus Berry) on opp but no branch removes it
i-08f58af9c9788b932	b002/g1/20260812T045441-l3-000047	struggle_damage	2	0	2	2	p2	10	observed damage 21 on suicune from lapras struggle (crit=False) not in the PS-exact roll set (nearest delta -6; max_roll 32)
i-08f58af9c9788b932	b002/g11/20260812T045441-l6-000045	struggle_damage	1	0	1	1	p2	78	observed damage 24 on jirachi from sceptile struggle (crit=False) not in the PS-exact roll set (nearest delta -6; max_roll 36)
i-08f58af9c9788b932	b002/g12/20260812T045441-l3-000003	struggle_damage	3	0	3	3	p2	16	observed damage 44 on florgeswhite from typhlosion struggle (crit=True) not in the PS-exact roll set (nearest delta -9; max_roll 63)
i-08f58af9c9788b932	b002/g12/20260812T045441-l4-000092	struggle_damage	1	0	1	1	p2	26	observed damage 15 on hooh from delphox struggle (crit=False) not in the PS-exact roll set (nearest delta -5; max_roll 24)
i-08f58af9c9788b932	b002/g3/20260812T045441-l3-000003	revival_blessing	3	0	0	3	p2	9	observed + spa on user but no branch produces it
i-08f58af9c9788b932	b002/g5/20260812T045441-l3-000042	other_damage_rollset	1	0	1	1	p1	36	observed damage 54 on clefable from alcremie terablast (crit=False) not in the PS-exact roll set (nearest delta -21; max_roll 88)
i-08f58af9c9788b932	b002/g6/20260812T045441-l4-000048	struggle_damage	1	0	1	1	p1	99	observed damage 24 on rillaboom from arboliva struggle (crit=False) not in the PS-exact roll set (nearest delta -7; max_roll 37)
i-08f58af9c9788b932	b002/g7/20260812T045441-l5-000051	ko_margin_soft	0	2	0	2	p2	11	observed + spe on opp but no branch produces it [ko-margin]
i-08f58af9c9788b932	b003/g11/20260812T050807-l2-000093	struggle_damage	1	0	1	1	p2	17	observed damage 27 on phione from volcanion struggle (crit=False) not in the PS-exact roll set (nearest delta -5; max_roll 38)
i-08f58af9c9788b932	b003/g13/20260812T050807-l3-000037	bellydrum_sitrus	0	1	0	1	p2	17	observed item loss (Sitrus Berry) on opp but no branch removes it
i-08f58af9c9788b932	b003/g4/20260812T050807-l3-000042	struggle_damage	1	0	1	1	p1	20	observed damage 29 on raikou from hydrapple struggle (crit=False) not in the PS-exact roll set (nearest delta -4; max_roll 39)
i-08f58af9c9788b932	b004/g10/20260812T052507-l4-000021	bellydrum_sitrus	0	1	0	1	p1	16	observed heal on opp but no branch heals it
i-08f58af9c9788b932	b004/g12/20260812T052507-l2-000050	bellydrum_sitrus	0	1	0	1	p2	12	observed item loss (Sitrus Berry) on opp but no branch removes it
i-08f58af9c9788b932	b004/g12/20260812T052507-l2-000092	bellydrum_sitrus	0	1	0	1	p1	13	observed heal on opp but no branch heals it
i-08f58af9c9788b932	b004/g12/20260812T052507-l6-000057	bellydrum_sitrus	0	1	0	1	p1	52	observed heal on opp but no branch heals it
i-08f58af9c9788b932	b004/g13/20260812T052507-l3-000003	struggle_damage	2	0	2	2	p2	87	observed damage 13 on falinks from chimecho struggle (crit=True) not in the PS-exact roll set (nearest delta -4; max_roll 21)
i-08f58af9c9788b932	b004/g14/20260812T052507-l3-000078	struggle_damage	1	0	1	1	p2	54	observed damage 33 on reuniclus from espeon struggle (crit=True) not in the PS-exact roll set (nearest delta -7; max_roll 48)
i-08f58af9c9788b932	b004/g3/20260812T052507-l1-000092	bellydrum_sitrus	0	1	0	1	p1	14	observed item loss (Sitrus Berry) on opp but no branch removes it
i-08f58af9c9788b932	b004/g7/20260812T052507-l2-000029	bellydrum_sitrus	0	1	0	1	p1	18	observed item loss (Sitrus Berry) on opp but no branch removes it
i-08f58af9c9788b932	b004/g7/20260812T052507-l3-000008	struggle_damage	1	0	1	1	p1	62	observed damage 30 on empoleon from vaporeon struggle (crit=False) not in the PS-exact roll set (nearest delta -9; max_roll 46)
i-08f58af9c9788b932	b005/g0/20260812T054021-l2-000002	ko_margin_soft	0	1	0	1	p2	32	observed slp on opp but no branch applies it [ko-margin]
i-08f58af9c9788b932	b005/g10/20260812T054021-l4-000027	struggle_damage	1	0	1	1	p2	106	observed damage 15 on bisharp from deoxysdefense struggle (crit=False) not in the PS-exact roll set (nearest delta -2; max_roll 20)
i-08f58af9c9788b932	b005/g11/20260812T054021-l4-000017	struggle_damage	3	0	3	3	p2	94	observed damage 23 on ironbundle from necrozmadawnwings struggle (crit=False) not in the PS-exact roll set (nearest delta -4; max_roll 32)
i-08f58af9c9788b932	b005/g12/20260812T054021-l4-000004	struggle_damage	1	0	1	1	p2	11	observed damage 9 on dunsparce from chandelure struggle (crit=False) not in the PS-exact roll set (nearest delta -2; max_roll 14)
i-08f58af9c9788b932	b005/g15/20260812T054021-l2-000033	bellydrum_sitrus	0	1	0	1	p1	20	observed item loss (Sitrus Berry) on opp but no branch removes it
i-08f58af9c9788b932	b005/g4/20260812T054021-l3-000078	bellydrum_sitrus	0	1	0	1	p2	22	observed item loss (Sitrus Berry) on opp but no branch removes it
i-08f58af9c9788b932	b005/g6/20260812T054021-l4-000042	struggle_damage	1	0	1	1	p2	98	observed damage 18 on porygon2 from phione struggle (crit=False) not in the PS-exact roll set (nearest delta -4; max_roll 27)
i-08f58af9c9788b932	b005/g7/20260812T054021-l4-000052	ko_margin_soft	0	1	0	1	p2	15	observed - spa on opp but no branch produces it [ko-margin]
i-08f58af9c9788b932	b005/g9/20260812T054021-l6-000058	ko_margin_soft	0	1	0	1	p2	41	observed + atk on opp but no branch produces it [ko-margin]
i-08f58af9c9788b932	b006/g0/20260812T055330-l5-000091	revival_blessing	1	0	0	1	p2	12	observed item loss (Heavy-Duty Boots) on opp but no branch removes it
i-08f58af9c9788b932	b006/g1/20260812T055330-l4-000078	struggle_damage	2	0	2	2	p1	98	observed damage 11 on camerupt from screamtail struggle (crit=False) not in the PS-exact roll set (nearest delta -2; max_roll 16)
i-08f58af9c9788b932	b006/g12/20260812T055330-l4-000039	struggle_damage	3	0	3	3	p1	9	observed damage 25 on politoed from ludicolo struggle (crit=False) not in the PS-exact roll set (nearest delta -7; max_roll 38)
i-08f58af9c9788b932	b006/g14/20260812T055330-l5-000065	ko_margin_soft	0	1	0	1	p2	17	observed slp on opp but no branch applies it [ko-margin]
i-08f58af9c9788b932	b006/g15/20260812T055330-l1-000037	struggle_damage	1	0	1	1	p2	58	observed damage 62 on chansey from gengar struggle (crit=True) not in the PS-exact roll set (nearest delta -17; max_roll 93)
i-08f58af9c9788b932	b006/g2/20260812T055330-l5-000079	struggle_damage	1	0	1	1	p2	9	observed damage 34 on vaporeon from palkia struggle (crit=False) not in the PS-exact roll set (nearest delta -7; max_roll 49)
i-08f58af9c9788b932	b006/g6/20260812T055330-l1-000021	struggle_damage	1	0	1	1	p1	32	observed damage 28 on tyranitar from mesprit struggle (crit=False) not in the PS-exact roll set (nearest delta -5; max_roll 39)
i-08f58af9c9788b932	b006/g6/20260812T055330-l3-000088	other_categorical	1	0	0	1	p2	12	observed side-condition stealthrock change on opp but no branch produces it
i-08f58af9c9788b932	b006/g9/20260812T055330-l3-000065	struggle_damage	3	0	3	3	p1	96	observed damage 36 on tatsugiri from vaporeon struggle (crit=True) not in the PS-exact roll set (nearest delta -13; max_roll 58)
i-08f58af9c9788b932	b007/g11/20260812T060619-l1-000083	ko_margin_soft,other_categorical	0	2	0	2	p1	34	observed slp on opp but no branch applies it [ko-margin]
i-08f58af9c9788b932	b007/g11/20260812T060619-l6-000065	bellydrum_sitrus	0	1	0	1	p2	6	observed item loss (Sitrus Berry) on opp but no branch removes it
i-08f58af9c9788b932	b007/g13/20260812T060619-l6-000026	struggle_damage	1	0	1	1	p1	35	observed damage 16 on arceusice from armarouge struggle (crit=False) not in the PS-exact roll set (nearest delta -4; max_roll 24)
i-08f58af9c9788b932	b007/g14/20260812T060619-l4-000050	ko_margin_soft	0	1	0	1	p1	22	observed slp on opp but no branch applies it [ko-margin]
i-08f58af9c9788b932	b007/g2/20260812T060619-l2-000053	struggle_damage	1	0	1	1	p2	26	observed damage 21 on sandyshocks from latias struggle (crit=False) not in the PS-exact roll set (nearest delta -4; max_roll 30)
i-08f58af9c9788b932	b007/g2/20260812T060619-l5-000065	struggle_damage	1	0	1	1	p2	113	observed damage 6 on gengar from blissey struggle (crit=False) not in the PS-exact roll set (nearest delta -9; max_roll 18)
i-08f58af9c9788b932	b008/g0/20260812T061938-l3-000038	struggle_damage	1	0	1	1	p1	94	observed damage 33 on ironmoth from tropius struggle (crit=False) not in the PS-exact roll set (nearest delta -9; max_roll 50)
i-08f58af9c9788b932	b008/g10/20260812T061938-l1-000041	struggle_damage	1	0	1	1	p1	95	observed damage 8 on sableye from umbreon struggle (crit=False) not in the PS-exact roll set (nearest delta -3; max_roll 13)
i-08f58af9c9788b932	b008/g10/20260812T061938-l2-000051	bellydrum_sitrus	0	1	0	1	p2	18	observed item loss (Sitrus Berry) on opp but no branch removes it
i-08f58af9c9788b932	b008/g3/20260812T061938-l6-000051	struggle_damage	1	0	1	1	p2	101	observed damage 19 on manaphy from screamtail struggle (crit=False) not in the PS-exact roll set (nearest delta -5; max_roll 29)
i-08f58af9c9788b932	b009/g10/20260812T063313-l3-000082	struggle_damage	1	0	1	1	p2	60	observed damage 18 on fezandipiti from ursalunabloodmoon struggle (crit=False) not in the PS-exact roll set (nearest delta -7; max_roll 30)
i-08f58af9c9788b932	b009/g15/20260812T063313-l2-000066	struggle_damage	1	0	1	1	p1	30	observed damage 49 on pikachuoriginal from porygonz struggle (crit=False) not in the PS-exact roll set (nearest delta -15; max_roll 76)
i-08f58af9c9788b932	b009/g15/20260812T063313-l4-000048	struggle_damage	1	0	1	1	p2	31	observed damage 39 on gengar from screamtail struggle (crit=True) not in the PS-exact roll set (nearest delta -12; max_roll 60)
i-08f58af9c9788b932	b009/g4/20260812T063313-l1-000059	revival_blessing	1	0	0	1	p2	13	observed + def on user but no branch produces it
i-08f58af9c9788b932	b009/g4/20260812T063313-l3-000019	struggle_damage	1	0	1	1	p1	20	observed damage 17 on alcremierainbowswirl from chandelure struggle (crit=False) not in the PS-exact roll set (nearest delta -6; max_roll 28)
i-08f58af9c9788b932	b009/g7/20260812T063313-l1-000066	struggle_damage	1	0	1	1	p2	69	observed damage 18 on sylveon from electrodehisui struggle (crit=False) not in the PS-exact roll set (nearest delta -10; max_roll 33)
i-08f58af9c9788b932	b009/g7/20260812T063313-l3-000045	bellydrum_sitrus	0	2	0	2	p1	1	observed item loss (Sitrus Berry) on opp but no branch removes it
i-08f58af9c9788b932	b009/g9/20260812T063313-l3-000030	ko_margin_soft	0	1	0	1	p2	14	observed slp on user but no branch applies it [ko-margin]
i-08f58af9c9788b932	b009/g9/20260812T063313-l5-000071	bellydrum_sitrus	0	1	0	1	p1	8	observed item loss (Sitrus Berry) on opp but no branch removes it
i-0900366ec0f24f952	b000/g10/20260812T065006-l2-000045	struggle_damage	2	0	2	2	p2	78	observed damage 33 on sylveon from arceusfire struggle (crit=False) not in the PS-exact roll set (nearest delta -2; max_roll 42)
i-09034a94d4a578ef8	b000/g1/20260812T042513-l3-000085	bellydrum_sitrus	0	1	0	1	p2	16	observed item loss (Sitrus Berry) on opp but no branch removes it
i-09034a94d4a578ef8	b000/g11/20260812T042513-l6-000060	bellydrum_sitrus	0	1	0	1	p2	25	observed item loss (Sitrus Berry) on opp but no branch removes it
i-09034a94d4a578ef8	b000/g13/20260812T042513-l3-000089	other_categorical,ko_margin_soft	0	2	0	2	p2	12	observed volatile confusion end on opp but no branch removes it
i-09034a94d4a578ef8	b000/g14/20260812T042513-l5-000007	struggle_damage	11	0	11	11	p1	119	observed damage 19 on phione from vaporeon struggle (crit=False) not in the PS-exact roll set (nearest delta -7; max_roll 31)
i-09034a94d4a578ef8	b000/g15/20260812T042513-l1-000001	struggle_damage	2	0	2	2	p1	90	observed damage 20 on corviknight from deoxysdefense struggle (crit=False) not in the PS-exact roll set (nearest delta -4; max_roll 29)
i-09034a94d4a578ef8	b000/g2/20260812T042513-l3-000041	struggle_damage	4	0	4	4	p1+p2	114	observed damage 28 on phione from lapras struggle (crit=False) not in the PS-exact roll set (nearest delta -4; max_roll 38)
i-09034a94d4a578ef8	b000/g2/20260812T042513-l5-000047	struggle_damage	1	0	1	1	p2	11	observed damage 22 on palkiaorigin from kyogre struggle (crit=False) not in the PS-exact roll set (nearest delta -4; max_roll 31)
i-09034a94d4a578ef8	b000/g5/20260812T042513-l2-000026	ko_margin_soft,other_categorical	0	3	0	3	p1	46	observed + spa on opp but no branch produces it [ko-margin]
i-09034a94d4a578ef8	b000/g6/20260812T042513-l4-000029	bellydrum_sitrus	0	1	0	1	p2	16	observed item loss (Sitrus Berry) on opp but no branch removes it
i-09034a94d4a578ef8	b000/g7/20260812T042513-l3-000013	struggle_damage	3	0	3	3	p2	126	observed damage 22 on umbreon from arboliva struggle (crit=False) not in the PS-exact roll set (nearest delta -3; max_roll 30)
i-09034a94d4a578ef8	b001/g1/20260812T044021-l4-000081	revival_blessing	2	0	0	2	p2	12	observed + spa on user but no branch produces it
i-09034a94d4a578ef8	b001/g10/20260812T044021-l2-000018	struggle_damage	1	0	1	1	p2	11	observed damage 18 on cyclizar from calyrexshadow struggle (crit=False) not in the PS-exact roll set (nearest delta -4; max_roll 27)
i-09034a94d4a578ef8	b001/g11/20260812T044021-l3-000054	struggle_damage	1	0	1	1	p1	35	observed damage 18 on kommoo from hoopa struggle (crit=False) not in the PS-exact roll set (nearest delta -3; max_roll 25)
i-09034a94d4a578ef8	b001/g13/20260812T044021-l1-000084	struggle_damage	1	0	1	1	p2	84	observed damage 11 on gurdurr from gholdengo struggle (crit=False) not in the PS-exact roll set (nearest delta -3; max_roll 17)
i-09034a94d4a578ef8	b001/g3/20260812T044021-l2-000072	bellydrum_sitrus	0	1	0	1	p1	12	observed item loss (Sitrus Berry) on opp but no branch removes it
i-09034a94d4a578ef8	b001/g4/20260812T044021-l4-000058	bellydrum_sitrus	0	1	0	1	p1	9	observed item loss (Sitrus Berry) on opp but no branch removes it
i-09034a94d4a578ef8	b001/g9/20260812T044021-l3-000051	struggle_damage	2	0	2	2	p2	88	observed damage 21 on palossand from arboliva struggle (crit=False) not in the PS-exact roll set (nearest delta -3; max_roll 29)
i-09034a94d4a578ef8	b002/g0/20260812T045322-l4-000052	revival_blessing	2	0	0	2	p2	22	observed + spa on user but no branch produces it
i-09034a94d4a578ef8	b002/g8/20260812T045322-l3-000093	struggle_damage	2	0	2	2	p2	54	observed damage 19 on chesnaught from bellossom struggle (crit=False) not in the PS-exact roll set (nearest delta -3; max_roll 27)
i-09034a94d4a578ef8	b003/g11/20260812T050630-l3-000080	other_categorical	1	0	0	1	p1	6	observed + spa on opp but no branch produces it
i-09034a94d4a578ef8	b003/g12/20260812T050630-l3-000036	struggle_damage	1	0	1	1	p2	6	observed damage 10 on suicune from politoed struggle (crit=False) not in the PS-exact roll set (nearest delta -2; max_roll 15)
i-09034a94d4a578ef8	b003/g2/20260812T050630-l2-000082	other_categorical	1	0	0	1	p1	4	observed par on opp but no branch applies it [membership 0/10 legal actions reproduce]
i-09034a94d4a578ef8	b003/g2/20260812T050630-l4-000078	bellydrum_sitrus	0	1	0	1	p1	19	observed item loss (Sitrus Berry) on opp but no branch removes it
i-09034a94d4a578ef8	b004/g11/20260812T051955-l4-000045	revival_blessing	1	0	0	1	p2	5	observed - spa on opp but no branch produces it
i-09034a94d4a578ef8	b004/g12/20260812T051955-l5-000079	struggle_damage	2	0	2	2	p2	69	observed damage 23 on suicune from volcanion struggle (crit=False) not in the PS-exact roll set (nearest delta -4; max_roll 32)
i-09034a94d4a578ef8	b004/g13/20260812T051955-l1-000059	bellydrum_sitrus	0	1	0	1	p2	14	observed item loss (Sitrus Berry) on opp but no branch removes it
i-09034a94d4a578ef8	b004/g13/20260812T051955-l5-000053	struggle_damage	2	0	2	2	p1	155	observed damage 17 on mandibuzz from chimecho struggle (crit=False) not in the PS-exact roll set (nearest delta -5; max_roll 27)
i-09034a94d4a578ef8	b004/g3/20260812T051955-l5-000069	bellydrum_sitrus	0	1	0	1	p2	2	observed item loss (Sitrus Berry) on opp but no branch removes it
i-09034a94d4a578ef8	b004/g4/20260812T051955-l3-000019	struggle_damage	2	0	2	2	p1	30	observed damage 12 on snorlax from mismagius struggle (crit=False) not in the PS-exact roll set (nearest delta -4; max_roll 19)
i-09034a94d4a578ef8	b004/g5/20260812T051955-l4-000075	struggle_damage	1	0	1	1	p1	101	observed damage 22 on bellossom from arboliva struggle (crit=False) not in the PS-exact roll set (nearest delta -6; max_roll 34)
i-09034a94d4a578ef8	b004/g6/20260812T051955-l3-000027	struggle_damage	3	0	3	3	p2	104	observed damage 9 on diancie from chimecho struggle (crit=True) not in the PS-exact roll set (nearest delta -4; max_roll 15)
i-09034a94d4a578ef8	b005/g0/20260812T053258-l2-000038	struggle_damage	1	0	1	1	p1	110	observed damage 24 on rayquaza from deoxysdefense struggle (crit=False) not in the PS-exact roll set (nearest delta -5; max_roll 35)
i-09034a94d4a578ef8	b005/g13/20260812T053258-l1-000018	bellydrum_sitrus	0	1	0	1	p1	1	observed item loss (Sitrus Berry) on opp but no branch removes it
i-09034a94d4a578ef8	b005/g14/20260812T053258-l4-000045	bellydrum_sitrus	0	1	0	1	p2	3	observed item loss (Sitrus Berry) on opp but no branch removes it
i-09034a94d4a578ef8	b005/g8/20260812T053258-l4-000066	ko_margin_soft	0	1	0	1	p2	44	observed slp on opp but no branch applies it [ko-margin]
i-09034a94d4a578ef8	b006/g1/20260812T054920-l3-000029	bellydrum_sitrus	0	2	0	2	p1	1	observed item loss (Sitrus Berry) on opp but no branch removes it
i-09034a94d4a578ef8	b006/g1/20260812T054920-l3-000060	struggle_damage	4	0	4	4	p1	12	observed damage 73 on blissey from typhlosionhisui struggle (crit=False) not in the PS-exact roll set (nearest delta -12; max_roll 101)
i-09034a94d4a578ef8	b006/g1/20260812T054920-l3-000090	other_categorical	3	0	0	3	p2	3	observed - def on user but no branch produces it
i-09034a94d4a578ef8	b006/g12/20260812T054920-l6-000089	struggle_damage	3	0	3	3	p2	86	observed damage 27 on empoleon from sceptile struggle (crit=False) not in the PS-exact roll set (nearest delta -5; max_roll 38)
i-09034a94d4a578ef8	b006/g2/20260812T054920-l3-000088	bellydrum_sitrus	1	1	0	2	p2	3	observed item loss (Sitrus Berry) on opp but no branch removes it
i-09034a94d4a578ef8	b007/g1/20260812T060245-l1-000068	struggle_damage	4	0	4	4	p2	98	observed damage 3 on dachsbun from screamtail struggle (crit=False) not in the PS-exact roll set (nearest delta -2; max_roll 6)
i-09034a94d4a578ef8	b007/g13/20260812T060246-l2-000058	bellydrum_sitrus	0	1	0	1	p2	18	observed item loss (Sitrus Berry) on opp but no branch removes it
i-09034a94d4a578ef8	b007/g6/20260812T060245-l1-000072	struggle_damage	2	0	2	2	p2	5	observed damage 30 on banette from thundurustherian struggle (crit=False) not in the PS-exact roll set (nearest delta -6; max_roll 43)
i-09034a94d4a578ef8	b007/g9/20260812T060245-l6-000009	struggle_damage	1	0	1	1	p1	106	observed damage 3 on yanmega from chansey struggle (crit=False) not in the PS-exact roll set (nearest delta -7; max_roll 12)
i-09034a94d4a578ef8	b008/g0/20260812T061607-l3-000003	other_categorical	1	0	0	1	p2	7	observed - spd on opp but no branch produces it
i-09034a94d4a578ef8	b008/g1/20260812T061607-l1-000065	struggle_damage	3	0	3	3	p1	93	observed damage 3 on giratina from chansey struggle (crit=False) not in the PS-exact roll set (nearest delta -6; max_roll 11)
i-09034a94d4a578ef8	b008/g1/20260812T061607-l3-000043	struggle_damage	2	0	2	2	p2	100	observed damage 15 on persianalola from suicune struggle (crit=False) not in the PS-exact roll set (nearest delta -2; max_roll 21)
i-09034a94d4a578ef8	b008/g12/20260812T061607-l3-000037	struggle_damage	3	0	3	3	p2	105	observed damage 13 on dachsbun from slowbro struggle (crit=False) not in the PS-exact roll set (nearest delta -1; max_roll 17)
i-09034a94d4a578ef8	b008/g15/20260812T061607-l4-000093	revival_blessing	1	0	0	1	p1	20	observed volatile Salt Cure start on opp but no branch applies it
i-09034a94d4a578ef8	b008/g5/20260812T061607-l2-000086	bellydrum_sitrus	0	1	0	1	p2	5	observed par on opp but no branch applies it [ko-margin]
i-09034a94d4a578ef8	b008/g6/20260812T061607-l1-000078	struggle_damage	1	0	1	1	p1	32	observed damage 28 on hitmonchan from palkia struggle (crit=False) not in the PS-exact roll set (nearest delta -6; max_roll 40)
i-09034a94d4a578ef8	b008/g8/20260812T061607-l1-000069	struggle_damage	1	0	1	1	p2	89	observed damage 22 on giratina from klefki struggle (crit=False) not in the PS-exact roll set (nearest delta -3; max_roll 30)
i-09034a94d4a578ef8	b008/g8/20260812T061607-l3-000084	struggle_damage	1	0	1	1	p2	61	observed damage 36 on bellibolt from scovillain struggle (crit=False) not in the PS-exact roll set (nearest delta -4; max_roll 48)
i-09034a94d4a578ef8	b009/g12/20260812T062955-l5-000091	revival_blessing	1	0	0	1	p1	15	observed item loss (Heavy-Duty Boots) on opp but no branch removes it
i-090a042da120dd3d8	b000/g0/20260812T042514-l3-000078	struggle_damage	5	0	5	5	p2	78	observed damage 25 on gholdengo from arboliva struggle (crit=False) not in the PS-exact roll set (nearest delta -6; max_roll 37)
i-090a042da120dd3d8	b000/g0/20260812T042514-l4-000043	revival_blessing	1	0	0	1	p1	27	observed + atk on user but no branch produces it
i-090a042da120dd3d8	b000/g10/20260812T042514-l6-000012	ko_margin_soft	0	1	0	1	p2	34	observed slp on opp but no branch applies it [ko-margin]
i-090a042da120dd3d8	b000/g14/20260812T042514-l5-000089	bellydrum_sitrus	0	2	0	2	p2	4	observed item loss (Sitrus Berry) on opp but no branch removes it
i-090a042da120dd3d8	b000/g15/20260812T042514-l4-000047	struggle_damage	1	0	1	1	p2	123	observed damage 1 on carbink from chansey struggle (crit=False) not in the PS-exact roll set (nearest delta -1; max_roll 3)
i-090a042da120dd3d8	b000/g4/20260812T042514-l2-000073	struggle_damage	1	0	1	1	p1	51	observed damage 17 on electrode from illumise struggle (crit=False) not in the PS-exact roll set (nearest delta -8; max_roll 30)
i-090a042da120dd3d8	b001/g0/20260812T043817-l5-000076	ko_margin_soft	0	1	0	1	p1	19	observed + spe on opp but no branch produces it [ko-margin]
i-090a042da120dd3d8	b001/g1/20260812T043817-l1-000088	struggle_damage	1	0	1	1	p1	9	observed damage 24 on raikou from noivern struggle (crit=False) not in the PS-exact roll set (nearest delta -4; max_roll 34)
i-090a042da120dd3d8	b001/g1/20260812T043817-l4-000068	struggle_damage	4	0	4	4	p1+p2	149	observed damage 15 on screamtail from comfey struggle (crit=False) not in the PS-exact roll set (nearest delta -5; max_roll 24)
i-090a042da120dd3d8	b001/g5/20260812T043817-l5-000048	struggle_damage	1	0	1	1	p2	107	observed damage 24 on regieleki from regice struggle (crit=False) not in the PS-exact roll set (nearest delta -11; max_roll 42)
i-090a042da120dd3d8	b001/g9/20260812T043817-l3-000093	struggle_damage	1	0	1	1	p2	27	observed damage 15 on vespiquen from gengar struggle (crit=False) not in the PS-exact roll set (nearest delta -3; max_roll 22)
i-090a042da120dd3d8	b002/g0/20260812T045424-l2-000082	other_categorical	1	0	0	1	p1	17	observed - spa on user but no branch produces it
i-090a042da120dd3d8	b002/g11/20260812T045424-l5-000082	struggle_damage	1	0	1	1	p1	99	observed damage 21 on sunflora from keldeoresolute struggle (crit=False) not in the PS-exact roll set (nearest delta -7; max_roll 33)
i-090a042da120dd3d8	b002/g7/20260812T045424-l6-000044	struggle_damage	1	0	1	1	p1	12	observed damage 20 on floatzel from deoxysdefense struggle (crit=False) not in the PS-exact roll set (nearest delta -3; max_roll 28)
i-090a042da120dd3d8	b003/g11/20260812T051114-l6-000006	bellydrum_sitrus	0	2	0	2	p2	1	observed item loss (Sitrus Berry) on opp but no branch removes it
i-090a042da120dd3d8	b003/g12/20260812T051114-l4-000067	struggle_damage	5	0	5	5	p1+p2	119	observed damage 20 on lapras from vaporeon struggle (crit=False) not in the PS-exact roll set (nearest delta -7; max_roll 32)
i-090a042da120dd3d8	b003/g14/20260812T051114-l5-000049	struggle_damage	2	0	2	2	p2	27	observed damage 22 on magearna from ludicolo struggle (crit=False) not in the PS-exact roll set (nearest delta -5; max_roll 32)
i-090a042da120dd3d8	b003/g14/20260812T051114-l5-000090	struggle_damage	1	0	1	1	p1	113	observed damage 23 on gastrodoneast from umbreon struggle (crit=False) not in the PS-exact roll set (nearest delta -6; max_roll 35)
i-090a042da120dd3d8	b003/g2/20260812T051114-l3-000047	struggle_damage	1	0	1	1	p1	69	observed damage 45 on articunogalar from exeggutor struggle (crit=True) not in the PS-exact roll set (nearest delta -11; max_roll 66)
i-090a042da120dd3d8	b003/g2/20260812T051114-l4-000028	struggle_damage	3	0	3	3	p2	123	observed damage 19 on ragingbolt from screamtail struggle (crit=False) not in the PS-exact roll set (nearest delta -7; max_roll 31)
i-090a042da120dd3d8	b003/g5/20260812T051114-l6-000048	struggle_damage	1	0	1	1	p1	15	observed damage 24 on ironvaliant from kyogre struggle (crit=False) not in the PS-exact roll set (nearest delta -2; max_roll 31)
i-090a042da120dd3d8	b003/g6/20260812T051114-l5-000020	struggle_damage	6	0	6	6	p1+p2	108	observed damage 9 on giratina from vaporeon struggle (crit=False) not in the PS-exact roll set (nearest delta -2; max_roll 13)
i-090a042da120dd3d8	b003/g9/20260812T051114-l1-000080	ko_margin_soft	0	1	0	1	p1	20	observed slp on opp but no branch applies it [ko-margin]
i-090a042da120dd3d8	b003/g9/20260812T051114-l3-000062	bellydrum_sitrus	0	1	0	1	p2	2	observed item loss (Sitrus Berry) on opp but no branch removes it
i-090a042da120dd3d8	b003/g9/20260812T051114-l6-000091	struggle_damage	1	0	1	1	p1	118	observed damage 21 on articunogalar from cresselia struggle (crit=False) not in the PS-exact roll set (nearest delta -4; max_roll 30)
i-090a042da120dd3d8	b004/g0/20260812T052557-l4-000012	struggle_damage	4	0	4	4	p1+p2	159	observed damage 4 on deoxysdefense from umbreon struggle (crit=False) not in the PS-exact roll set (nearest delta -1; max_roll 6)
i-090a042da120dd3d8	b004/g10/20260812T052557-l6-000053	other_categorical	0	1	0	1	p2	4	observed item loss (Sitrus Berry) on user but no branch removes it
i-090a042da120dd3d8	b004/g11/20260812T052557-l3-000051	bellydrum_sitrus	0	1	0	1	p2	7	observed item loss (Sitrus Berry) on opp but no branch removes it
i-090a042da120dd3d8	b004/g15/20260812T052557-l3-000018	struggle_damage	4	0	4	4	p1	131	observed damage 27 on cryogonal from florgeswhite struggle (crit=False) not in the PS-exact roll set (nearest delta -8; max_roll 42)
i-090a042da120dd3d8	b004/g2/20260812T052557-l4-000042	bellydrum_sitrus	0	2	0	2	p1	11	observed item loss (Sitrus Berry) on opp but no branch removes it
i-090a042da120dd3d8	b004/g3/20260812T052557-l6-000046	struggle_damage	2	0	2	2	p1	76	observed damage 13 on toxapex from keldeoresolute struggle (crit=False) not in the PS-exact roll set (nearest delta -3; max_roll 19)
i-090a042da120dd3d8	b004/g8/20260812T052557-l1-000048	struggle_damage	2	0	2	2	p2	92	observed damage 37 on venusaur from vileplume struggle (crit=True) not in the PS-exact roll set (nearest delta -9; max_roll 55)
i-090a042da120dd3d8	b004/g8/20260812T052557-l4-000040	revival_blessing	1	0	0	1	p2	25	observed side-condition spikes change on opp but no branch produces it
i-090a042da120dd3d8	b005/g0/20260812T054207-l1-000012	struggle_damage	2	0	2	2	p1	31	observed damage 20 on gothitelle from deoxysdefense struggle (crit=False) not in the PS-exact roll set (nearest delta -3; max_roll 28)
i-090a042da120dd3d8	b005/g1/20260812T054207-l3-000025	bellydrum_sitrus	1	1	0	2	p1	4	observed item loss (Sitrus Berry) on opp but no branch removes it
i-090a042da120dd3d8	b005/g4/20260812T054207-l2-000002	struggle_damage	2	0	2	2	p2	61	observed damage 29 on amoonguss from sceptile struggle (crit=False) not in the PS-exact roll set (nearest delta -10; max_roll 46)
i-090a042da120dd3d8	b005/g6/20260812T054207-l1-000075	struggle_damage	1	0	1	1	p2	31	observed damage 14 on uxie from sinistchamasterpiece struggle (crit=False) not in the PS-exact roll set (nearest delta -3; max_roll 21)
i-090a042da120dd3d8	b005/g6/20260812T054207-l5-000073	struggle_damage	4	0	4	4	p2	105	observed damage 23 on gastrodon from screamtail struggle (crit=False) not in the PS-exact roll set (nearest delta -6; max_roll 35)
i-090a042da120dd3d8	b005/g7/20260812T054207-l2-000084	ko_margin_soft	0	1	0	1	p2	29	observed + spe on opp but no branch produces it [ko-margin]
i-090a042da120dd3d8	b006/g11/20260812T055502-l4-000081	struggle_damage	2	0	2	2	p1	121	observed damage 13 on vaporeon from sylveon struggle (crit=False) not in the PS-exact roll set (nearest delta -3; max_roll 19)
i-090a042da120dd3d8	b006/g11/20260812T055502-l5-000087	struggle_damage	1	0	1	1	p1	31	observed damage 29 on honchkrow from lugia struggle (crit=False) not in the PS-exact roll set (nearest delta -5; max_roll 40)
i-090a042da120dd3d8	b006/g8/20260812T055502-l4-000019	struggle_damage	2	0	2	2	p1	101	observed damage 17 on toxapex from arceuswater struggle (crit=False) not in the PS-exact roll set (nearest delta -2; max_roll 23)
i-090a042da120dd3d8	b007/g0/20260812T060758-l1-000001	struggle_damage	3	0	3	3	p2	99	observed damage 18 on slowbrogalar from chimecho struggle (crit=False) not in the PS-exact roll set (nearest delta -5; max_roll 28)
i-090a042da120dd3d8	b007/g0/20260812T060758-l2-000007	ko_margin_soft	0	1	0	1	p1	30	observed slp on opp but no branch applies it [ko-margin]
i-090a042da120dd3d8	b007/g1/20260812T060758-l5-000027	struggle_damage	1	0	1	1	p1	107	observed damage 9 on houndstone from chimecho struggle (crit=False) not in the PS-exact roll set (nearest delta -2; max_roll 13)
i-090a042da120dd3d8	b007/g10/20260812T060758-l5-000082	bellydrum_sitrus	0	1	0	1	p2	10	observed item loss (Sitrus Berry) on opp but no branch removes it
i-090a042da120dd3d8	b007/g12/20260812T060758-l1-000001	ko_margin_soft	0	1	0	1	p1	33	observed slp on opp but no branch applies it [ko-margin]
i-090a042da120dd3d8	b007/g3/20260812T060758-l3-000037	other_categorical	1	0	0	1	p1	12	observed psn on opp but no branch applies it
i-090a042da120dd3d8	b007/g3/20260812T060758-l5-000060	struggle_damage	3	0	3	3	p1	112	observed damage 14 on vaporeon from sylveon struggle (crit=False) not in the PS-exact roll set (nearest delta -2; max_roll 19)
i-090a042da120dd3d8	b007/g5/20260812T060758-l5-000033	struggle_damage	1	0	1	1	p1	85	observed damage 12 on ursalunabloodmoon from fluttermane struggle (crit=False) not in the PS-exact roll set (nearest delta -3; max_roll 18)
i-090a042da120dd3d8	b007/g9/20260812T060758-l2-000027	struggle_damage	1	0	1	1	p1	21	observed damage 18 on lanturn from miraidon struggle (crit=False) not in the PS-exact roll set (nearest delta -6; max_roll 29)
i-090a042da120dd3d8	b008/g0/20260812T062132-l5-000040	struggle_damage	5	0	5	5	p1	107	observed damage 15 on bronzong from screamtail struggle (crit=False) not in the PS-exact roll set (nearest delta -4; max_roll 23)
i-090a042da120dd3d8	b008/g0/20260812T062132-l5-000085	struggle_damage	1	0	1	1	p2	90	observed damage 24 on munkidori from bastiodon struggle (crit=False) not in the PS-exact roll set (nearest delta -7; max_roll 37)
i-090a042da120dd3d8	b008/g10/20260812T062132-l6-000044	struggle_damage	1	0	1	1	p2	36	observed damage 14 on jirachi from gholdengo struggle (crit=False) not in the PS-exact roll set (nearest delta -5; max_roll 23)
i-090a042da120dd3d8	b008/g12/20260812T062132-l1-000030	ko_margin_soft	0	1	0	1	p2	25	observed slp on opp but no branch applies it [ko-margin]
i-090a042da120dd3d8	b008/g4/20260812T062132-l6-000050	struggle_damage	1	0	1	1	p1	126	observed damage 4 on rotomfan from blissey struggle (crit=False) not in the PS-exact roll set (nearest delta -6; max_roll 12)
i-090a042da120dd3d8	b008/g9/20260812T062132-l4-000066	ko_margin_soft	0	1	0	1	p2	25	observed slp on user but no branch applies it [ko-margin]
i-090a042da120dd3d8	b009/g6/20260812T063520-l3-000034	struggle_damage	1	0	1	1	p2	51	observed damage 21 on porygon2 from volcanion struggle (crit=False) not in the PS-exact roll set (nearest delta -1; max_roll 27)
i-090a042da120dd3d8	b009/g8/20260812T063520-l4-000017	struggle_damage	2	0	2	2	p2	16	observed damage 29 on gothitelle from delphox struggle (crit=True) not in the PS-exact roll set (nearest delta -5; max_roll 40)
i-090a042da120dd3d8	b009/g9/20260812T063520-l6-000091	other_categorical	1	0	0	1	p1	42	observed - spd on opp but no branch produces it
i-09480fbd3f3444efa	b000/g1/20260812T065055-l2-000039	struggle_damage	2	0	2	2	p2	94	observed damage 23 on toxtricity from screamtail struggle (crit=False) not in the PS-exact roll set (nearest delta -6; max_roll 35)
i-09480fbd3f3444efa	b000/g12/20260812T065055-l4-000004	revival_blessing	1	0	0	1	p1	12	observed - spa on opp but no branch produces it
i-09480fbd3f3444efa	b000/g13/20260812T065055-l1-000045	bellydrum_sitrus	0	1	0	1	p2	31	observed item loss (Sitrus Berry) on opp but no branch removes it
i-09480fbd3f3444efa	b000/g6/20260812T065055-l3-000029	struggle_damage	1	0	1	1	p1	17	observed damage 7 on zamazenta from volcarona struggle (crit=False) not in the PS-exact roll set (nearest delta -3; max_roll 12)
i-098a6d5ae9c2f5ef9	b000/g1/20260812T042513-l1-000030	struggle_damage	1	0	1	1	p1	20	observed damage 20 on umbreon from typhlosion struggle (crit=False) not in the PS-exact roll set (nearest delta -5; max_roll 30)
i-098a6d5ae9c2f5ef9	b000/g14/20260812T042513-l2-000084	struggle_damage	2	0	2	2	p1	90	observed damage 29 on fezandipiti from hypno struggle (crit=False) not in the PS-exact roll set (nearest delta -8; max_roll 44)
i-098a6d5ae9c2f5ef9	b000/g15/20260812T042513-l4-000036	struggle_damage	15	0	15	15	p2	17	observed damage 25 on phione from lapras struggle (crit=False) not in the PS-exact roll set (nearest delta -7; max_roll 38)
i-098a6d5ae9c2f5ef9	b000/g4/20260812T042513-l5-000051	struggle_damage	2	0	2	2	p1	82	observed damage 12 on farigiraf from lunala struggle (crit=False) not in the PS-exact roll set (nearest delta -2; max_roll 17)
i-098a6d5ae9c2f5ef9	b000/g5/20260812T042513-l3-000039	struggle_damage	1	0	1	1	p1	15	observed damage 19 on raikou from miraidon struggle (crit=False) not in the PS-exact roll set (nearest delta -3; max_roll 26)
i-098a6d5ae9c2f5ef9	b000/g6/20260812T042513-l2-000059	struggle_damage	1	0	1	1	p2	44	observed damage 23 on mew from typhlosion struggle (crit=False) not in the PS-exact roll set (nearest delta -5; max_roll 33)
i-098a6d5ae9c2f5ef9	b000/g7/20260812T042513-l2-000011	struggle_damage	1	0	1	1	p2	21	observed damage 12 on porygon2 from armarouge struggle (crit=False) not in the PS-exact roll set (nearest delta -3; max_roll 18)
i-098a6d5ae9c2f5ef9	b000/g9/20260812T042513-l5-000012	struggle_damage	1	0	1	1	p1	131	observed damage 27 on farigiraf from pecharunt struggle (crit=False) not in the PS-exact roll set (nearest delta -1; max_roll 34)
i-098a6d5ae9c2f5ef9	b001/g12/20260812T043832-l1-000001	bellydrum_sitrus	0	1	0	1	p2	3	observed item loss (Sitrus Berry) on opp but no branch removes it
i-098a6d5ae9c2f5ef9	b001/g12/20260812T043832-l2-000020	struggle_damage	1	0	1	1	p2	18	observed damage 26 on primarina from ludicolo struggle (crit=False) not in the PS-exact roll set (nearest delta -8; max_roll 41)
i-098a6d5ae9c2f5ef9	b001/g2/20260812T043832-l5-000036	ko_margin_soft	0	5	0	5	p1	89	observed - def on opp but no branch produces it [ko-margin]
i-098a6d5ae9c2f5ef9	b001/g2/20260812T043832-l6-000075	struggle_damage	1	0	1	1	p1	96	observed damage 30 on ursaring from tropius struggle (crit=True) not in the PS-exact roll set (nearest delta -4; max_roll 40)
i-098a6d5ae9c2f5ef9	b001/g3/20260812T043832-l5-000045	struggle_damage	2	0	2	2	p2	104	observed damage 17 on ursaring from shayminsky struggle (crit=False) not in the PS-exact roll set (nearest delta -3; max_roll 24)
i-098a6d5ae9c2f5ef9	b001/g9/20260812T043832-l1-000094	other_damage_rollset	1	0	1	1	p1	7	observed damage 96 on tatsugiri from necrozmadawnwings photongeyser (crit=False) not in the PS-exact roll set (nearest delta -19; max_roll 136)
i-098a6d5ae9c2f5ef9	b001/g9/20260812T043832-l4-000046	struggle_damage	3	0	3	3	p1+p2	103	observed damage 26 on sylveon from sylveon struggle (crit=False) not in the PS-exact roll set (nearest delta -6; max_roll 38)
i-098a6d5ae9c2f5ef9	b002/g1/20260812T045216-l5-000094	revival_blessing	1	0	0	1	p2	11	observed - spa on user but no branch produces it
i-098a6d5ae9c2f5ef9	b002/g10/20260812T045216-l4-000004	ko_margin_soft	0	1	0	1	p2	30	observed + spe on opp but no branch produces it [ko-margin]
i-098a6d5ae9c2f5ef9	b002/g10/20260812T045216-l5-000079	bellydrum_sitrus	0	1	0	1	p1	19	observed item loss (Sitrus Berry) on opp but no branch removes it
i-098a6d5ae9c2f5ef9	b002/g3/20260812T045216-l3-000003	revival_blessing	0	1	0	1	p2	51	observed heal on user but no branch heals it
i-098a6d5ae9c2f5ef9	b002/g4/20260812T045216-l3-000033	other_categorical	2	0	0	2	p1+p2	23	observed + spa on opp but no branch produces it
i-098a6d5ae9c2f5ef9	b002/g5/20260812T045216-l5-000059	other_categorical	1	0	0	1	p1	16	observed item loss (Heavy-Duty Boots) on opp but no branch removes it
i-098a6d5ae9c2f5ef9	b002/g6/20260812T045216-l2-000042	struggle_damage	1	0	1	1	p1	112	observed damage 18 on brutebonnet from umbreon struggle (crit=False) not in the PS-exact roll set (nearest delta -5; max_roll 28)
i-098a6d5ae9c2f5ef9	b002/g7/20260812T045216-l6-000066	struggle_damage	1	0	1	1	p2	42	observed damage 30 on groudon from ludicolo struggle (crit=True) not in the PS-exact roll set (nearest delta -6; max_roll 43)
i-098a6d5ae9c2f5ef9	b002/g9/20260812T045216-l4-000050	ko_margin_soft	0	1	0	1	p1	9	observed - atk on user but no branch produces it [ko-margin]
i-098a6d5ae9c2f5ef9	b003/g1/20260812T050645-l5-000038	struggle_damage	2	0	2	2	p2	92	observed damage 9 on giratinaorigin from chimecho struggle (crit=False) not in the PS-exact roll set (nearest delta -4; max_roll 16)
i-098a6d5ae9c2f5ef9	b003/g10/20260812T050645-l4-000035	struggle_damage	1	0	1	1	p1	37	observed damage 33 on scizor from ludicolo struggle (crit=True) not in the PS-exact roll set (nearest delta -10; max_roll 51)
i-098a6d5ae9c2f5ef9	b003/g10/20260812T050645-l6-000059	bellydrum_sitrus	0	2	0	2	p1	14	observed item loss (Sitrus Berry) on opp but no branch removes it
i-098a6d5ae9c2f5ef9	b003/g11/20260812T050645-l2-000028	struggle_damage	3	0	3	3	p1	97	observed damage 19 on ursalunabloodmoon from sylveon struggle (crit=False) not in the PS-exact roll set (nearest delta -3; max_roll 26)
i-098a6d5ae9c2f5ef9	b003/g11/20260812T050645-l2-000075	bellydrum_sitrus	0	1	0	1	p1	13	observed item loss (Sitrus Berry) on opp but no branch removes it
i-098a6d5ae9c2f5ef9	b003/g12/20260812T050645-l4-000043	struggle_damage	1	0	1	1	p2	109	observed damage 6 on gardevoir from blissey struggle (crit=False) not in the PS-exact roll set (nearest delta -8; max_roll 17)
i-098a6d5ae9c2f5ef9	b003/g14/20260812T050645-l2-000039	ko_margin_soft	0	1	0	1	p1	45	observed slp on opp but no branch applies it [ko-margin]
i-098a6d5ae9c2f5ef9	b003/g15/20260812T050645-l3-000075	struggle_damage	1	0	1	1	p2	134	observed damage 27 on swampert from shaymin struggle (crit=False) not in the PS-exact roll set (nearest delta -5; max_roll 38)
i-098a6d5ae9c2f5ef9	b003/g15/20260812T050645-l4-000004	revival_blessing	2	0	0	2	p2	10	observed + spa on user but no branch produces it
i-098a6d5ae9c2f5ef9	b003/g4/20260812T050645-l5-000049	bellydrum_sitrus	0	1	0	1	p1	27	observed item loss (Sitrus Berry) on opp but no branch removes it
i-098a6d5ae9c2f5ef9	b003/g6/20260812T050645-l6-000048	bellydrum_sitrus	0	2	0	2	p1	5	observed item loss (Sitrus Berry) on opp but no branch removes it
i-098a6d5ae9c2f5ef9	b003/g6/20260812T050645-l6-000052	ko_margin_soft	0	1	0	1	p1	19	observed + spe on opp but no branch produces it [ko-margin]
i-098a6d5ae9c2f5ef9	b003/g7/20260812T050645-l5-000083	struggle_damage	20	0	20	20	p2	112	observed damage 27 on alomomola from lapras struggle (crit=False) not in the PS-exact roll set (nearest delta -6; max_roll 39)
i-098a6d5ae9c2f5ef9	b003/g7/20260812T050645-l6-000085	bellydrum_sitrus	0	1	0	1	p1	18	observed item loss (Sitrus Berry) on opp but no branch removes it
i-098a6d5ae9c2f5ef9	b003/g8/20260812T050645-l2-000062	struggle_damage	1	0	1	1	p2	90	observed damage 4 on giratina from blissey struggle (crit=False) not in the PS-exact roll set (nearest delta -6; max_roll 12)
i-098a6d5ae9c2f5ef9	b004/g0/20260812T052207-l6-000062	struggle_damage	1	0	1	1	p2	123	observed damage 2 on palkiaorigin from blissey struggle (crit=False) not in the PS-exact roll set (nearest delta -3; max_roll 7)
i-098a6d5ae9c2f5ef9	b004/g2/20260812T052207-l6-000058	ko_margin_soft	0	1	0	1	p2	23	observed slp on opp but no branch applies it [ko-margin]
i-098a6d5ae9c2f5ef9	b004/g3/20260812T052207-l5-000014	ko_margin_soft	0	1	0	1	p1	19	observed + spa on opp but no branch produces it [ko-margin]
i-098a6d5ae9c2f5ef9	b004/g4/20260812T052207-l2-000030	struggle_damage	1	0	1	1	p2	48	observed damage 24 on chimecho from latios struggle (crit=False) not in the PS-exact roll set (nearest delta -3; max_roll 32)
i-098a6d5ae9c2f5ef9	b004/g9/20260812T052207-l1-000047	bellydrum_sitrus	0	1	0	1	p2	2	observed item loss (Sitrus Berry) on opp but no branch removes it
i-098a6d5ae9c2f5ef9	b005/g1/20260812T053728-l1-000085	struggle_damage	1	0	1	1	p2	99	observed damage 23 on gothitelle from giratina struggle (crit=False) not in the PS-exact roll set (nearest delta -1; max_roll 29)
i-098a6d5ae9c2f5ef9	b005/g1/20260812T053728-l6-000059	struggle_damage	3	0	3	3	p2	106	observed damage 25 on indeedeef from sylveon struggle (crit=False) not in the PS-exact roll set (nearest delta -5; max_roll 36)
i-098a6d5ae9c2f5ef9	b005/g14/20260812T053728-l1-000032	ko_margin_soft	0	1	0	1	p1	25	observed - atk on user but no branch produces it [ko-margin]
i-098a6d5ae9c2f5ef9	b005/g14/20260812T053728-l1-000068	struggle_damage	4	0	4	4	p2	100	observed damage 56 on blissey from skeledirge struggle (crit=False) not in the PS-exact roll set (nearest delta -15; max_roll 84)
i-098a6d5ae9c2f5ef9	b005/g4/20260812T053728-l3-000070	struggle_damage	1	0	1	1	p2	143	observed damage 14 on toxapex from cresselia struggle (crit=False) not in the PS-exact roll set (nearest delta -3; max_roll 20)
i-098a6d5ae9c2f5ef9	b006/g10/20260812T055108-l2-000002	struggle_damage	2	0	2	2	p1	87	observed damage 19 on brutebonnet from chimecho struggle (crit=False) not in the PS-exact roll set (nearest delta -5; max_roll 29)
i-098a6d5ae9c2f5ef9	b006/g11/20260812T055108-l1-000063	struggle_damage	1	0	1	1	p2	31	observed damage 20 on cyclizar from calyrexshadow struggle (crit=False) not in the PS-exact roll set (nearest delta -2; max_roll 27)
i-098a6d5ae9c2f5ef9	b006/g13/20260812T055108-l5-000013	struggle_damage	1	0	1	1	p2	245	observed damage 13 on dachsbun from typhlosion struggle (crit=False) not in the PS-exact roll set (nearest delta -2; max_roll 18)
i-098a6d5ae9c2f5ef9	b006/g13/20260812T055108-l5-000045	ko_margin_soft,other_categorical	0	2	0	2	p1	34	observed volatile Leech Seed start on user but no branch applies it [ko-margin]
i-098a6d5ae9c2f5ef9	b006/g13/20260812T055108-l6-000020	ko_margin_soft	0	1	0	1	p1	17	observed + spe on opp but no branch produces it [ko-margin]
i-098a6d5ae9c2f5ef9	b006/g15/20260812T055108-l3-000003	struggle_damage	3	0	3	3	p2	129	observed damage 4 on regice from blissey struggle (crit=False) not in the PS-exact roll set (nearest delta -6; max_roll 12)
i-098a6d5ae9c2f5ef9	b006/g15/20260812T055108-l6-000052	struggle_damage	3	0	3	3	p2	104	observed damage 14 on vespiquen from probopass struggle (crit=False) not in the PS-exact roll set (nearest delta -6; max_roll 24)
i-098a6d5ae9c2f5ef9	b006/g3/20260812T055108-l1-000085	struggle_damage	1	0	1	1	p1	82	observed damage 13 on glalie from wigglytuff struggle (crit=False) not in the PS-exact roll set (nearest delta -3; max_roll 19)
i-098a6d5ae9c2f5ef9	b006/g5/20260812T055108-l1-000076	struggle_damage	1	0	1	1	p1	42	observed damage 29 on palkiaorigin from cresselia struggle (crit=False) not in the PS-exact roll set (nearest delta -9; max_roll 45)
i-098a6d5ae9c2f5ef9	b006/g5/20260812T055108-l5-000082	other_categorical	0	1	0	1	p1	6	observed item loss (Sitrus Berry) on user but no branch removes it
i-098a6d5ae9c2f5ef9	b006/g9/20260812T055108-l2-000057	struggle_damage	3	0	3	3	p1	11	observed damage 23 on suicune from lapras struggle (crit=False) not in the PS-exact roll set (nearest delta -4; max_roll 32)
i-098a6d5ae9c2f5ef9	b007/g1/20260812T060513-l6-000044	struggle_damage	1	0	1	1	p2	95	observed damage 45 on chansey from vaporeon struggle (crit=False) not in the PS-exact roll set (nearest delta -14; max_roll 70)
i-098a6d5ae9c2f5ef9	b007/g10/20260812T060513-l1-000091	bellydrum_sitrus	0	1	0	1	p1	8	observed item loss (Sitrus Berry) on opp but no branch removes it
i-098a6d5ae9c2f5ef9	b007/g10/20260812T060513-l5-000005	struggle_damage	1	0	1	1	p2	142	observed damage 68 on blissey from palossand struggle (crit=False) not in the PS-exact roll set (nearest delta -21; max_roll 105)
i-098a6d5ae9c2f5ef9	b007/g11/20260812T060513-l3-000070	revival_blessing	1	1	0	2	p1	8	observed slp on user but no branch applies it
i-098a6d5ae9c2f5ef9	b007/g13/20260812T060513-l6-000066	revival_blessing	0	1	0	1	p1	12	observed heal on user but no branch heals it
i-098a6d5ae9c2f5ef9	b007/g4/20260812T060513-l6-000069	struggle_damage	1	0	1	1	p2	71	observed damage 14 on gothitelle from suicune struggle (crit=False) not in the PS-exact roll set (nearest delta -2; max_roll 19)
i-098a6d5ae9c2f5ef9	b007/g5/20260812T060513-l6-000082	revival_blessing	1	0	0	1	p2	52	observed tox on opp but no branch applies it
i-098a6d5ae9c2f5ef9	b007/g8/20260812T060513-l3-000072	struggle_damage	1	0	1	1	p2	34	observed damage 22 on farigiraf from mismagius struggle (crit=False) not in the PS-exact roll set (nearest delta -5; max_roll 32)
i-098a6d5ae9c2f5ef9	b008/g11/20260812T062127-l6-000019	struggle_damage	1	0	1	1	p2	50	observed damage 27 on goodrahisui from palkia struggle (crit=False) not in the PS-exact roll set (nearest delta -2; max_roll 35)
i-098a6d5ae9c2f5ef9	b008/g14/20260812T062127-l4-000085	struggle_damage	1	0	1	1	p2	59	observed damage 20 on rotomfrost from giratina struggle (crit=False) not in the PS-exact roll set (nearest delta -3; max_roll 28)
i-098a6d5ae9c2f5ef9	b008/g15/20260812T062127-l3-000011	struggle_damage	2	0	2	2	p1	62	observed damage 5 on chandelure from blissey struggle (crit=False) not in the PS-exact roll set (nearest delta -6; max_roll 14)
i-098a6d5ae9c2f5ef9	b008/g4/20260812T062127-l1-000059	struggle_damage	2	0	2	2	p1	30	observed damage 19 on gothitelle from alcremiemintcream struggle (crit=False) not in the PS-exact roll set (nearest delta -5; max_roll 29)
i-098a6d5ae9c2f5ef9	b008/g6/20260812T062127-l6-000006	struggle_damage	2	0	2	2	p1	21	observed damage 7 on dunsparce from mismagius struggle (crit=False) not in the PS-exact roll set (nearest delta -1; max_roll 10)
i-098a6d5ae9c2f5ef9	b009/g13/20260812T063813-l1-000001	struggle_damage	1	0	1	1	p2	79	observed damage 19 on garganacl from arboliva struggle (crit=False) not in the PS-exact roll set (nearest delta -4; max_roll 28)
i-098a6d5ae9c2f5ef9	b009/g13/20260812T063813-l3-000025	ko_margin_soft	0	1	0	1	p2	37	observed - atk on user but no branch produces it [ko-margin]
i-098a6d5ae9c2f5ef9	b009/g15/20260812T063813-l4-000012	bellydrum_sitrus	0	1	0	1	p1	8	observed item loss (Sitrus Berry) on opp but no branch removes it
i-098a6d5ae9c2f5ef9	b009/g5/20260812T063813-l5-000043	struggle_damage	3	0	3	3	p1	85	observed damage 51 on chansey from giratina struggle (crit=False) not in the PS-exact roll set (nearest delta -12; max_roll 75)
i-098a6d5ae9c2f5ef9	b009/g9/20260812T063813-l5-000050	struggle_damage	3	0	3	3	p1+p2	121	observed damage 32 on sylveon from empoleon struggle (crit=False) not in the PS-exact roll set (nearest delta -5; max_roll 44)
i-0a0c04a71b387d5eb	b000/g4/20260812T042535-l2-000013	bellydrum_sitrus	0	1	0	1	p2	4	observed item loss (Sitrus Berry) on opp but no branch removes it
i-0a0c04a71b387d5eb	b000/g5/20260812T042535-l2-000060	struggle_damage	3	0	3	3	p2	113	observed damage 86 on blissey from wigglytuff struggle (crit=False) not in the PS-exact roll set (nearest delta -12; max_roll 116)
i-0a0c04a71b387d5eb	b001/g0/20260812T043838-l2-000077	other_categorical	0	1	0	1	p1	24	observed heal on user but no branch heals it
i-0a0c04a71b387d5eb	b001/g1/20260812T043838-l1-000053	struggle_damage	1	0	1	1	p1	23	observed damage 34 on clefable from gardevoir struggle (crit=False) not in the PS-exact roll set (nearest delta -8; max_roll 50)
i-0a0c04a71b387d5eb	b002/g0/20260812T045144-l1-000051	struggle_damage	3	0	3	3	p2	129	observed damage 18 on gougingfire from suicune struggle (crit=False) not in the PS-exact roll set (nearest delta -5; max_roll 28)
i-0a0c04a71b387d5eb	b002/g1/20260812T045144-l1-000049	struggle_damage	2	0	2	2	p1	31	observed damage 34 on grumpig from chimecho struggle (crit=True) not in the PS-exact roll set (nearest delta -10; max_roll 52)
i-0a0c04a71b387d5eb	b002/g10/20260812T045144-l3-000022	struggle_damage	3	0	3	3	p2	80	observed damage 18 on magearnaoriginal from screamtail struggle (crit=False) not in the PS-exact roll set (nearest delta -4; max_roll 26)
i-0a0c04a71b387d5eb	b003/g0/20260812T050439-l4-000054	struggle_damage	2	0	2	2	p1	168	observed damage 11 on jirachi from slowbro struggle (crit=False) not in the PS-exact roll set (nearest delta -2; max_roll 16)
i-0a0c04a71b387d5eb	b003/g13/20260812T050439-l1-000011	bellydrum_sitrus	1	1	0	2	p1	6	observed item loss (Sitrus Berry) on opp but no branch removes it
i-0a0c04a71b387d5eb	b003/g2/20260812T050439-l5-000085	ko_margin_soft	0	1	0	1	p2	11	observed - atk on opp but no branch produces it [ko-margin]
i-0a0c04a71b387d5eb	b003/g3/20260812T050439-l6-000008	struggle_damage	2	0	2	2	p1	79	observed damage 17 on abomasnow from arceusghost struggle (crit=False) not in the PS-exact roll set (nearest delta -3; max_roll 24)
i-0a0c04a71b387d5eb	b003/g6/20260812T050439-l6-000031	bellydrum_sitrus	0	1	0	1	p2	29	observed item loss (Sitrus Berry) on opp but no branch removes it
i-0a0c04a71b387d5eb	b003/g7/20260812T050439-l5-000081	ko_margin_soft	0	5	0	5	p1	6	observed - def on opp but no branch produces it [ko-margin]
i-0a0c04a71b387d5eb	b003/g9/20260812T050439-l4-000066	struggle_damage	1	0	1	1	p2	94	observed damage 29 on tatsugiri from suicune struggle (crit=False) not in the PS-exact roll set (nearest delta -4; max_roll 39)
i-0a0c04a71b387d5eb	b004/g1/20260812T051755-l5-000016	struggle_damage	1	0	1	1	p1	24	observed damage 21 on breloom from gothitelle struggle (crit=False) not in the PS-exact roll set (nearest delta -7; max_roll 33)
i-0a0c04a71b387d5eb	b004/g14/20260812T051755-l2-000052	struggle_damage	1	0	1	1	p1	111	observed damage 51 on chansey from gholdengo struggle (crit=True) not in the PS-exact roll set (nearest delta -16; max_roll 79)
i-0a0c04a71b387d5eb	b004/g15/20260812T051755-l1-000022	struggle_damage	2	0	2	2	p1	135	observed damage 6 on gogoat from rotomheat struggle (crit=False) not in the PS-exact roll set (nearest delta -2; max_roll 10)
i-0a0c04a71b387d5eb	b004/g15/20260812T051755-l3-000018	struggle_damage	1	0	1	1	p1	12	observed damage 14 on phione from palkia struggle (crit=False) not in the PS-exact roll set (nearest delta -2; max_roll 19)
i-0a0c04a71b387d5eb	b005/g0/20260812T053234-l6-000045	struggle_damage	3	0	3	3	p2	77	observed damage 17 on cresselia from lugia struggle (crit=False) not in the PS-exact roll set (nearest delta -5; max_roll 26)
i-0a0c04a71b387d5eb	b005/g10/20260812T053234-l5-000044	struggle_damage	2	0	2	2	p2	108	observed damage 29 on trevenant from vileplume struggle (crit=False) not in the PS-exact roll set (nearest delta -2; max_roll 37)
i-0a0c04a71b387d5eb	b005/g14/20260812T053234-l2-000061	struggle_damage	3	0	3	3	p1	81	observed damage 21 on whiscash from chimecho struggle (crit=False) not in the PS-exact roll set (nearest delta -7; max_roll 33)
i-0a0c04a71b387d5eb	b005/g3/20260812T053234-l4-000036	struggle_damage	3	0	3	3	p1	103	observed damage 16 on gliscor from screamtail struggle (crit=False) not in the PS-exact roll set (nearest delta -5; max_roll 25)
i-0a0c04a71b387d5eb	b005/g9/20260812T053234-l2-000043	struggle_damage	12	0	12	12	p2	16	observed damage 28 on phione from volcanion struggle (crit=False) not in the PS-exact roll set (nearest delta -4; max_roll 38)
i-0a0c04a71b387d5eb	b006/g7/20260812T054546-l6-000084	ko_margin_soft	0	1	0	1	p2	32	observed - spe on opp but no branch produces it [ko-margin]
i-0a0c04a71b387d5eb	b006/g9/20260812T054546-l3-000042	bellydrum_sitrus	0	1	0	1	p2	29	observed item loss (Sitrus Berry) on opp but no branch removes it
i-0a0c04a71b387d5eb	b007/g14/20260812T055853-l6-000006	ko_margin_soft	0	1	0	1	p1	25	observed slp on opp but no branch applies it [ko-margin]
i-0a0c04a71b387d5eb	b007/g15/20260812T055853-l5-000039	struggle_damage	3	0	3	3	p1	116	observed damage 13 on carbink from umbreon struggle (crit=False) not in the PS-exact roll set (nearest delta -3; max_roll 19)
i-0a0c04a71b387d5eb	b007/g2/20260812T055853-l1-000079	other_categorical	1	0	0	1	p1	23	observed volatile Substitute start on opp but no branch applies it
i-0a0c04a71b387d5eb	b007/g4/20260812T055853-l4-000063	ko_margin_soft,revival_blessing	1	2	0	3	p2	17	observed + def on user but no branch produces it
i-0a0c04a71b387d5eb	b008/g1/20260812T061232-l3-000033	revival_blessing	1	0	0	1	p2	11	observed tox on opp but no branch applies it
i-0a0c04a71b387d5eb	b008/g1/20260812T061232-l5-000028	struggle_damage	1	0	1	1	p1	141	observed damage 2 on spiritomb from blissey struggle (crit=False) not in the PS-exact roll set (nearest delta -2; max_roll 5)
i-0a0c04a71b387d5eb	b008/g1/20260812T061232-l6-000093	bellydrum_sitrus	0	1	0	1	p2	10	observed heal on opp but no branch heals it
i-0a0c04a71b387d5eb	b008/g10/20260812T061232-l5-000005	struggle_damage	5	0	5	5	p1	92	observed damage 72 on blissey from lunala struggle (crit=False) not in the PS-exact roll set (nearest delta -6; max_roll 92)
i-0a0c04a71b387d5eb	b008/g12/20260812T061232-l2-000014	bellydrum_sitrus	0	2	0	2	p2	1	observed item loss (Sitrus Berry) on opp but no branch removes it
i-0a0c04a71b387d5eb	b008/g12/20260812T061232-l3-000062	bellydrum_sitrus	0	1	0	1	p1	4	observed heal on opp but no branch heals it
i-0a0c04a71b387d5eb	b008/g15/20260812T061232-l5-000085	revival_blessing	1	0	0	1	p2	16	observed - spa on opp but no branch produces it
i-0a0c04a71b387d5eb	b008/g4/20260812T061232-l4-000007	revival_blessing	1	0	0	1	p1	11	observed side-condition stealthrock change on opp but no branch produces it
i-0a0c04a71b387d5eb	b008/g5/20260812T061232-l6-000084	ko_margin_soft	0	5	0	5	p1	4	observed - def on opp but no branch produces it [ko-margin]
i-0a0c04a71b387d5eb	b008/g8/20260812T061232-l3-000003	struggle_damage	1	0	1	1	p1	8	observed damage 31 on gothitelle from typhlosion struggle (crit=True) not in the PS-exact roll set (nearest delta -8; max_roll 46)
i-0a0c04a71b387d5eb	b009/g13/20260812T062522-l2-000070	revival_blessing	2	0	0	2	p1	13	observed par on opp but no branch applies it
i-0a0c04a71b387d5eb	b009/g14/20260812T062522-l6-000010	struggle_damage	1	0	1	1	p2	11	observed damage 32 on scovillain from typhlosion struggle (crit=False) not in the PS-exact roll set (nearest delta -2; max_roll 40)
i-0a0c04a71b387d5eb	b009/g2/20260812T062522-l3-000075	ko_margin_soft	0	1	0	1	p2	24	observed slp on opp but no branch applies it [ko-margin]
i-0a0c04a71b387d5eb	b009/g3/20260812T062522-l4-000031	struggle_damage	3	0	3	3	p2	132	observed damage 23 on lumineon from tropius struggle (crit=False) not in the PS-exact roll set (nearest delta -7; max_roll 36)
i-0a0c04a71b387d5eb	b009/g8/20260812T062522-l5-000061	ko_margin_soft	0	2	0	2	p1	16	observed + spe on opp but no branch produces it [ko-margin]
i-0a0c04a71b387d5eb	b009/g9/20260812T062522-l1-000024	struggle_damage	3	0	3	3	p1	128	observed damage 3 on bastiodon from screamtail struggle (crit=False) not in the PS-exact roll set (nearest delta -1; max_roll 5)
i-0a0c04a71b387d5eb	b009/g9/20260812T062522-l1-000070	struggle_damage	2	0	2	2	p2	73	observed damage 18 on arceussteel from chimecho struggle (crit=False) not in the PS-exact roll set (nearest delta -6; max_roll 29)
i-0a1bdc8a4132dfb72	b000/g8/20260812T065016-l1-000021	other_categorical	1	0	0	1	p1	24	observed + spa on opp but no branch produces it
i-0a346dac9e029d262	b000/g10/20260812T042535-l3-000081	ko_margin_soft	0	1	0	1	p2	13	observed slp on user but no branch applies it [ko-margin]
i-0a346dac9e029d262	b000/g5/20260812T042535-l4-000070	struggle_damage	1	0	1	1	p1	133	observed damage 62 on blissey from pecharunt struggle (crit=False) not in the PS-exact roll set (nearest delta -13; max_roll 89)
i-0a346dac9e029d262	b001/g1/20260812T043806-l5-000057	bellydrum_sitrus	0	2	0	2	p2	1	observed item loss (Sitrus Berry) on opp but no branch removes it
i-0a346dac9e029d262	b001/g11/20260812T043806-l2-000002	struggle_damage	2	0	2	2	p1	91	observed damage 17 on misdreavus from deoxysdefense struggle (crit=False) not in the PS-exact roll set (nearest delta -5; max_roll 26)
i-0a346dac9e029d262	b001/g12/20260812T043806-l4-000048	struggle_damage	1	0	1	1	p2	22	observed damage 20 on entei from chandelure struggle (crit=False) not in the PS-exact roll set (nearest delta -4; max_roll 29)
i-0a346dac9e029d262	b001/g13/20260812T043806-l5-000035	revival_blessing	0	1	0	1	p2	19	observed heal on user but no branch heals it
i-0a346dac9e029d262	b001/g14/20260812T043806-l5-000020	struggle_damage	3	0	3	3	p1	127	observed damage 15 on slowbro from bastiodon struggle (crit=False) not in the PS-exact roll set (nearest delta -5; max_roll 24)
i-0a346dac9e029d262	b002/g11/20260812T045401-l4-000065	other_categorical	1	0	0	1	p2	11	observed item loss (Heavy-Duty Boots) on opp but no branch removes it
i-0a346dac9e029d262	b002/g13/20260812T045401-l1-000052	struggle_damage	1	0	1	1	p1	117	observed damage 21 on terapagosterastal from florgesorange struggle (crit=False) not in the PS-exact roll set (nearest delta -2; max_roll 28)
i-0a346dac9e029d262	b002/g2/20260812T045401-l2-000073	struggle_damage	1	0	1	1	p2	17	observed damage 25 on glaceon from oranguru struggle (crit=True) not in the PS-exact roll set (nearest delta -6; max_roll 37)
i-0a346dac9e029d262	b002/g3/20260812T045401-l3-000046	struggle_damage	1	0	1	1	p2	58	observed damage 22 on pyroar from suicune struggle (crit=False) not in the PS-exact roll set (nearest delta -6; max_roll 34)
i-0a346dac9e029d262	b002/g4/20260812T045401-l2-000024	bellydrum_sitrus	0	1	0	1	p2	19	observed item loss (Sitrus Berry) on opp but no branch removes it
i-0a346dac9e029d262	b003/g10/20260812T050702-l1-000045	struggle_damage	2	0	2	2	p2	67	observed damage 33 on ribombee from giratina struggle (crit=False) not in the PS-exact roll set (nearest delta -4; max_roll 44)
i-0a346dac9e029d262	b003/g14/20260812T050702-l4-000045	revival_blessing	1	0	0	1	p2	13	observed volatile Salt Cure start on opp but no branch applies it
i-0a346dac9e029d262	b003/g6/20260812T050702-l1-000076	struggle_damage	3	0	3	3	p2	100	observed damage 17 on dusknoir from arboliva struggle (crit=False) not in the PS-exact roll set (nearest delta -4; max_roll 25)
i-0a346dac9e029d262	b003/g6/20260812T050702-l6-000018	bellydrum_sitrus	0	1	0	1	p2	3	observed item loss (Sitrus Berry) on opp but no branch removes it
i-0a346dac9e029d262	b004/g0/20260812T052015-l1-000082	struggle_damage	1	0	1	1	p2	77	observed damage 38 on misdreavus from exeggutor struggle (crit=True) not in the PS-exact roll set (nearest delta -7; max_roll 54)
i-0a346dac9e029d262	b004/g10/20260812T052015-l1-000069	struggle_damage	3	0	3	3	p1	11	observed damage 23 on suicune from lapras struggle (crit=False) not in the PS-exact roll set (nearest delta -4; max_roll 32)
i-0a346dac9e029d262	b004/g10/20260812T052015-l2-000002	struggle_damage	1	0	1	1	p1	47	observed damage 10 on hooh from sinistcha struggle (crit=False) not in the PS-exact roll set (nearest delta -3; max_roll 16)
i-0a346dac9e029d262	b004/g11/20260812T052015-l3-000022	struggle_damage	2	0	2	2	p1	34	observed damage 98 on blissey from exeggutoralola struggle (crit=False) not in the PS-exact roll set (nearest delta -16; max_roll 135)
i-0a346dac9e029d262	b004/g13/20260812T052015-l3-000003	struggle_damage	3	0	3	3	p1	111	observed damage 20 on phione from vaporeon struggle (crit=False) not in the PS-exact roll set (nearest delta -6; max_roll 31)
i-0a346dac9e029d262	b004/g2/20260812T052015-l3-000021	struggle_damage	1	0	1	1	p1	8	observed damage 38 on raikou from sunflora struggle (crit=False) not in the PS-exact roll set (nearest delta -7; max_roll 53)
i-0a346dac9e029d262	b004/g5/20260812T052015-l3-000028	struggle_damage	1	0	1	1	p2	5	observed damage 16 on tinglu from espeon struggle (crit=False) not in the PS-exact roll set (nearest delta -4; max_roll 24)
i-0a346dac9e029d262	b004/g6/20260812T052015-l1-000074	struggle_damage	2	0	2	2	p1	99	observed damage 31 on heracross from tropius struggle (crit=False) not in the PS-exact roll set (nearest delta -4; max_roll 42)
i-0a346dac9e029d262	b005/g1/20260812T053333-l4-000094	struggle_damage	1	0	1	1	p1	33	observed damage 101 on blissey from scovillain struggle (crit=False) not in the PS-exact roll set (nearest delta -21; max_roll 144)
i-0a346dac9e029d262	b005/g12/20260812T053333-l6-000015	ko_margin_soft	0	1	0	1	p1	52	observed slp on opp but no branch applies it [ko-margin]
i-0a346dac9e029d262	b005/g12/20260812T053333-l6-000085	revival_blessing	1	1	0	2	p2	17	observed slp on user but no branch applies it
i-0a346dac9e029d262	b005/g2/20260812T053333-l5-000049	struggle_damage	2	0	2	2	p2	87	observed damage 27 on vileplume from reuniclus struggle (crit=False) not in the PS-exact roll set (nearest delta -9; max_roll 43)
i-0a346dac9e029d262	b005/g8/20260812T053333-l5-000034	struggle_damage	1	0	1	1	p2	111	observed damage 7 on glaceon from sylveon struggle (crit=False) not in the PS-exact roll set (nearest delta -3; max_roll 12)
i-0a346dac9e029d262	b006/g0/20260812T054644-l1-000053	bellydrum_sitrus	0	1	0	1	p1	40	observed item loss (Sitrus Berry) on opp but no branch removes it
i-0a346dac9e029d262	b006/g13/20260812T054644-l1-000080	struggle_damage	1	0	1	1	p2	36	observed damage 36 on wigglytuff from kyuremwhite struggle (crit=False) not in the PS-exact roll set (nearest delta -5; max_roll 49)
i-0a346dac9e029d262	b006/g13/20260812T054644-l2-000084	ko_margin_soft	0	1	0	1	p1	27	observed slp on opp but no branch applies it [ko-margin]
i-0a346dac9e029d262	b006/g13/20260812T054644-l6-000078	struggle_damage	1	0	1	1	p1	13	observed damage 25 on froslass from clawitzer struggle (crit=False) not in the PS-exact roll set (nearest delta -8; max_roll 39)
i-0a346dac9e029d262	b006/g2/20260812T054644-l5-000078	ko_margin_soft	0	1	0	1	p1	13	observed slp on opp but no branch applies it [ko-margin]
i-0a346dac9e029d262	b007/g1/20260812T055930-l5-000013	ko_margin_soft	0	1	0	1	p2	33	observed slp on opp but no branch applies it [ko-margin]
i-0a346dac9e029d262	b007/g12/20260812T055930-l4-000038	ko_margin_soft	0	1	0	1	p1	16	observed slp on opp but no branch applies it [ko-margin]
i-0a346dac9e029d262	b007/g13/20260812T055930-l3-000066	struggle_damage	1	0	1	1	p2	101	observed damage 69 on blissey from palossand struggle (crit=False) not in the PS-exact roll set (nearest delta -20; max_roll 105)
i-0a346dac9e029d262	b007/g3/20260812T055930-l3-000034	other_categorical	3	0	0	3	p2	25	observed - def on opp but no branch produces it
i-0a346dac9e029d262	b007/g4/20260812T055930-l5-000022	struggle_damage	1	0	1	1	p1	34	observed damage 13 on vespiquen from ironcrown struggle (crit=False) not in the PS-exact roll set (nearest delta -5; max_roll 22)
i-0a346dac9e029d262	b007/g8/20260812T055930-l1-000012	struggle_damage	13	0	13	13	p1	118	observed damage 16 on suicune from vaporeon struggle (crit=False) not in the PS-exact roll set (nearest delta -6; max_roll 26)
i-0a346dac9e029d262	b007/g9/20260812T055930-l2-000033	bellydrum_sitrus	0	1	0	1	p1	8	observed item loss (Sitrus Berry) on opp but no branch removes it
i-0a346dac9e029d262	b008/g1/20260812T061422-l2-000028	struggle_damage	1	0	1	1	p2	81	observed damage 25 on kingdra from sceptile struggle (crit=False) not in the PS-exact roll set (nearest delta -5; max_roll 36)
i-0a346dac9e029d262	b008/g4/20260812T061422-l3-000014	struggle_damage	1	0	1	1	p2	126	observed damage 27 on solgaleo from palossand struggle (crit=False) not in the PS-exact roll set (nearest delta -2; max_roll 35)
i-0a346dac9e029d262	b008/g8/20260812T061422-l1-000037	struggle_damage	1	0	1	1	p1	24	observed damage 9 on calyrex from delphox struggle (crit=False) not in the PS-exact roll set (nearest delta -3; max_roll 15)
i-0a346dac9e029d262	b008/g9/20260812T061422-l6-000056	struggle_damage	2	0	2	2	p1	56	observed damage 12 on poliwrath from deoxysdefense struggle (crit=False) not in the PS-exact roll set (nearest delta -4; max_roll 19)
i-0a346dac9e029d262	b009/g0/20260812T062713-l1-000029	ko_margin_soft	0	1	0	1	p2	17	observed + spe on opp but no branch produces it [ko-margin]
i-0a346dac9e029d262	b009/g11/20260812T062713-l6-000068	struggle_damage	1	0	1	1	p1	57	observed damage 12 on mightyena from illumise struggle (crit=False) not in the PS-exact roll set (nearest delta -5; max_roll 20)
i-0a346dac9e029d262	b009/g8/20260812T062713-l4-000027	bellydrum_sitrus	0	2	0	2	p1	5	observed item loss (Sitrus Berry) on opp but no branch removes it
i-0a598c0100d4cadc1	b000/g0/20260812T065016-l3-000013	struggle_damage	1	0	1	1	p1	201	observed damage 8 on duraludon from gholdengo struggle (crit=False) not in the PS-exact roll set (nearest delta -3; max_roll 14)
i-0a598c0100d4cadc1	b000/g6/20260812T065016-l3-000003	ko_margin_soft	0	2	0	2	p1+p2	20	observed + spe on user but no branch produces it [ko-margin]
i-0a598c0100d4cadc1	b000/g8/20260812T065016-l6-000010	ko_margin_soft	0	1	0	1	p1	14	observed - spe on opp but no branch produces it [ko-margin]
i-0aa0503c318c143aa	b000/g15/20260812T042534-l6-000038	struggle_damage	1	0	1	1	p2	116	observed damage 21 on pachirisu from suicune struggle (crit=False) not in the PS-exact roll set (nearest delta -6; max_roll 32)
i-0aa0503c318c143aa	b001/g15/20260812T043837-l2-000092	struggle_damage	2	0	2	2	p2	20	observed damage 9 on snorlax from typhlosionhisui struggle (crit=False) not in the PS-exact roll set (nearest delta -1; max_roll 12)
i-0aa0503c318c143aa	b001/g2/20260812T043837-l6-000089	struggle_damage	1	0	1	1	p1	94	observed damage 3 on oricoriosensu from chansey struggle (crit=False) not in the PS-exact roll set (nearest delta -8; max_roll 14)
i-0aa0503c318c143aa	b001/g5/20260812T043837-l4-000069	struggle_damage	1	0	1	1	p1	46	observed damage 15 on bastiodon from eternatus struggle (crit=True) not in the PS-exact roll set (nearest delta -3; max_roll 22)
i-0aa0503c318c143aa	b001/g9/20260812T043837-l2-000002	ko_margin_soft	0	2	0	2	p1	41	observed + spa on opp but no branch produces it [ko-margin]
i-0aa0503c318c143aa	b002/g10/20260812T045137-l5-000062	other_categorical	1	0	0	1	p2	81	observed - spa on opp but no branch produces it
i-0aa0503c318c143aa	b002/g13/20260812T045137-l2-000016	struggle_damage	1	0	1	1	p2	10	observed damage 26 on polteageist from oranguru struggle (crit=False) not in the PS-exact roll set (nearest delta -11; max_roll 44)
i-0aa0503c318c143aa	b002/g14/20260812T045137-l5-000054	ko_margin_soft	0	1	0	1	p1	55	observed + spe on opp but no branch produces it [ko-margin]
i-0aa0503c318c143aa	b002/g4/20260812T045137-l6-000035	struggle_damage	1	0	1	1	p1	18	observed damage 25 on dudunsparcethreesegment from ludicolo struggle (crit=False) not in the PS-exact roll set (nearest delta -8; max_roll 39)
i-0aa0503c318c143aa	b002/g7/20260812T045137-l4-000040	struggle_damage	1	0	1	1	p1	24	observed damage 24 on rotommow from hydreigon struggle (crit=False) not in the PS-exact roll set (nearest delta -2; max_roll 31)
i-0aa0503c318c143aa	b003/g10/20260812T050509-l2-000046	other_damage_rollset	4	0	4	4	p2	37	observed damage 40 on hatterene from necrozmadawnwings photongeyser (crit=False) not in the PS-exact roll set (nearest delta -2; max_roll 50)
i-0aa0503c318c143aa	b003/g10/20260812T050509-l6-000078	struggle_damage	1	0	1	1	p2	40	observed damage 16 on uxie from skeledirge struggle (crit=False) not in the PS-exact roll set (nearest delta -2; max_roll 22)
i-0aa0503c318c143aa	b003/g13/20260812T050509-l5-000021	bellydrum_sitrus	0	1	0	1	p1	7	observed item loss (Sitrus Berry) on opp but no branch removes it
i-0aa0503c318c143aa	b003/g4/20260812T050509-l5-000042	struggle_damage	1	0	1	1	p2	98	observed damage 21 on alomomola from whimsicott struggle (crit=False) not in the PS-exact roll set (nearest delta -5; max_roll 31)
i-0aa0503c318c143aa	b003/g6/20260812T050509-l1-000013	struggle_damage	1	0	1	1	p1	9	observed damage 26 on hypno from ludicolo struggle (crit=False) not in the PS-exact roll set (nearest delta -5; max_roll 37)
i-0aa0503c318c143aa	b003/g8/20260812T050509-l3-000083	bellydrum_sitrus	0	1	0	1	p1	9	observed item loss (Sitrus Berry) on opp but no branch removes it
i-0aa0503c318c143aa	b004/g11/20260812T051923-l5-000064	other_categorical	0	1	0	1	p2	35	observed heal on opp but no branch heals it
i-0aa0503c318c143aa	b004/g14/20260812T051923-l1-000014	struggle_damage	1	0	1	1	p2	23	observed damage 23 on regice from palkia struggle (crit=False) not in the PS-exact roll set (nearest delta -5; max_roll 33)
i-0aa0503c318c143aa	b004/g6/20260812T051923-l1-000024	ko_margin_soft	0	1	0	1	p2	20	observed side-condition toxicspikes change on user but no branch produces it [ko-margin]
i-0aa0503c318c143aa	b004/g8/20260812T051923-l4-000025	struggle_damage	1	0	1	1	p1	79	observed damage 31 on farigiraf from necrozmadawnwings struggle (crit=False) not in the PS-exact roll set (nearest delta -3; max_roll 41)
i-0aa0503c318c143aa	b005/g1/20260812T053202-l6-000075	other_categorical	1	0	0	1	p2	17	observed - def on opp but no branch produces it
i-0aa0503c318c143aa	b005/g12/20260812T053202-l5-000008	struggle_damage	1	0	1	1	p1	103	observed damage 3 on phione from chansey struggle (crit=False) not in the PS-exact roll set (nearest delta -7; max_roll 12)
i-0aa0503c318c143aa	b005/g7/20260812T053202-l3-000058	bellydrum_sitrus	0	1	0	1	p1	6	observed item loss (Sitrus Berry) on opp but no branch removes it
i-0aa0503c318c143aa	b005/g7/20260812T053202-l5-000014	ko_margin_soft	0	2	0	2	p2	27	observed + spa on opp but no branch produces it [ko-margin]
i-0aa0503c318c143aa	b005/g8/20260812T053202-l6-000068	struggle_damage	1	0	1	1	p1	9	observed damage 13 on dondozo from volcanion struggle (crit=False) not in the PS-exact roll set (nearest delta -2; max_roll 18)
i-0aa0503c318c143aa	b006/g0/20260812T054454-l1-000023	ko_margin_soft	0	1	0	1	p1	14	observed side-condition toxicspikes change on user but no branch produces it [ko-margin]
i-0aa0503c318c143aa	b006/g10/20260812T054454-l1-000010	struggle_damage	2	0	2	2	p2	78	observed damage 3 on bastiodon from screamtail struggle (crit=False) not in the PS-exact roll set (nearest delta -1; max_roll 5)
i-0aa0503c318c143aa	b006/g12/20260812T054454-l2-000076	struggle_damage	3	0	3	3	p2	111	observed damage 2 on misdreavus from blissey struggle (crit=False) not in the PS-exact roll set (nearest delta -2; max_roll 5)
i-0aa0503c318c143aa	b006/g13/20260812T054454-l1-000059	ko_margin_soft	0	1	0	1	p2	41	observed slp on opp but no branch applies it [ko-margin]
i-0aa0503c318c143aa	b007/g15/20260812T055752-l4-000080	struggle_damage	1	0	1	1	p1	29	observed damage 14 on ursaring from mismagius struggle (crit=False) not in the PS-exact roll set (nearest delta -4; max_roll 22)
i-0aa0503c318c143aa	b007/g15/20260812T055752-l5-000089	struggle_damage	5	0	5	5	p2	123	observed damage 25 on sylveon from screamtail struggle (crit=False) not in the PS-exact roll set (nearest delta -5; max_roll 36)
i-0aa0503c318c143aa	b007/g7/20260812T055752-l2-000075	other_categorical	1	0	0	1	p2	51	observed - spd on opp but no branch produces it
i-0aa0503c318c143aa	b007/g7/20260812T055752-l3-000022	struggle_damage	1	0	1	1	p1	85	observed damage 22 on ironhands from arboliva struggle (crit=False) not in the PS-exact roll set (nearest delta -6; max_roll 33)
i-0aa0503c318c143aa	b008/g10/20260812T061055-l1-000012	struggle_damage	4	0	4	4	p2	71	observed damage 21 on giratina from klefki struggle (crit=False) not in the PS-exact roll set (nearest delta -4; max_roll 30)
i-0aa0503c318c143aa	b008/g10/20260812T061055-l2-000055	bellydrum_sitrus	0	1	0	1	p1	6	observed item loss (Sitrus Berry) on opp but no branch removes it
i-0aa0503c318c143aa	b008/g12/20260812T061055-l4-000007	struggle_damage	1	0	1	1	p1	12	observed damage 13 on gothitelle from fluttermane struggle (crit=False) not in the PS-exact roll set (nearest delta -3; max_roll 19)
i-0aa0503c318c143aa	b008/g15/20260812T061055-l5-000059	struggle_damage	2	0	2	2	p2	119	observed damage 25 on bronzong from weezing struggle (crit=False) not in the PS-exact roll set (nearest delta -2; max_roll 32)
i-0aa0503c318c143aa	b008/g4/20260812T061055-l5-000068	struggle_damage	1	0	1	1	p2	153	observed damage 25 on corviknight from bastiodon struggle (crit=True) not in the PS-exact roll set (nearest delta -8; max_roll 39)
i-0aa0503c318c143aa	b008/g5/20260812T061055-l3-000054	struggle_damage	1	0	1	1	p1	87	observed damage 20 on spiritomb from bellossom struggle (crit=False) not in the PS-exact roll set (nearest delta -3; max_roll 28)
i-0aa0503c318c143aa	b008/g5/20260812T061055-l5-000077	struggle_damage	1	0	1	1	p2	41	observed damage 35 on bellibolt from hoopa struggle (crit=False) not in the PS-exact roll set (nearest delta -2; max_roll 44)
i-0aa0503c318c143aa	b008/g7/20260812T061055-l1-000088	struggle_damage	4	0	4	4	p1	86	observed damage 22 on conkeldurr from palossand struggle (crit=False) not in the PS-exact roll set (nearest delta -8; max_roll 36)
i-0aa0503c318c143aa	b008/g8/20260812T061055-l3-000045	bellydrum_sitrus	0	1	0	1	p1	40	observed item loss (Sitrus Berry) on opp but no branch removes it
i-0aa0503c318c143aa	b008/g9/20260812T061055-l1-000036	bellydrum_sitrus	0	1	0	1	p1	15	observed item loss (Sitrus Berry) on opp but no branch removes it
i-0aa0503c318c143aa	b009/g0/20260812T062405-l2-000080	other_categorical	1	0	0	1	p2	7	observed + spe on opp but no branch produces it
i-0aa0503c318c143aa	b009/g10/20260812T062405-l2-000009	revival_blessing	0	1	0	1	p2	14	observed heal on user but no branch heals it
i-0aa0503c318c143aa	b009/g3/20260812T062405-l6-000025	struggle_damage	1	0	1	1	p2	40	observed damage 29 on dugtrio from kyogre struggle (crit=False) not in the PS-exact roll set (nearest delta -7; max_roll 43)
i-0aa0503c318c143aa	b009/g4/20260812T062405-l4-000053	struggle_damage	1	0	1	1	p1	88	observed damage 3 on golduck from chansey struggle (crit=False) not in the PS-exact roll set (nearest delta -7; max_roll 12)
i-0aa0503c318c143aa	b009/g7/20260812T062405-l6-000046	struggle_damage	3	0	3	3	p2	92	observed damage 26 on clodsire from screamtail struggle (crit=False) not in the PS-exact roll set (nearest delta -8; max_roll 40)
i-0b317a80d4911132b	b000/g11/20260812T042538-l1-000053	bellydrum_sitrus	0	1	0	1	p2	4	observed heal on opp but no branch heals it
i-0b317a80d4911132b	b000/g12/20260812T042538-l1-000001	revival_blessing	1	0	0	1	p2	16	observed + def on user but no branch produces it
i-0b317a80d4911132b	b000/g5/20260812T042538-l4-000015	struggle_damage	2	0	2	2	p2	39	observed damage 37 on wigglytuff from lapras struggle (crit=False) not in the PS-exact roll set (nearest delta -7; max_roll 52)
i-0b317a80d4911132b	b001/g0/20260812T043855-l4-000030	struggle_damage	2	0	2	2	p1	97	observed damage 33 on clodsire from latios struggle (crit=False) not in the PS-exact roll set (nearest delta -4; max_roll 44)
i-0b317a80d4911132b	b001/g0/20260812T043855-l6-000072	struggle_damage	1	0	1	1	p2	81	observed damage 30 on sawsbuckwinter from sceptile struggle (crit=False) not in the PS-exact roll set (nearest delta -6; max_roll 43)
i-0b317a80d4911132b	b001/g1/20260812T043855-l3-000070	struggle_damage	2	0	2	2	p1	101	observed damage 12 on lugia from chimecho struggle (crit=True) not in the PS-exact roll set (nearest delta -4; max_roll 19)
i-0b317a80d4911132b	b001/g10/20260812T043855-l2-000053	other_categorical	2	0	0	2	p2	18	observed brn on opp but no branch applies it
i-0b317a80d4911132b	b001/g12/20260812T043855-l4-000043	struggle_damage	2	0	2	2	p1	93	observed damage 1 on misdreavus from chansey struggle (crit=False) not in the PS-exact roll set (nearest delta -3; max_roll 5)
i-0b317a80d4911132b	b001/g14/20260812T043855-l2-000057	struggle_damage	1	0	1	1	p1	46	observed damage 41 on chansey from gengar struggle (crit=False) not in the PS-exact roll set (nearest delta -11; max_roll 62)
i-0b317a80d4911132b	b001/g15/20260812T043855-l1-000045	ko_margin_soft	0	1	0	1	p2	19	observed slp on opp but no branch applies it [ko-margin]
i-0b317a80d4911132b	b001/g2/20260812T043855-l1-000064	other_categorical	1	0	0	1	p2	12	observed volatile confusion start on opp but no branch applies it
i-0b317a80d4911132b	b001/g5/20260812T043855-l2-000019	ko_margin_soft	0	1	0	1	p1	30	observed brn on user but no branch applies it [ko-margin]
i-0b317a80d4911132b	b001/g7/20260812T043855-l4-000038	struggle_damage	1	0	1	1	p1	42	observed damage 3 on gholdengo from chansey struggle (crit=False) not in the PS-exact roll set (nearest delta -7; max_roll 12)
i-0b317a80d4911132b	b001/g8/20260812T043855-l2-000021	other_categorical	1	0	0	1	p1	24	observed par on opp but no branch applies it
i-0b317a80d4911132b	b001/g9/20260812T043855-l5-000083	ko_margin_soft,other_categorical	0	2	0	2	p2	25	observed + atk on opp but no branch produces it [ko-margin]
i-0b317a80d4911132b	b001/g9/20260812T043855-l6-000080	struggle_damage	6	0	6	6	p1	81	observed damage 9 on snorlax from palossand struggle (crit=False) not in the PS-exact roll set (nearest delta -2; max_roll 13)
i-0b317a80d4911132b	b002/g14/20260812T045201-l6-000081	bellydrum_sitrus	0	1	0	1	p2	19	observed item loss (Sitrus Berry) on opp but no branch removes it
i-0b317a80d4911132b	b002/g15/20260812T045201-l2-000056	ko_margin_soft	0	1	0	1	p2	24	observed tox on user but no branch applies it [ko-margin]
i-0b317a80d4911132b	b002/g6/20260812T045201-l6-000020	struggle_damage	2	0	2	2	p1	47	observed damage 13 on snorlax from gengar struggle (crit=False) not in the PS-exact roll set (nearest delta -2; max_roll 18)
i-0b317a80d4911132b	b002/g7/20260812T045201-l2-000078	ko_margin_soft	0	1	0	1	p1	23	observed slp on opp but no branch applies it [ko-margin]
i-0b317a80d4911132b	b002/g8/20260812T045201-l4-000082	struggle_damage	1	0	1	1	p2	28	observed damage 7 on annihilape from gothitelle struggle (crit=False) not in the PS-exact roll set (nearest delta -2; max_roll 11)
i-0b317a80d4911132b	b002/g9/20260812T045201-l5-000005	bellydrum_sitrus	0	1	0	1	p2	11	observed item loss (Sitrus Berry) on opp but no branch removes it
i-0b317a80d4911132b	b002/g9/20260812T045201-l5-000012	bellydrum_sitrus	0	1	0	1	p1	13	observed item loss (Sitrus Berry) on opp but no branch removes it
i-0b317a80d4911132b	b003/g0/20260812T050537-l2-000046	bellydrum_sitrus	0	1	0	1	p1	19	observed item loss (Sitrus Berry) on opp but no branch removes it
i-0b317a80d4911132b	b003/g12/20260812T050537-l5-000029	ko_margin_soft	0	1	0	1	p1	26	observed slp on opp but no branch applies it [ko-margin]
i-0b317a80d4911132b	b003/g14/20260812T050537-l5-000033	bellydrum_sitrus	0	1	0	1	p1	27	observed item loss (Sitrus Berry) on opp but no branch removes it
i-0b317a80d4911132b	b003/g7/20260812T050537-l1-000052	ko_margin_soft	0	1	0	1	p1	33	observed + spe on opp but no branch produces it [ko-margin]
i-0b317a80d4911132b	b004/g0/20260812T052031-l5-000050	bellydrum_sitrus	0	1	0	1	p1	1	observed item loss (Sitrus Berry) on opp but no branch removes it
i-0b317a80d4911132b	b004/g11/20260812T052031-l1-000052	struggle_damage	6	0	6	6	p2	85	observed damage 25 on gholdengo from arboliva struggle (crit=False) not in the PS-exact roll set (nearest delta -6; max_roll 37)
i-0b317a80d4911132b	b004/g2/20260812T052031-l4-000013	other_categorical	1	0	0	1	p1	44	observed - spd on user but no branch produces it
i-0b317a80d4911132b	b004/g4/20260812T052031-l2-000037	struggle_damage	1	0	1	1	p1	111	observed damage 21 on sylveon from bastiodon struggle (crit=False) not in the PS-exact roll set (nearest delta -8; max_roll 35)
i-0b317a80d4911132b	b004/g4/20260812T052031-l6-000020	struggle_damage	1	0	1	1	p1	30	observed damage 21 on uxie from sinistchamasterpiece struggle (crit=True) not in the PS-exact roll set (nearest delta -5; max_roll 31)
i-0b317a80d4911132b	b004/g7/20260812T052031-l2-000063	struggle_damage	1	0	1	1	p1	37	observed damage 24 on gothitelle from comfey struggle (crit=True) not in the PS-exact roll set (nearest delta -6; max_roll 36)
i-0b317a80d4911132b	b005/g12/20260812T053331-l5-000040	struggle_damage,other_categorical	4	1	3	5	p1+p2	14	observed volatile Substitute start on opp but no branch applies it
i-0b317a80d4911132b	b005/g3/20260812T053331-l1-000039	struggle_damage	1	0	1	1	p2	82	observed damage 6 on arceusfighting from lunala struggle (crit=False) not in the PS-exact roll set (nearest delta -1; max_roll 9)
i-0b317a80d4911132b	b005/g6/20260812T053331-l4-000072	ko_margin_soft	0	1	0	1	p1	26	observed slp on opp but no branch applies it [ko-margin]
i-0b317a80d4911132b	b005/g9/20260812T053331-l1-000070	struggle_damage	3	0	3	3	p2	83	observed damage 17 on dipplin from appletun struggle (crit=False) not in the PS-exact roll set (nearest delta -2; max_roll 23)
i-0b317a80d4911132b	b006/g2/20260812T054649-l2-000036	struggle_damage	2	0	2	2	p2	104	observed damage 22 on abomasnow from cresselia struggle (crit=False) not in the PS-exact roll set (nearest delta -5; max_roll 32)
i-0b317a80d4911132b	b006/g3/20260812T054649-l1-000047	struggle_damage	1	0	1	1	p2	127	observed damage 26 on grimmsnarl from deoxysdefense struggle (crit=False) not in the PS-exact roll set (nearest delta -7; max_roll 39)
i-0b317a80d4911132b	b006/g9/20260812T054649-l1-000083	struggle_damage	1	0	1	1	p2	37	observed damage 31 on sylveon from typhlosion struggle (crit=False) not in the PS-exact roll set (nearest delta -5; max_roll 43)
i-0b317a80d4911132b	b006/g9/20260812T054649-l3-000063	ko_margin_soft	0	1	0	1	p1	9	observed slp on opp but no branch applies it [ko-margin]
i-0b317a80d4911132b	b007/g14/20260812T060039-l3-000079	struggle_damage	1	0	1	1	p2	100	observed damage 46 on fluttermane from sceptile struggle (crit=False) not in the PS-exact roll set (nearest delta -4; max_roll 59)
i-0b317a80d4911132b	b007/g15/20260812T060039-l6-000064	bellydrum_sitrus	0	1	0	1	p2	21	observed item loss (Sitrus Berry) on opp but no branch removes it
i-0b317a80d4911132b	b007/g4/20260812T060039-l5-000013	ko_margin_soft	0	1	0	1	p2	36	observed - atk on opp but no branch produces it [ko-margin]
i-0b317a80d4911132b	b007/g5/20260812T060039-l1-000042	struggle_damage	1	0	1	1	p1	228	observed damage 3 on umbreon from chansey struggle (crit=False) not in the PS-exact roll set (nearest delta -5; max_roll 10)
i-0b317a80d4911132b	b007/g6/20260812T060039-l6-000067	struggle_damage	4	0	4	4	p1+p2	120	observed damage 63 on blissey from sylveon struggle (crit=False) not in the PS-exact roll set (nearest delta -11; max_roll 88)
i-0b317a80d4911132b	b007/g7/20260812T060039-l4-000046	ko_margin_soft	0	1	0	1	p1	22	observed slp on opp but no branch applies it [ko-margin]
i-0b317a80d4911132b	b008/g10/20260812T061653-l1-000060	struggle_damage	2	0	2	2	p2	96	observed damage 22 on emboar from keldeoresolute struggle (crit=False) not in the PS-exact roll set (nearest delta -7; max_roll 35)
i-0b317a80d4911132b	b008/g11/20260812T061653-l4-000094	ko_margin_soft	0	1	0	1	p2	8	observed slp on opp but no branch applies it [ko-margin]
i-0b317a80d4911132b	b008/g11/20260812T061653-l6-000072	struggle_damage	1	0	1	1	p2	29	observed damage 13 on golemalola from chandelure struggle (crit=False) not in the PS-exact roll set (nearest delta -2; max_roll 18)
i-0b317a80d4911132b	b008/g15/20260812T061653-l3-000079	bellydrum_sitrus	0	1	0	1	p1	8	observed item loss (Sitrus Berry) on opp but no branch removes it
i-0b317a80d4911132b	b008/g4/20260812T061653-l5-000016	struggle_damage	5	0	5	5	p2	104	observed damage 34 on vaporeon from lapras struggle (crit=False) not in the PS-exact roll set (nearest delta -6; max_roll 48)
i-0b317a80d4911132b	b008/g5/20260812T061653-l4-000069	ko_margin_soft,other_categorical	0	2	0	2	p2	37	observed slp on opp but no branch applies it [ko-margin]
i-0b317a80d4911132b	b008/g6/20260812T061653-l5-000052	struggle_damage	2	0	2	2	p2	99	observed damage 20 on enamorustherian from lunala struggle (crit=False) not in the PS-exact roll set (nearest delta -2; max_roll 27)
i-0b317a80d4911132b	b009/g1/20260812T063007-l1-000070	struggle_damage	17	0	17	17	p1	20	observed damage 22 on suicune from lapras struggle (crit=False) not in the PS-exact roll set (nearest delta -5; max_roll 32)
i-0b317a80d4911132b	b009/g13/20260812T063007-l1-000084	ko_margin_soft	0	1	0	1	p2	10	observed + spe on opp but no branch produces it [ko-margin]
i-0b317a80d4911132b	b009/g5/20260812T063007-l3-000017	struggle_damage	1	0	1	1	p2	34	observed damage 24 on sunflora from gothitelle struggle (crit=False) not in the PS-exact roll set (nearest delta -6; max_roll 36)
i-0b317a80d4911132b	b009/g6/20260812T063007-l6-000029	ko_margin_soft	0	1	0	1	p1	52	observed slp on user but no branch applies it [ko-margin]
i-0b524cf2ff40edfc4	b000/g1/20260812T042522-l4-000089	struggle_damage	1	0	1	1	p1	38	observed damage 20 on alcremiecaramelswirl from gardevoir struggle (crit=False) not in the PS-exact roll set (nearest delta -6; max_roll 31)
i-0b524cf2ff40edfc4	b000/g10/20260812T042522-l3-000003	other_categorical	1	1	0	2	p2	18	observed volatile confusion end on user but no branch removes it
i-0b524cf2ff40edfc4	b000/g14/20260812T042522-l1-000037	struggle_damage	1	0	1	1	p1	114	observed damage 11 on snorlax from giratina struggle (crit=False) not in the PS-exact roll set (nearest delta -1; max_roll 15)
i-0b524cf2ff40edfc4	b000/g15/20260812T042522-l1-000086	struggle_damage	1	0	1	1	p2	37	observed damage 24 on gothitelle from hydreigon struggle (crit=False) not in the PS-exact roll set (nearest delta -4; max_roll 33)
i-0b524cf2ff40edfc4	b002/g1/20260812T045155-l6-000016	struggle_damage	1	0	1	1	p1	39	observed damage 31 on terrakion from volcanion struggle (crit=False) not in the PS-exact roll set (nearest delta -3; max_roll 40)
i-0b524cf2ff40edfc4	b002/g12/20260812T045155-l6-000094	ko_margin_soft	0	1	0	1	p2	13	observed slp on opp but no branch applies it [ko-margin]
i-0b524cf2ff40edfc4	b002/g13/20260812T045155-l1-000015	bellydrum_sitrus	0	1	0	1	p1	17	observed item loss (Sitrus Berry) on opp but no branch removes it
i-0b524cf2ff40edfc4	b002/g14/20260812T045155-l3-000024	bellydrum_sitrus	0	1	0	1	p2	12	observed item loss (Sitrus Berry) on opp but no branch removes it
i-0b524cf2ff40edfc4	b002/g2/20260812T045155-l3-000092	struggle_damage	1	0	1	1	p1	99	observed damage 26 on koraidon from pecharunt struggle (crit=False) not in the PS-exact roll set (nearest delta -2; max_roll 33)
i-0b524cf2ff40edfc4	b002/g4/20260812T045155-l3-000066	struggle_damage	1	0	1	1	p2	30	observed damage 19 on weezinggalar from kyuremwhite struggle (crit=False) not in the PS-exact roll set (nearest delta -4; max_roll 28)
i-0b524cf2ff40edfc4	b002/g9/20260812T045155-l4-000073	struggle_damage	2	0	2	2	p1	14	observed damage 15 on porygon2 from kyogre struggle (crit=False) not in the PS-exact roll set (nearest delta -2; max_roll 21)
i-0b524cf2ff40edfc4	b003/g1/20260812T050822-l1-000040	struggle_damage	1	0	1	1	p1	149	observed damage 16 on toxapex from suicune struggle (crit=False) not in the PS-exact roll set (nearest delta -1; max_roll 21)
i-0b524cf2ff40edfc4	b003/g1/20260812T050822-l4-000071	other_categorical	2	0	0	2	p2	12	observed - def on opp but no branch produces it
i-0b524cf2ff40edfc4	b003/g10/20260812T050822-l4-000077	struggle_damage	1	0	1	1	p1	17	observed damage 23 on cresselia from ludicolo struggle (crit=False) not in the PS-exact roll set (nearest delta -4; max_roll 32)
i-0b524cf2ff40edfc4	b003/g2/20260812T050822-l5-000093	struggle_damage	1	0	1	1	p2	116	observed damage 16 on regice from carbink struggle (crit=False) not in the PS-exact roll set (nearest delta -5; max_roll 25)
i-0b524cf2ff40edfc4	b003/g2/20260812T050822-l6-000069	ko_margin_soft	0	1	0	1	p2	81	observed slp on opp but no branch applies it [ko-margin]
i-0b524cf2ff40edfc4	b003/g5/20260812T050822-l1-000019	struggle_damage	1	0	1	1	p2	18	observed damage 20 on pincurchin from hydreigon struggle (crit=False) not in the PS-exact roll set (nearest delta -5; max_roll 30)
i-0b524cf2ff40edfc4	b003/g5/20260812T050822-l2-000059	other_categorical	1	0	0	1	p1	24	observed side-condition spikes change on opp but no branch produces it
i-0b524cf2ff40edfc4	b003/g6/20260812T050822-l1-000031	bellydrum_sitrus	0	1	0	1	p2	21	observed item loss (Sitrus Berry) on opp but no branch removes it
i-0b524cf2ff40edfc4	b003/g9/20260812T050822-l5-000043	bellydrum_sitrus	0	1	0	1	p1	20	observed item loss (Sitrus Berry) on opp but no branch removes it
i-0b524cf2ff40edfc4	b004/g10/20260812T052351-l5-000038	other_categorical	1	0	0	1	p1	25	observed + spa on opp but no branch produces it
i-0b524cf2ff40edfc4	b004/g11/20260812T052351-l5-000080	other_categorical	1	0	0	1	p2	24	observed + spa on opp but no branch produces it
i-0b524cf2ff40edfc4	b004/g13/20260812T052351-l2-000092	bellydrum_sitrus	0	1	0	1	p2	20	observed item loss (Sitrus Berry) on opp but no branch removes it
i-0b524cf2ff40edfc4	b004/g14/20260812T052351-l2-000027	struggle_damage	3	0	3	3	p1	40	observed damage 38 on chansey from chandelure struggle (crit=False) not in the PS-exact roll set (nearest delta -12; max_roll 59)
i-0b524cf2ff40edfc4	b005/g0/20260812T053914-l5-000041	other_categorical	0	1	0	1	p1	17	observed heal on user but no branch heals it
i-0b524cf2ff40edfc4	b005/g0/20260812T053914-l5-000051	struggle_damage	2	0	2	2	p1	110	observed damage 25 on arceuselectric from dudunsparce struggle (crit=False) not in the PS-exact roll set (nearest delta -6; max_roll 37)
i-0b524cf2ff40edfc4	b005/g11/20260812T053914-l3-000003	bellydrum_sitrus	0	2	0	2	p1	1	observed item loss (Sitrus Berry) on opp but no branch removes it
i-0b524cf2ff40edfc4	b005/g11/20260812T053914-l4-000033	struggle_damage	2	0	2	2	p1	87	observed damage 24 on scizor from arboliva struggle (crit=False) not in the PS-exact roll set (nearest delta -4; max_roll 34)
i-0b524cf2ff40edfc4	b005/g4/20260812T053914-l5-000071	struggle_damage	2	0	2	2	p1+p2	116	observed damage 26 on decidueyehisui from magearnaoriginal struggle (crit=False) not in the PS-exact roll set (nearest delta -2; max_roll 34)
i-0b524cf2ff40edfc4	b005/g6/20260812T053914-l4-000074	ko_margin_soft	0	1	0	1	p1	25	observed slp on opp but no branch applies it [ko-margin]
i-0b524cf2ff40edfc4	b005/g7/20260812T053914-l6-000060	bellydrum_sitrus	0	1	0	1	p1	18	observed heal on opp but no branch heals it
i-0b524cf2ff40edfc4	b005/g9/20260812T053914-l4-000086	revival_blessing	0	1	0	1	p2	18	observed heal on user but no branch heals it
i-0b524cf2ff40edfc4	b006/g0/20260812T055219-l6-000017	ko_margin_soft	0	1	0	1	p2	15	observed slp on opp but no branch applies it [ko-margin]
i-0b524cf2ff40edfc4	b006/g10/20260812T055219-l2-000016	struggle_damage	1	0	1	1	p2	122	observed damage 33 on ursaring from screamtail struggle (crit=False) not in the PS-exact roll set (nearest delta -8; max_roll 49)
i-0b524cf2ff40edfc4	b006/g12/20260812T055219-l5-000090	other_categorical	1	0	0	1	p1	2	observed side-condition stickyweb change on opp but no branch produces it
i-0b524cf2ff40edfc4	b006/g13/20260812T055219-l3-000081	struggle_damage	1	0	1	1	p2	36	observed damage 24 on chimecho from arceusflying struggle (crit=False) not in the PS-exact roll set (nearest delta -2; max_roll 31)
i-0b524cf2ff40edfc4	b006/g13/20260812T055219-l3-000093	struggle_damage	1	0	1	1	p1	24	observed damage 23 on heatran from shayminsky struggle (crit=False) not in the PS-exact roll set (nearest delta -2; max_roll 30)
i-0b524cf2ff40edfc4	b006/g15/20260812T055219-l5-000039	ko_margin_soft	0	1	0	1	p1	9	observed + spe on opp but no branch produces it [ko-margin]
i-0b524cf2ff40edfc4	b006/g5/20260812T055219-l4-000072	ko_margin_soft	0	3	0	3	p1	19	observed + spa on opp but no branch produces it [ko-margin]
i-0b524cf2ff40edfc4	b006/g7/20260812T055219-l6-000080	struggle_damage	1	0	1	1	p1	96	observed damage 16 on snorlax from mismagius struggle (crit=False) not in the PS-exact roll set (nearest delta -5; max_roll 25)
i-0b524cf2ff40edfc4	b007/g0/20260812T060519-l1-000012	bellydrum_sitrus	0	1	0	1	p1	22	observed item loss (Sitrus Berry) on opp but no branch removes it
i-0b524cf2ff40edfc4	b007/g0/20260812T060519-l2-000068	ko_margin_soft	0	1	0	1	p1	43	observed - atk on opp but no branch produces it [ko-margin]
i-0b524cf2ff40edfc4	b007/g0/20260812T060519-l3-000031	revival_blessing	0	1	0	1	p1	18	observed heal on user but no branch heals it
i-0b524cf2ff40edfc4	b007/g14/20260812T060519-l6-000034	struggle_damage	1	0	1	1	p2	15	observed damage 23 on scyther from delphox struggle (crit=False) not in the PS-exact roll set (nearest delta -5; max_roll 34)
i-0b524cf2ff40edfc4	b007/g5/20260812T060519-l2-000060	ko_margin_soft	0	1	0	1	p2	17	observed slp on opp but no branch applies it [ko-margin]
i-0b524cf2ff40edfc4	b007/g5/20260812T060519-l3-000038	bellydrum_sitrus	0	1	0	1	p1	8	observed heal on opp but no branch heals it
i-0b524cf2ff40edfc4	b007/g5/20260812T060519-l6-000054	struggle_damage	2	0	2	2	p1	48	observed damage 23 on sylveon from gothitelle struggle (crit=False) not in the PS-exact roll set (nearest delta -8; max_roll 37)
i-0b524cf2ff40edfc4	b007/g6/20260812T060519-l1-000020	struggle_damage	2	0	2	2	p1	119	observed damage 26 on alomomola from lunala struggle (crit=False) not in the PS-exact roll set (nearest delta -2; max_roll 33)
i-0b524cf2ff40edfc4	b007/g6/20260812T060519-l6-000081	struggle_damage	1	0	1	1	p1	68	observed damage 23 on articunogalar from arboliva struggle (crit=False) not in the PS-exact roll set (nearest delta -8; max_roll 37)
i-0b524cf2ff40edfc4	b007/g8/20260812T060519-l1-000022	struggle_damage	1	0	1	1	p1	32	observed damage 27 on dudunsparce from slowbro struggle (crit=False) not in the PS-exact roll set (nearest delta -4; max_roll 37)
i-0b524cf2ff40edfc4	b008/g0/20260812T061850-l3-000059	other_categorical	1	0	0	1	p1	14	observed psn on opp but no branch applies it
i-0b524cf2ff40edfc4	b008/g1/20260812T061850-l5-000031	struggle_damage	3	0	3	3	p1	126	observed damage 22 on umbreon from arboliva struggle (crit=False) not in the PS-exact roll set (nearest delta -3; max_roll 30)
i-0b524cf2ff40edfc4	b008/g10/20260812T061850-l2-000035	struggle_damage	2	0	2	2	p2	99	observed damage 10 on arboliva from sylveon struggle (crit=False) not in the PS-exact roll set (nearest delta -2; max_roll 15)
i-0b524cf2ff40edfc4	b008/g12/20260812T061850-l5-000036	bellydrum_sitrus	0	1	0	1	p1	23	observed item loss (Sitrus Berry) on opp but no branch removes it
i-0b524cf2ff40edfc4	b008/g13/20260812T061850-l6-000024	struggle_damage	1	0	1	1	p1	17	observed damage 18 on carbink from volcanion struggle (crit=False) not in the PS-exact roll set (nearest delta -2; max_roll 24)
i-0b524cf2ff40edfc4	b008/g14/20260812T061850-l1-000008	bellydrum_sitrus	0	1	0	1	p1	17	observed item loss (Sitrus Berry) on opp but no branch removes it
i-0b524cf2ff40edfc4	b008/g2/20260812T061850-l4-000073	struggle_damage	1	0	1	1	p1	20	observed damage 32 on braviary from indeedeef struggle (crit=True) not in the PS-exact roll set (nearest delta -11; max_roll 51)
i-0b524cf2ff40edfc4	b008/g3/20260812T061850-l1-000040	bellydrum_sitrus	0	1	0	1	p1	15	observed volatile confusion start on opp but no branch applies it [ko-margin]
i-0b524cf2ff40edfc4	b008/g6/20260812T061850-l4-000086	struggle_damage	1	0	1	1	p1	14	observed damage 20 on dusknoir from hydreigon struggle (crit=False) not in the PS-exact roll set (nearest delta -1; max_roll 25)
i-0b524cf2ff40edfc4	b009/g12/20260812T063156-l1-000020	struggle_damage	1	0	1	1	p2	93	observed damage 2 on misdreavus from blissey struggle (crit=False) not in the PS-exact roll set (nearest delta -2; max_roll 5)
i-0b524cf2ff40edfc4	b009/g15/20260812T063156-l5-000005	struggle_damage	1	0	1	1	p2	67	observed damage 17 on mesprit from chimecho struggle (crit=False) not in the PS-exact roll set (nearest delta -5; max_roll 27)
i-0b524cf2ff40edfc4	b009/g7/20260812T063156-l2-000069	bellydrum_sitrus	0	1	0	1	p1	3	observed item loss (Sitrus Berry) on opp but no branch removes it
i-0b74e493efe59e1ec	b000/g0/20260812T042537-l3-000082	struggle_damage	1	0	1	1	p1	13	observed damage 24 on reuniclus from delphox struggle (crit=False) not in the PS-exact roll set (nearest delta -4; max_roll 33)
i-0b74e493efe59e1ec	b001/g8/20260812T043930-l5-000045	revival_blessing	1	0	0	1	p1	6	observed + def on user but no branch produces it
i-0b74e493efe59e1ec	b002/g11/20260812T045224-l1-000007	struggle_damage	1	0	1	1	p2	42	observed damage 24 on arbok from volcanion struggle (crit=False) not in the PS-exact roll set (nearest delta -1; max_roll 30)
i-0b74e493efe59e1ec	b002/g13/20260812T045224-l2-000015	revival_blessing	1	0	0	1	p1	6	observed + spa on user but no branch produces it
i-0b74e493efe59e1ec	b002/g2/20260812T045224-l6-000034	bellydrum_sitrus	0	1	0	1	p1	11	observed item loss (Sitrus Berry) on opp but no branch removes it
i-0b74e493efe59e1ec	b002/g4/20260812T045224-l3-000040	struggle_damage	1	0	1	1	p1	21	observed damage 7 on cobalion from hydrapple struggle (crit=False) not in the PS-exact roll set (nearest delta -1; max_roll 10)
i-0b74e493efe59e1ec	b002/g6/20260812T045224-l3-000086	struggle_damage	6	0	6	6	p2	74	observed damage 25 on appletun from tropius struggle (crit=False) not in the PS-exact roll set (nearest delta -4; max_roll 35)
i-0b74e493efe59e1ec	b003/g12/20260812T050543-l3-000069	struggle_damage	2	0	2	2	p2	22	observed damage 22 on latias from delphox struggle (crit=False) not in the PS-exact roll set (nearest delta -5; max_roll 32)
i-0b74e493efe59e1ec	b003/g15/20260812T050543-l3-000063	struggle_damage	1	0	1	1	p2	20	observed damage 19 on cresselia from delphox struggle (crit=False) not in the PS-exact roll set (nearest delta -3; max_roll 27)
i-0b74e493efe59e1ec	b003/g3/20260812T050543-l3-000048	other_categorical	1	0	0	1	p2	26	observed - atk on opp but no branch produces it
i-0b74e493efe59e1ec	b003/g5/20260812T050543-l3-000050	struggle_damage	1	0	1	1	p2	28	observed damage 22 on rabsca from ludicolo struggle (crit=False) not in the PS-exact roll set (nearest delta -6; max_roll 34)
i-0b74e493efe59e1ec	b003/g5/20260812T050543-l5-000061	bellydrum_sitrus	0	1	0	1	p1	13	observed item loss (Sitrus Berry) on opp but no branch removes it
i-0b74e493efe59e1ec	b003/g6/20260812T050543-l5-000018	struggle_damage	3	0	3	3	p1	153	observed damage 1 on drifblim from chansey struggle (crit=False) not in the PS-exact roll set (nearest delta -4; max_roll 6)
i-0b74e493efe59e1ec	b004/g12/20260812T052002-l3-000023	bellydrum_sitrus	0	1	0	1	p2	12	observed heal on opp but no branch heals it
i-0b74e493efe59e1ec	b004/g13/20260812T052002-l3-000054	ko_margin_soft	0	2	0	2	p1	21	observed - def on opp but no branch produces it [ko-margin]
i-0b74e493efe59e1ec	b004/g2/20260812T052002-l3-000037	struggle_damage	1	0	1	1	p2	13	observed damage 21 on gothitelle from typhlosion struggle (crit=False) not in the PS-exact roll set (nearest delta -5; max_roll 31)
i-0b74e493efe59e1ec	b004/g2/20260812T052002-l3-000084	revival_blessing	1	0	0	1	p1	16	observed par on opp but no branch applies it
i-0b74e493efe59e1ec	b004/g7/20260812T052002-l5-000066	struggle_damage	1	0	1	1	p2	51	observed damage 18 on gothitelle from cresselia struggle (crit=False) not in the PS-exact roll set (nearest delta -4; max_roll 26)
i-0b74e493efe59e1ec	b004/g8/20260812T052002-l2-000076	struggle_damage	4	0	4	4	p1+p2	138	observed damage 27 on uxie from vespiquen struggle (crit=False) not in the PS-exact roll set (nearest delta -2; max_roll 35)
i-0b74e493efe59e1ec	b005/g1/20260812T053650-l3-000003	revival_blessing	0	1	0	1	p1	24	observed heal on user but no branch heals it
i-0b74e493efe59e1ec	b005/g12/20260812T053650-l6-000074	other_categorical	1	0	0	1	p1	8	observed tox on user but no branch applies it
i-0b74e493efe59e1ec	b005/g4/20260812T053650-l4-000027	struggle_damage	1	0	1	1	p2	45	observed damage 17 on slowking from sunflora struggle (crit=False) not in the PS-exact roll set (nearest delta -2; max_roll 23)
i-0b74e493efe59e1ec	b005/g5/20260812T053650-l4-000053	struggle_damage	1	0	1	1	p1	61	observed damage 4 on registeel from rabsca struggle (crit=False) not in the PS-exact roll set (nearest delta -1; max_roll 6)
i-0b74e493efe59e1ec	b006/g0/20260812T055250-l1-000026	struggle_damage	4	0	4	4	p2	119	observed damage 8 on illumise from chimecho struggle (crit=False) not in the PS-exact roll set (nearest delta -3; max_roll 14)
i-0b74e493efe59e1ec	b006/g0/20260812T055250-l6-000007	struggle_damage	1	0	1	1	p2	22	observed damage 23 on froslass from gothitelle struggle (crit=False) not in the PS-exact roll set (nearest delta -6; max_roll 35)
i-0b74e493efe59e1ec	b006/g11/20260812T055250-l5-000029	struggle_damage	1	0	1	1	p1	74	observed damage 10 on spiritomb from arboliva struggle (crit=False) not in the PS-exact roll set (nearest delta -2; max_roll 14)
i-0b74e493efe59e1ec	b006/g14/20260812T055250-l3-000032	struggle_damage	1	0	1	1	p1	108	observed damage 38 on amoonguss from appletun struggle (crit=False) not in the PS-exact roll set (nearest delta -5; max_roll 51)
i-0b74e493efe59e1ec	b006/g15/20260812T055250-l1-000007	revival_blessing	1	0	0	1	p1	14	observed side-condition stickyweb change on opp but no branch produces it
i-0b74e493efe59e1ec	b006/g15/20260812T055250-l5-000063	struggle_damage	1	0	1	1	p1	30	observed damage 34 on mewtwo from delphox struggle (crit=True) not in the PS-exact roll set (nearest delta -10; max_roll 52)
i-0b74e493efe59e1ec	b006/g3/20260812T055250-l4-000065	struggle_damage	1	0	1	1	p2	76	observed damage 29 on chesnaught from tropius struggle (crit=True) not in the PS-exact roll set (nearest delta -6; max_roll 42)
i-0b74e493efe59e1ec	b006/g4/20260812T055250-l1-000092	bellydrum_sitrus	0	1	0	1	p1	5	observed item loss (Sitrus Berry) on opp but no branch removes it
i-0b74e493efe59e1ec	b006/g8/20260812T055250-l1-000057	struggle_damage	2	0	2	2	p1	102	observed damage 19 on bellossom from umbreon struggle (crit=False) not in the PS-exact roll set (nearest delta -4; max_roll 28)
i-0b74e493efe59e1ec	b006/g8/20260812T055250-l3-000059	revival_blessing	0	1	0	1	p1	8	observed volatile confusion end on user but no branch removes it
i-0b74e493efe59e1ec	b007/g1/20260812T061027-l1-000046	struggle_damage	2	0	2	2	p2	75	observed damage 26 on crawdaunt from arboliva struggle (crit=False) not in the PS-exact roll set (nearest delta -5; max_roll 37)
i-0b74e493efe59e1ec	b007/g10/20260812T061027-l3-000044	struggle_damage	1	0	1	1	p2	29	observed damage 19 on clefable from gholdengo struggle (crit=False) not in the PS-exact roll set (nearest delta -3; max_roll 27)
i-0b74e493efe59e1ec	b007/g11/20260812T061027-l3-000049	revival_blessing	0	1	0	1	p1	13	observed heal on user but no branch heals it
i-0b74e493efe59e1ec	b007/g12/20260812T061027-l5-000083	struggle_damage	1	0	1	1	p1	26	observed damage 24 on brutebonnet from hydrapple struggle (crit=False) not in the PS-exact roll set (nearest delta -3; max_roll 32)
i-0b74e493efe59e1ec	b007/g3/20260812T061027-l1-000010	struggle_damage	4	0	4	4	p2	112	observed damage 10 on gogoat from sceptile struggle (crit=False) not in the PS-exact roll set (nearest delta -1; max_roll 13)
i-0b74e493efe59e1ec	b007/g4/20260812T061027-l6-000090	struggle_damage	1	0	1	1	p1	86	observed damage 11 on landorustherian from vileplume struggle (crit=False) not in the PS-exact roll set (nearest delta -2; max_roll 16)
i-0b74e493efe59e1ec	b007/g5/20260812T061027-l1-000073	bellydrum_sitrus	0	1	0	1	p1	13	observed item loss (Sitrus Berry) on opp but no branch removes it
i-0b74e493efe59e1ec	b007/g6/20260812T061027-l2-000083	revival_blessing	1	2	0	3	p1	21	observed slp on user but no branch applies it
i-0b74e493efe59e1ec	b008/g0/20260812T062532-l5-000043	struggle_damage	2	0	2	2	p2	165	observed damage 36 on lanturn from appletun struggle (crit=False) not in the PS-exact roll set (nearest delta -9; max_roll 53)
i-0b74e493efe59e1ec	b008/g10/20260812T062532-l5-000090	ko_margin_soft	0	2	0	2	p2	31	observed + spe on opp but no branch produces it [ko-margin]
i-0b74e493efe59e1ec	b008/g12/20260812T062532-l1-000083	struggle_damage	2	0	2	2	p2	98	observed damage 19 on screamtail from pecharunt struggle (crit=False) not in the PS-exact roll set (nearest delta -4; max_roll 28)
i-0b74e493efe59e1ec	b008/g14/20260812T062532-l6-000043	ko_margin_soft	0	1	0	1	p1	14	observed + spe on opp but no branch produces it [ko-margin]
i-0b74e493efe59e1ec	b008/g15/20260812T062532-l1-000078	ko_margin_soft	0	1	0	1	p2	19	observed slp on opp but no branch applies it [ko-margin]
i-0b74e493efe59e1ec	b008/g5/20260812T062532-l6-000022	struggle_damage	5	0	5	5	p2	95	observed damage 32 on toedscruel from necrozmadawnwings struggle (crit=False) not in the PS-exact roll set (nearest delta -5; max_roll 44)
i-0b74e493efe59e1ec	b008/g6/20260812T062532-l2-000049	bellydrum_sitrus	0	1	0	1	p2	6	observed item loss (Sitrus Berry) on opp but no branch removes it
i-0b74e493efe59e1ec	b008/g7/20260812T062532-l5-000041	other_categorical	1	0	0	1	p2	19	observed item loss (Life Orb) on opp but no branch removes it
i-0b74e493efe59e1ec	b009/g0/20260812T064145-l1-000010	struggle_damage	1	0	1	1	p1	30	observed damage 11 on snorlax from mismagius struggle (crit=False) not in the PS-exact roll set (nearest delta -2; max_roll 16)
i-0b74e493efe59e1ec	b009/g10/20260812T064145-l4-000026	ko_margin_soft	0	2	0	2	p1	41	observed slp on opp but no branch applies it [ko-margin]
i-0b74e493efe59e1ec	b009/g12/20260812T064145-l1-000023	struggle_damage	1	0	1	1	p2	21	observed damage 20 on clawitzer from indeedee struggle (crit=False) not in the PS-exact roll set (nearest delta -4; max_roll 29)
i-0b74e493efe59e1ec	b009/g14/20260812T064145-l5-000041	struggle_damage	1	0	1	1	p2	133	observed damage 24 on sawsbuckautumn from latias struggle (crit=False) not in the PS-exact roll set (nearest delta -4; max_roll 34)
i-0b74e493efe59e1ec	b009/g2/20260812T064145-l2-000026	bellydrum_sitrus	0	1	0	1	p2	21	observed item loss (Sitrus Berry) on opp but no branch removes it
i-0b74e493efe59e1ec	b009/g6/20260812T064145-l2-000031	struggle_damage	1	0	1	1	p1	24	observed damage 12 on palossand from miraidon struggle (crit=False) not in the PS-exact roll set (nearest delta -3; max_roll 18)
i-0b74e493efe59e1ec	b009/g9/20260812T064145-l2-000067	struggle_damage	2	0	2	2	p2	141	observed damage 36 on drifblim from bellossom struggle (crit=False) not in the PS-exact roll set (nearest delta -9; max_roll 53)
i-0bd7329a3180ca64d	b000/g10/20260812T042526-l4-000068	struggle_damage	1	0	1	1	p2	115	observed damage 7 on mudsdale from screamtail struggle (crit=False) not in the PS-exact roll set (nearest delta -1; max_roll 10)
i-0bd7329a3180ca64d	b000/g11/20260812T042526-l2-000020	struggle_damage	1	0	1	1	p1	11	observed damage 23 on cresselia from typhlosion struggle (crit=False) not in the PS-exact roll set (nearest delta -3; max_roll 31)
i-0bd7329a3180ca64d	b000/g14/20260812T042526-l6-000073	struggle_damage	1	0	1	1	p1	26	observed damage 24 on gholdengo from kyogre struggle (crit=False) not in the PS-exact roll set (nearest delta -1; max_roll 30)
i-0bd7329a3180ca64d	b000/g15/20260812T042526-l1-000085	bellydrum_sitrus	0	1	0	1	p1	10	observed item loss (Sitrus Berry) on opp but no branch removes it
i-0bd7329a3180ca64d	b000/g2/20260812T042526-l5-000051	bellydrum_sitrus	0	1	0	1	p2	11	observed par on opp but no branch applies it [ko-margin]
i-0bd7329a3180ca64d	b001/g14/20260812T043807-l3-000038	struggle_damage	1	0	1	1	p1	12	observed damage 28 on arceuswater from palkia struggle (crit=False) not in the PS-exact roll set (nearest delta -1; max_roll 35)
i-0bd7329a3180ca64d	b001/g14/20260812T043807-l4-000084	struggle_damage	2	0	2	2	p2	11	observed damage 18 on porygonz from calyrexshadow struggle (crit=False) not in the PS-exact roll set (nearest delta -4; max_roll 26)
i-0bd7329a3180ca64d	b001/g14/20260812T043807-l5-000052	bellydrum_sitrus	0	1	0	1	p1	9	observed item loss (Sitrus Berry) on opp but no branch removes it
i-0bd7329a3180ca64d	b001/g3/20260812T043807-l1-000094	struggle_damage	1	0	1	1	p1	15	observed damage 22 on pelipper from politoed struggle (crit=False) not in the PS-exact roll set (nearest delta -5; max_roll 32)
i-0bd7329a3180ca64d	b001/g9/20260812T043807-l3-000044	struggle_damage	1	0	1	1	p1	20	observed damage 48 on quaquaval from volcanion struggle (crit=False) not in the PS-exact roll set (nearest delta -7; max_roll 65)
i-0bd7329a3180ca64d	b002/g10/20260812T045242-l3-000020	struggle_damage	4	0	4	4	p2	81	observed damage 16 on wochien from arboliva struggle (crit=False) not in the PS-exact roll set (nearest delta -5; max_roll 25)
i-0bd7329a3180ca64d	b002/g11/20260812T045242-l3-000083	struggle_damage	3	0	3	3	p2	59	observed damage 66 on blissey from typhlosionhisui struggle (crit=False) not in the PS-exact roll set (nearest delta -19; max_roll 101)
i-0bd7329a3180ca64d	b002/g13/20260812T045242-l1-000053	struggle_damage	2	0	2	2	p1	78	observed damage 18 on giratina from chimecho struggle (crit=False) not in the PS-exact roll set (nearest delta -4; max_roll 27)
i-0bd7329a3180ca64d	b002/g2/20260812T045242-l4-000074	ko_margin_soft	0	1	0	1	p2	18	observed weather SUN but no branch sets it [ko-margin]
i-0bd7329a3180ca64d	b002/g4/20260812T045242-l1-000027	ko_margin_soft	0	1	0	1	p2	18	observed slp on opp but no branch applies it [ko-margin]
i-0bd7329a3180ca64d	b002/g5/20260812T045242-l3-000065	revival_blessing	3	0	0	3	p2	14	observed + spe on user but no branch produces it
i-0bd7329a3180ca64d	b002/g6/20260812T045242-l1-000055	bellydrum_sitrus	0	1	0	1	p1	6	observed item loss (Sitrus Berry) on opp but no branch removes it
i-0bd7329a3180ca64d	b002/g6/20260812T045242-l5-000084	struggle_damage	1	0	1	1	p1	95	observed damage 21 on regice from tropius struggle (crit=False) not in the PS-exact roll set (nearest delta -5; max_roll 31)
i-0bd7329a3180ca64d	b002/g7/20260812T045242-l3-000033	struggle_damage	3	0	3	3	p2	95	observed damage 32 on abomasnow from wigglytuff struggle (crit=True) not in the PS-exact roll set (nearest delta -6; max_roll 45)
i-0bd7329a3180ca64d	b003/g10/20260812T050545-l4-000041	struggle_damage	1	0	1	1	p1	91	observed damage 22 on chansey from pecharunt struggle (crit=False) not in the PS-exact roll set (nearest delta -7; max_roll 34)
i-0bd7329a3180ca64d	b003/g10/20260812T050545-l5-000064	revival_blessing	1	0	0	1	p1	14	observed item loss (Heavy-Duty Boots) on opp but no branch removes it
i-0bd7329a3180ca64d	b003/g13/20260812T050545-l2-000040	other_categorical	1	0	0	1	p1	9	observed par on opp but no branch applies it
i-0bd7329a3180ca64d	b003/g14/20260812T050545-l2-000038	bellydrum_sitrus	0	1	0	1	p2	4	observed item loss (Sitrus Berry) on opp but no branch removes it
i-0bd7329a3180ca64d	b003/g3/20260812T050545-l1-000053	ko_margin_soft	0	2	0	2	p2	18	observed side-condition spikes change on user but no branch produces it [ko-margin]
i-0bd7329a3180ca64d	b003/g5/20260812T050545-l2-000071	revival_blessing	1	0	0	1	p1	18	observed tox on opp but no branch applies it
i-0bd7329a3180ca64d	b004/g1/20260812T051842-l5-000070	struggle_damage	1	0	1	1	p1	92	observed damage 6 on inteleon from blissey struggle (crit=False) not in the PS-exact roll set (nearest delta -8; max_roll 17)
i-0bd7329a3180ca64d	b004/g12/20260812T051842-l3-000041	struggle_damage	1	0	1	1	p2	52	observed damage 34 on vaporeon from lapras struggle (crit=False) not in the PS-exact roll set (nearest delta -6; max_roll 48)
i-0bd7329a3180ca64d	b004/g13/20260812T051842-l2-000077	ko_margin_soft	0	1	0	1	p2	23	observed slp on opp but no branch applies it [ko-margin]
i-0bd7329a3180ca64d	b004/g4/20260812T051842-l4-000086	struggle_damage	5	0	5	5	p2	109	observed damage 17 on magearnaoriginal from screamtail struggle (crit=False) not in the PS-exact roll set (nearest delta -5; max_roll 26)
i-0bd7329a3180ca64d	b004/g5/20260812T051842-l3-000014	ko_margin_soft	0	2	0	2	p2	7	observed + spe on opp but no branch produces it [ko-margin]
i-0bd7329a3180ca64d	b004/g5/20260812T051842-l6-000035	struggle_damage	1	0	1	1	p2	60	observed damage 28 on hitmonlee from chimecho struggle (crit=False) not in the PS-exact roll set (nearest delta -7; max_roll 42)
i-0bd7329a3180ca64d	b004/g6/20260812T051842-l6-000036	other_categorical	1	0	0	1	p1	63	observed par on opp but no branch applies it
i-0bd7329a3180ca64d	b005/g0/20260812T053530-l5-000012	ko_margin_soft	0	1	0	1	p1	12	observed slp on opp but no branch applies it [ko-margin]
i-0bd7329a3180ca64d	b005/g11/20260812T053530-l5-000085	struggle_damage	4	0	4	4	p2	87	observed damage 33 on regice from necrozmadawnwings struggle (crit=True) not in the PS-exact roll set (nearest delta -7; max_roll 48)
i-0bd7329a3180ca64d	b005/g2/20260812T053530-l6-000041	revival_blessing	1	0	0	1	p2	19	observed + spa on user but no branch produces it
i-0bd7329a3180ca64d	b005/g3/20260812T053530-l4-000056	struggle_damage	1	0	1	1	p1	49	observed damage 26 on appletun from cresselia struggle (crit=False) not in the PS-exact roll set (nearest delta -9; max_roll 42)
i-0bd7329a3180ca64d	b005/g7/20260812T053530-l1-000043	revival_blessing	2	0	0	2	p1	20	observed + spa on user but no branch produces it
i-0bd7329a3180ca64d	b005/g9/20260812T053530-l3-000043	ko_margin_soft	0	1	0	1	p2	51	observed par on user but no branch applies it [ko-margin]
i-0bd7329a3180ca64d	b006/g0/20260812T054841-l1-000054	struggle_damage	2	0	2	2	p1	131	observed damage 23 on clefable from umbreon struggle (crit=False) not in the PS-exact roll set (nearest delta -5; max_roll 34)
i-0bd7329a3180ca64d	b006/g12/20260812T054841-l6-000054	bellydrum_sitrus	0	2	0	2	p2	3	observed item loss (Sitrus Berry) on opp but no branch removes it
i-0bd7329a3180ca64d	b006/g15/20260812T054841-l6-000010	bellydrum_sitrus	0	1	0	1	p2	18	observed par on opp but no branch applies it [ko-margin]
i-0bd7329a3180ca64d	b006/g2/20260812T054841-l1-000053	struggle_damage	2	0	2	2	p2	125	observed damage 11 on regirock from chimecho struggle (crit=False) not in the PS-exact roll set (nearest delta -2; max_roll 16)
i-0bd7329a3180ca64d	b006/g4/20260812T054841-l3-000003	struggle_damage	2	0	2	2	p2	238	observed damage 30 on gastrodoneast from bellossom struggle (crit=False) not in the PS-exact roll set (nearest delta -4; max_roll 40)
i-0bd7329a3180ca64d	b006/g8/20260812T054841-l1-000015	bellydrum_sitrus	0	1	0	1	p1	18	observed item loss (Sitrus Berry) on opp but no branch removes it
i-0bd7329a3180ca64d	b007/g11/20260812T060143-l2-000062	other_categorical	3	0	0	3	p1	21	observed - spe on user but no branch produces it
i-0bd7329a3180ca64d	b007/g11/20260812T060143-l3-000052	ko_margin_soft	0	3	0	3	p1	15	observed - spd on opp but no branch produces it [ko-margin]
i-0bd7329a3180ca64d	b007/g12/20260812T060143-l5-000070	revival_blessing	1	0	0	1	p2	18	observed side-condition spikes change on opp but no branch produces it
i-0bd7329a3180ca64d	b007/g14/20260812T060143-l3-000012	struggle_damage	3	0	3	3	p2	127	observed damage 18 on magearnaoriginal from sylveon struggle (crit=False) not in the PS-exact roll set (nearest delta -4; max_roll 27)
i-0bd7329a3180ca64d	b007/g7/20260812T060143-l4-000064	ko_margin_soft	0	1	0	1	p1	38	observed + spe on opp but no branch produces it [ko-margin]
i-0bd7329a3180ca64d	b007/g9/20260812T060143-l6-000016	struggle_damage	1	0	1	1	p2	113	observed damage 6 on granbull from suicune struggle (crit=False) not in the PS-exact roll set (nearest delta -1; max_roll 9)
i-0bd7329a3180ca64d	b008/g4/20260812T061647-l3-000003	other_categorical	4	0	0	4	p1+p2	37	observed - def on user but no branch produces it
i-0bd7329a3180ca64d	b008/g5/20260812T061647-l3-000056	struggle_damage	2	0	2	2	p1	86	observed damage 35 on venusaur from exeggutor struggle (crit=False) not in the PS-exact roll set (nearest delta -3; max_roll 45)
i-0bd7329a3180ca64d	b008/g5/20260812T061647-l4-000072	struggle_damage	1	0	1	1	p2	86	observed damage 16 on lunala from dudunsparce struggle (crit=False) not in the PS-exact roll set (nearest delta -3; max_roll 23)
i-0bd7329a3180ca64d	b009/g12/20260812T063059-l5-000062	other_categorical	1	0	0	1	p2	43	observed volatile confusion start on opp but no branch applies it
i-0bd7329a3180ca64d	b009/g8/20260812T063059-l5-000005	revival_blessing	1	0	0	1	p1	35	observed + spe on user but no branch produces it
i-0bdb842a67aa2dab9	b000/g10/20260812T065006-l1-000029	ko_margin_soft	0	1	0	1	p1	23	observed slp on opp but no branch applies it [ko-margin]
i-0bdb842a67aa2dab9	b000/g14/20260812T065006-l1-000001	struggle_damage	1	0	1	1	p2	57	observed damage 34 on wigglytuff from raichualola struggle (crit=False) not in the PS-exact roll set (nearest delta -10; max_roll 52)
i-0bdb842a67aa2dab9	b000/g2/20260812T065006-l3-000040	struggle_damage	1	0	1	1	p2	23	observed damage 32 on zacian from delphox struggle (crit=True) not in the PS-exact roll set (nearest delta -6; max_roll 45)
i-0bdb842a67aa2dab9	b000/g9/20260812T065006-l6-000046	struggle_damage	3	0	3	3	p2	100	observed damage 22 on hydrapple from tropius struggle (crit=False) not in the PS-exact roll set (nearest delta -4; max_roll 31)
i-0c00196a63f050837	b000/g13/20260812T065024-l3-000003	struggle_damage	1	0	1	1	p2	23	observed damage 27 on articunogalar from typhlosion struggle (crit=False) not in the PS-exact roll set (nearest delta -3; max_roll 36)
i-0c00196a63f050837	b000/g2/20260812T065024-l4-000016	struggle_damage	4	0	4	4	p2	95	observed damage 40 on chansey from necrozmadawnwings struggle (crit=False) not in the PS-exact roll set (nearest delta -7; max_roll 56)
i-0c209f0abea89209e	b000/g0/20260812T065012-l5-000034	bellydrum_sitrus	0	1	0	1	p1	3	observed item loss (Sitrus Berry) on opp but no branch removes it
i-0c209f0abea89209e	b000/g2/20260812T065012-l6-000043	struggle_damage	4	0	4	4	p2	122	observed damage 4 on appletun from blissey struggle (crit=False) not in the PS-exact roll set (nearest delta -7; max_roll 13)
i-0c209f0abea89209e	b000/g6/20260812T065012-l6-000006	ko_margin_soft	0	1	0	1	p1	29	observed - atk on opp but no branch produces it [ko-margin]
i-0c209f0abea89209e	b000/g9/20260812T065012-l3-000046	struggle_damage	1	0	1	1	p1	124	observed damage 4 on clawitzer from blissey struggle (crit=False) not in the PS-exact roll set (nearest delta -7; max_roll 13)
i-0c4660c30a9917614	b000/g10/20260812T042529-l6-000091	bellydrum_sitrus	0	1	0	1	p2	7	observed item loss (Sitrus Berry) on opp but no branch removes it
i-0c4660c30a9917614	b000/g11/20260812T042529-l4-000026	bellydrum_sitrus	0	2	0	2	p1	17	observed item loss (Sitrus Berry) on opp but no branch removes it
i-0c4660c30a9917614	b000/g15/20260812T042529-l6-000062	struggle_damage	1	0	1	1	p2	32	observed damage 60 on blissey from ironjugulis struggle (crit=False) not in the PS-exact roll set (nearest delta -10; max_roll 83)
i-0c4660c30a9917614	b000/g2/20260812T042529-l4-000051	struggle_damage	8	0	8	8	p1+p2	126	observed damage 16 on lanturn from chimecho struggle (crit=False) not in the PS-exact roll set (nearest delta -6; max_roll 26)
i-0c4660c30a9917614	b001/g0/20260812T043838-l3-000051	bellydrum_sitrus	0	1	0	1	p1	1	observed item loss (Sitrus Berry) on opp but no branch removes it
i-0c4660c30a9917614	b001/g0/20260812T043838-l4-000027	bellydrum_sitrus	0	2	0	2	p1	1	observed item loss (Sitrus Berry) on opp but no branch removes it
i-0c4660c30a9917614	b001/g1/20260812T043838-l1-000047	struggle_damage	3	0	3	3	p2	69	observed damage 21 on hydrapple from arboliva struggle (crit=False) not in the PS-exact roll set (nearest delta -5; max_roll 31)
i-0c4660c30a9917614	b001/g11/20260812T043838-l1-000054	revival_blessing	2	0	0	2	p2	14	observed + spa on user but no branch produces it
i-0c4660c30a9917614	b001/g15/20260812T043838-l1-000039	bellydrum_sitrus	0	1	0	1	p1	27	observed item loss (Sitrus Berry) on opp but no branch removes it
i-0c4660c30a9917614	b001/g5/20260812T043838-l2-000057	bellydrum_sitrus	0	1	0	1	p1	13	observed item loss (Sitrus Berry) on opp but no branch removes it
i-0c4660c30a9917614	b001/g7/20260812T043838-l6-000084	ko_margin_soft	0	1	0	1	p1	24	observed slp on opp but no branch applies it [ko-margin]
i-0c4660c30a9917614	b001/g8/20260812T043838-l3-000046	struggle_damage	1	0	1	1	p2	20	observed damage 26 on hypno from oricoriopau struggle (crit=False) not in the PS-exact roll set (nearest delta -3; max_roll 35)
i-0c4660c30a9917614	b001/g9/20260812T043838-l3-000092	other_damage_rollset	1	0	1	1	p2	11	observed damage 64 on enamorustherian from necrozmadawnwings photongeyser (crit=False) not in the PS-exact roll set (nearest delta -14; max_roll 93)
i-0c4660c30a9917614	b002/g10/20260812T045154-l2-000067	bellydrum_sitrus	0	1	0	1	p1	16	observed item loss (Sitrus Berry) on opp but no branch removes it
i-0c4660c30a9917614	b002/g12/20260812T045154-l6-000057	struggle_damage	5	0	5	5	p2	78	observed damage 12 on bellossom from screamtail struggle (crit=False) not in the PS-exact roll set (nearest delta -4; max_roll 19)
i-0c4660c30a9917614	b002/g14/20260812T045154-l6-000022	revival_blessing	1	0	0	1	p1	14	observed volatile Leech Seed start on opp but no branch applies it
i-0c4660c30a9917614	b002/g4/20260812T045154-l1-000078	revival_blessing	1	0	0	1	p2	10	observed item loss (Heavy-Duty Boots) on opp but no branch removes it
i-0c4660c30a9917614	b002/g4/20260812T045154-l6-000081	bellydrum_sitrus	0	1	0	1	p2	1	observed item loss (Sitrus Berry) on opp but no branch removes it
i-0c4660c30a9917614	b002/g8/20260812T045154-l4-000041	struggle_damage	3	0	3	3	p2	92	observed damage 28 on fezandipiti from shaymin struggle (crit=False) not in the PS-exact roll set (nearest delta -6; max_roll 41)
i-0c4660c30a9917614	b002/g8/20260812T045154-l5-000085	struggle_damage	1	0	1	1	p2	18	observed damage 27 on slowking from ludicolo struggle (crit=False) not in the PS-exact roll set (nearest delta -4; max_roll 37)
i-0c4660c30a9917614	b003/g10/20260812T050434-l5-000053	struggle_damage	1	0	1	1	p1	29	observed damage 23 on sawsbucksummer from cresselia struggle (crit=False) not in the PS-exact roll set (nearest delta -5; max_roll 33)
i-0c4660c30a9917614	b003/g14/20260812T050434-l6-000090	struggle_damage	1	0	1	1	p2	28	observed damage 10 on chandelure from florgeswhite struggle (crit=False) not in the PS-exact roll set (nearest delta -3; max_roll 15)
i-0c4660c30a9917614	b003/g6/20260812T050434-l1-000012	bellydrum_sitrus	0	1	0	1	p2	19	observed item loss (Sitrus Berry) on opp but no branch removes it
i-0c4660c30a9917614	b003/g6/20260812T050434-l3-000066	ko_margin_soft	0	1	0	1	p2	15	observed + spe on opp but no branch produces it [ko-margin]
i-0c4660c30a9917614	b003/g8/20260812T050434-l4-000072	struggle_damage	1	0	1	1	p1	102	observed damage 27 on toxtricity from venusaur struggle (crit=False) not in the PS-exact roll set (nearest delta -8; max_roll 42)
i-0c4660c30a9917614	b004/g0/20260812T051739-l5-000094	struggle_damage	2	0	2	2	p1	117	observed damage 19 on dragonite from carbink struggle (crit=False) not in the PS-exact roll set (nearest delta -7; max_roll 31)
i-0c4660c30a9917614	b004/g1/20260812T051739-l2-000090	struggle_damage	1	0	1	1	p2	35	observed damage 27 on wigglytuff from ironjugulis struggle (crit=False) not in the PS-exact roll set (nearest delta -7; max_roll 40)
i-0c4660c30a9917614	b004/g1/20260812T051739-l5-000048	revival_blessing	1	0	0	1	p2	13	observed side-condition spikes change on opp but no branch produces it
i-0c4660c30a9917614	b004/g11/20260812T051739-l1-000018	struggle_damage	1	0	1	1	p2	35	observed damage 29 on clefable from typhlosionhisui struggle (crit=False) not in the PS-exact roll set (nearest delta -5; max_roll 40)
i-0c4660c30a9917614	b004/g14/20260812T051739-l1-000036	other_categorical	0	1	0	1	p1	80	observed heal on user but no branch heals it
i-0c4660c30a9917614	b004/g2/20260812T051739-l5-000056	struggle_damage	2	0	2	2	p2	87	observed damage 21 on solgaleo from screamtail struggle (crit=False) not in the PS-exact roll set (nearest delta -3; max_roll 29)
i-0c4660c30a9917614	b004/g4/20260812T051739-l2-000016	bellydrum_sitrus	0	1	0	1	p2	13	observed item loss (Sitrus Berry) on opp but no branch removes it
i-0c4660c30a9917614	b004/g6/20260812T051739-l5-000083	other_categorical	1	0	0	1	p1	9	observed brn on user but no branch applies it
i-0c4660c30a9917614	b004/g8/20260812T051739-l2-000090	struggle_damage	2	0	2	2	p2	24	observed damage 4 on chesnaught from gholdengo struggle (crit=False) not in the PS-exact roll set (nearest delta -1; max_roll 6)
i-0c4660c30a9917614	b005/g10/20260812T053045-l2-000039	struggle_damage	1	0	1	1	p2	98	observed damage 5 on chimecho from cresselia struggle (crit=False) not in the PS-exact roll set (nearest delta -1; max_roll 8)
i-0c4660c30a9917614	b005/g10/20260812T053045-l5-000038	struggle_damage	1	0	1	1	p2	2	observed damage 32 on banette from thundurustherian struggle (crit=False) not in the PS-exact roll set (nearest delta -4; max_roll 43)
i-0c4660c30a9917614	b005/g12/20260812T053045-l3-000027	struggle_damage	1	0	1	1	p2	25	observed damage 16 on articunogalar from calyrexshadow struggle (crit=False) not in the PS-exact roll set (nearest delta -2; max_roll 22)
i-0c4660c30a9917614	b005/g12/20260812T053045-l6-000067	struggle_damage	2	0	2	2	p1	118	observed damage 4 on gholdengo from chansey struggle (crit=False) not in the PS-exact roll set (nearest delta -6; max_roll 12)
i-0c4660c30a9917614	b005/g13/20260812T053045-l3-000052	struggle_damage	2	0	2	2	p1	57	observed damage 20 on vespiquen from sceptile struggle (crit=False) not in the PS-exact roll set (nearest delta -4; max_roll 29)
i-0c4660c30a9917614	b006/g1/20260812T054508-l6-000090	revival_blessing	1	0	0	1	p2	12	observed side-condition spikes change on opp but no branch produces it
i-0c4660c30a9917614	b006/g15/20260812T054508-l4-000074	struggle_damage	3	0	3	3	p1	65	observed damage 25 on groudon from exeggutor struggle (crit=False) not in the PS-exact roll set (nearest delta -4; max_roll 35)
i-0c4660c30a9917614	b006/g3/20260812T054508-l5-000076	struggle_damage	2	0	2	2	p2	60	observed damage 31 on pyroar from phione struggle (crit=False) not in the PS-exact roll set (nearest delta -6; max_roll 44)
i-0c4660c30a9917614	b006/g7/20260812T054508-l1-000090	struggle_damage	1	0	1	1	p1	105	observed damage 21 on lapras from vaporeon struggle (crit=False) not in the PS-exact roll set (nearest delta -6; max_roll 32)
i-0c4660c30a9917614	b006/g9/20260812T054508-l1-000034	struggle_damage	2	0	2	2	p1	88	observed damage 4 on misdreavus from blissey struggle (crit=False) not in the PS-exact roll set (nearest delta -5; max_roll 11)
i-0c4660c30a9917614	b007/g11/20260812T060306-l3-000039	revival_blessing	1	0	0	1	p2	13	observed side-condition stealthrock change on opp but no branch produces it
i-0c4660c30a9917614	b007/g4/20260812T060306-l5-000072	struggle_damage	2	0	2	2	p1	98	observed damage 30 on amoonguss from tropius struggle (crit=False) not in the PS-exact roll set (nearest delta -6; max_roll 43)
i-0c4660c30a9917614	b007/g9/20260812T060306-l4-000023	bellydrum_sitrus	0	1	0	1	p2	19	observed item loss (Sitrus Berry) on opp but no branch removes it
i-0c4660c30a9917614	b008/g0/20260812T061641-l5-000039	struggle_damage	2	0	2	2	p2	73	observed damage 20 on toucannon from chimecho struggle (crit=False) not in the PS-exact roll set (nearest delta -8; max_roll 33)
i-0c4660c30a9917614	b008/g10/20260812T061641-l1-000030	bellydrum_sitrus	0	1	0	1	p2	34	observed item loss (Sitrus Berry) on opp but no branch removes it
i-0c4660c30a9917614	b008/g14/20260812T061641-l4-000056	ko_margin_soft	0	2	0	2	p2	32	observed brn on opp but no branch applies it [ko-margin]
i-0c4660c30a9917614	b008/g5/20260812T061641-l1-000020	struggle_damage	1	0	1	1	p1	18	observed damage 13 on suicune from miraidon struggle (crit=False) not in the PS-exact roll set (nearest delta -3; max_roll 19)
i-0c4660c30a9917614	b009/g11/20260812T062959-l5-000049	revival_blessing	1	0	0	1	p1	27	observed side-condition toxicspikes change on opp but no branch produces it
i-0c795a07ea08ec930	b000/g1/20260812T042526-l2-000020	struggle_damage	1	0	1	1	p2	12	observed damage 25 on dondozo from lapras struggle (crit=False) not in the PS-exact roll set (nearest delta -3; max_roll 33)
i-0c795a07ea08ec930	b000/g3/20260812T042526-l2-000043	struggle_damage	2	0	2	2	p1	81	observed damage 26 on azumarill from tropius struggle (crit=False) not in the PS-exact roll set (nearest delta -7; max_roll 39)
i-0c795a07ea08ec930	b000/g7/20260812T042526-l4-000019	struggle_damage	1	0	1	1	p1	103	observed damage 26 on ribombee from suicune struggle (crit=False) not in the PS-exact roll set (nearest delta -8; max_roll 41)
i-0c795a07ea08ec930	b000/g8/20260812T042526-l5-000032	struggle_damage	2	0	2	2	p1	108	observed damage 15 on vaporeon from vileplume struggle (crit=False) not in the PS-exact roll set (nearest delta -4; max_roll 22)
i-0c795a07ea08ec930	b000/g8/20260812T042526-l6-000086	bellydrum_sitrus	0	1	0	1	p1	2	observed item loss (Sitrus Berry) on opp but no branch removes it
i-0c795a07ea08ec930	b000/g9/20260812T042526-l4-000051	struggle_damage	2	0	2	2	p2	82	observed damage 17 on indeedee from tropius struggle (crit=False) not in the PS-exact roll set (nearest delta -3; max_roll 24)
i-0c795a07ea08ec930	b000/g9/20260812T042526-l6-000030	struggle_damage	3	0	3	3	p1	90	observed damage 4 on chesnaught from gholdengo struggle (crit=False) not in the PS-exact roll set (nearest delta -1; max_roll 6)
i-0c795a07ea08ec930	b001/g13/20260812T043856-l6-000091	bellydrum_sitrus	1	1	0	2	p1	10	observed item loss (Sitrus Berry) on opp but no branch removes it
i-0c795a07ea08ec930	b001/g4/20260812T043856-l2-000092	struggle_damage	2	0	2	2	p1	12	observed damage 17 on pecharunt from magearnaoriginal struggle (crit=False) not in the PS-exact roll set (nearest delta -2; max_roll 23)
i-0c795a07ea08ec930	b001/g5/20260812T043856-l4-000089	struggle_damage	2	0	2	2	p1	32	observed damage 47 on grumpig from blastoise struggle (crit=False) not in the PS-exact roll set (nearest delta -14; max_roll 72)
i-0c795a07ea08ec930	b002/g12/20260812T045249-l3-000003	ko_margin_soft	0	1	0	1	p1	3	observed slp on opp but no branch applies it [ko-margin]
i-0c795a07ea08ec930	b002/g12/20260812T045249-l3-000034	other_categorical	2	0	0	2	p1+p2	31	observed par on opp but no branch applies it
i-0c795a07ea08ec930	b002/g5/20260812T045249-l4-000093	other_categorical	0	1	0	1	p2	28	observed heal on user but no branch heals it
i-0c795a07ea08ec930	b002/g8/20260812T045249-l1-000058	bellydrum_sitrus	0	1	0	1	p1	9	observed item loss (Sitrus Berry) on opp but no branch removes it
i-0c795a07ea08ec930	b002/g9/20260812T045249-l4-000035	struggle_damage	1	0	1	1	p2	22	observed damage 19 on meloetta from chandelure struggle (crit=False) not in the PS-exact roll set (nearest delta -6; max_roll 30)
i-0c795a07ea08ec930	b003/g12/20260812T050608-l5-000055	struggle_damage	3	0	3	3	p2	27	observed damage 29 on gothitelle from magmortar struggle (crit=False) not in the PS-exact roll set (nearest delta -3; max_roll 38)
i-0c795a07ea08ec930	b003/g4/20260812T050608-l4-000092	revival_blessing	1	0	0	1	p1	23	observed item loss (Heavy-Duty Boots) on opp but no branch removes it
i-0c795a07ea08ec930	b003/g8/20260812T050608-l6-000012	revival_blessing	2	0	0	2	p2	10	observed + spa on user but no branch produces it
i-0c795a07ea08ec930	b004/g10/20260812T051910-l2-000007	ko_margin_soft	0	1	0	1	p1	18	observed par on opp but no branch applies it [ko-margin]
i-0c795a07ea08ec930	b004/g13/20260812T051910-l4-000071	other_categorical	1	1	0	2	p2	77	observed + spe on opp but no branch produces it
i-0c795a07ea08ec930	b004/g15/20260812T051910-l3-000040	revival_blessing	2	0	0	2	p2	18	observed tox on opp but no branch applies it
i-0c795a07ea08ec930	b004/g15/20260812T051910-l6-000055	struggle_damage	1	0	1	1	p1	66	observed damage 6 on chimecho from hydrapple struggle (crit=False) not in the PS-exact roll set (nearest delta -1; max_roll 9)
i-0c795a07ea08ec930	b004/g2/20260812T051910-l2-000016	revival_blessing	1	0	0	1	p1	17	observed volatile Salt Cure start on opp but no branch applies it
i-0c795a07ea08ec930	b004/g3/20260812T051910-l2-000066	ko_margin_soft	0	1	0	1	p1	21	observed psn on user but no branch applies it [ko-margin]
i-0c795a07ea08ec930	b004/g7/20260812T051910-l3-000020	revival_blessing	1	0	0	1	p2	16	observed par on opp but no branch applies it
i-0c795a07ea08ec930	b005/g0/20260812T053201-l6-000054	revival_blessing	2	0	0	2	p2	51	observed + spa on user but no branch produces it
i-0c795a07ea08ec930	b005/g11/20260812T053201-l2-000057	struggle_damage	2	0	2	2	p2	80	observed damage 24 on medicham from lunala struggle (crit=False) not in the PS-exact roll set (nearest delta -5; max_roll 35)
i-0c795a07ea08ec930	b005/g2/20260812T053201-l5-000040	struggle_damage	1	0	1	1	p2	18	observed damage 19 on glaceon from typhlosionhisui struggle (crit=False) not in the PS-exact roll set (nearest delta -3; max_roll 27)
i-0c795a07ea08ec930	b005/g2/20260812T053201-l5-000078	bellydrum_sitrus	0	1	0	1	p2	16	observed item loss (Sitrus Berry) on opp but no branch removes it
i-0c795a07ea08ec930	b005/g3/20260812T053201-l3-000090	struggle_damage	1	0	1	1	p1	21	observed damage 42 on screamtail from toxtricity struggle (crit=True) not in the PS-exact roll set (nearest delta -1; max_roll 51)
i-0c795a07ea08ec930	b005/g4/20260812T053201-l3-000036	struggle_damage	1	0	1	1	p2	148	observed damage 32 on kyuremblack from deoxysdefense struggle (crit=False) not in the PS-exact roll set (nearest delta -9; max_roll 49)
i-0c795a07ea08ec930	b005/g7/20260812T053201-l3-000003	struggle_damage	2	0	2	2	p2	112	observed damage 17 on umbreon from lugia struggle (crit=False) not in the PS-exact roll set (nearest delta -4; max_roll 25)
i-0c795a07ea08ec930	b005/g7/20260812T053201-l4-000060	bellydrum_sitrus	0	1	0	1	p2	3	observed item loss (Sitrus Berry) on opp but no branch removes it
i-0c795a07ea08ec930	b005/g9/20260812T053201-l3-000044	struggle_damage	3	0	3	3	p1	159	observed damage 13 on vaporeon from vaporeon struggle (crit=False) not in the PS-exact roll set (nearest delta -4; max_roll 20)
i-0c795a07ea08ec930	b005/g9/20260812T053201-l3-000083	ko_margin_soft	0	2	0	2	p2	35	observed + spa on opp but no branch produces it [ko-margin]
i-0c795a07ea08ec930	b005/g9/20260812T053201-l5-000091	struggle_damage	2	0	2	2	p2	106	observed damage 5 on zamazenta from pecharunt struggle (crit=False) not in the PS-exact roll set (nearest delta -2; max_roll 9)
i-0c795a07ea08ec930	b006/g2/20260812T054529-l3-000030	ko_margin_soft	0	1	0	1	p2	23	observed volatile Leech Seed start on user but no branch applies it [ko-margin]
i-0c795a07ea08ec930	b006/g6/20260812T054529-l3-000056	struggle_damage	1	0	1	1	p2	16	observed damage 18 on screamtail from probopass struggle (crit=False) not in the PS-exact roll set (nearest delta -5; max_roll 28)
i-0c795a07ea08ec930	b007/g0/20260812T055846-l5-000036	struggle_damage	3	0	3	3	p1	14	observed damage 9 on gothitelle from miraidon struggle (crit=False) not in the PS-exact roll set (nearest delta -2; max_roll 14)
i-0c795a07ea08ec930	b007/g0/20260812T055846-l5-000052	struggle_damage	1	0	1	1	p2	103	observed damage 15 on tinglu from bastiodon struggle (crit=False) not in the PS-exact roll set (nearest delta -5; max_roll 24)
i-0c795a07ea08ec930	b007/g11/20260812T055846-l3-000029	ko_margin_soft	0	1	0	1	p1	12	observed + spe on opp but no branch produces it [ko-margin]
i-0c795a07ea08ec930	b007/g14/20260812T055846-l2-000087	struggle_damage	2	0	2	2	p2	98	observed damage 68 on blissey from spectrier struggle (crit=True) not in the PS-exact roll set (nearest delta -21; max_roll 105)
i-0c795a07ea08ec930	b007/g15/20260812T055846-l2-000094	bellydrum_sitrus	0	1	0	1	p1	27	observed item loss (Sitrus Berry) on opp but no branch removes it
i-0c795a07ea08ec930	b008/g0/20260812T061209-l4-000028	struggle_damage	5	0	5	5	p1+p2	123	observed damage 11 on dipplin from sylveon struggle (crit=False) not in the PS-exact roll set (nearest delta -3; max_roll 17)
i-0c795a07ea08ec930	b008/g13/20260812T061209-l2-000076	struggle_damage	1	0	1	1	p1	31	observed damage 100 on blissey from politoed struggle (crit=True) not in the PS-exact roll set (nearest delta -32; max_roll 156)
i-0c795a07ea08ec930	b008/g2/20260812T061209-l4-000034	ko_margin_soft	0	5	0	5	p1	5	observed - def on opp but no branch produces it [ko-margin]
i-0c795a07ea08ec930	b008/g4/20260812T061209-l5-000005	struggle_damage	2	0	2	2	p1	98	observed damage 20 on screamtail from arboliva struggle (crit=False) not in the PS-exact roll set (nearest delta -8; max_roll 33)
i-0c795a07ea08ec930	b008/g5/20260812T061209-l3-000030	struggle_damage	1	0	1	1	p1	20	observed damage 23 on uxie from exeggutor struggle (crit=False) not in the PS-exact roll set (nearest delta -4; max_roll 32)
i-0c795a07ea08ec930	b008/g8/20260812T061209-l5-000066	struggle_damage	14	0	14	14	p2	18	observed damage 22 on phione from vaporeon struggle (crit=False) not in the PS-exact roll set (nearest delta -4; max_roll 31)
i-0c795a07ea08ec930	b008/g9/20260812T061209-l6-000070	struggle_damage	1	0	1	1	p2	30	observed damage 10 on suicune from ludicolo struggle (crit=False) not in the PS-exact roll set (nearest delta -2; max_roll 15)
i-0c795a07ea08ec930	b009/g10/20260812T062938-l5-000026	ko_margin_soft	0	1	0	1	p2	13	observed slp on opp but no branch applies it [ko-margin]
i-0c795a07ea08ec930	b009/g15/20260812T062938-l1-000045	other_categorical	1	0	0	1	p1	17	observed side-condition spikes change on opp but no branch produces it
i-0c795a07ea08ec930	b009/g6/20260812T062938-l4-000004	bellydrum_sitrus	0	1	0	1	p2	12	observed item loss (Sitrus Berry) on opp but no branch removes it
i-0c795a07ea08ec930	b009/g8/20260812T062938-l4-000035	revival_blessing	1	1	0	2	p1	22	observed slp on user but no branch applies it
i-0c8bed7a9591287bf	b000/g0/20260812T065018-l2-000034	bellydrum_sitrus	0	1	0	1	p2	12	observed heal on opp but no branch heals it
i-0c8bed7a9591287bf	b000/g10/20260812T065018-l3-000047	ko_margin_soft	0	3	0	3	p2	39	observed - spa on opp but no branch produces it [ko-margin]
i-0c8bed7a9591287bf	b000/g12/20260812T065018-l5-000005	struggle_damage	1	0	1	1	p1	14	observed damage 7 on arceuspsychic from delphox struggle (crit=False) not in the PS-exact roll set (nearest delta -2; max_roll 11)
i-0c8bed7a9591287bf	b000/g14/20260812T065018-l2-000042	other_categorical,ko_margin_soft	0	2	0	2	p2	36	observed heal on user but no branch heals it
i-0cac20414424c69d6	b000/g14/20260812T065003-l6-000046	revival_blessing	1	0	0	1	p2	7	observed side-condition stealthrock change on opp but no branch produces it
i-0cac20414424c69d6	b000/g2/20260812T065003-l6-000006	bellydrum_sitrus	0	1	0	1	p1	5	observed item loss (Sitrus Berry) on opp but no branch removes it
i-0cc7d43b357302299	b000/g1/20260812T042527-l5-000032	struggle_damage	1	0	1	1	p1	50	observed damage 20 on wochien from kyuremwhite struggle (crit=False) not in the PS-exact roll set (nearest delta -1; max_roll 25)
i-0cc7d43b357302299	b000/g10/20260812T042527-l3-000007	struggle_damage	2	0	2	2	p1	88	observed damage 23 on ironleaves from umbreon struggle (crit=False) not in the PS-exact roll set (nearest delta -3; max_roll 31)
i-0cc7d43b357302299	b000/g12/20260812T042527-l4-000060	revival_blessing	2	0	0	2	p2	6	observed par on opp but no branch applies it
i-0cc7d43b357302299	b000/g15/20260812T042527-l4-000046	struggle_damage	1	0	1	1	p1	28	observed damage 9 on lunala from miraidon struggle (crit=False) not in the PS-exact roll set (nearest delta -2; max_roll 13)
i-0cc7d43b357302299	b000/g2/20260812T042527-l2-000070	struggle_damage	1	0	1	1	p1	2	observed damage 34 on gengar from lapras struggle (crit=False) not in the PS-exact roll set (nearest delta -9; max_roll 51)
i-0cc7d43b357302299	b001/g10/20260812T043837-l2-000002	struggle_damage	6	0	6	6	p2	124	observed damage 26 on sylveon from sylveon struggle (crit=False) not in the PS-exact roll set (nearest delta -6; max_roll 38)
i-0cc7d43b357302299	b001/g10/20260812T043837-l6-000068	other_categorical	1	0	0	1	p2	64	observed volatile Disable start on user but no branch applies it
i-0cc7d43b357302299	b001/g11/20260812T043837-l3-000069	ko_margin_soft	0	1	0	1	p1	18	observed brn on user but no branch applies it [ko-margin]
i-0cc7d43b357302299	b001/g13/20260812T043837-l3-000077	bellydrum_sitrus	0	1	0	1	p2	27	observed item loss (Sitrus Berry) on opp but no branch removes it
i-0cc7d43b357302299	b001/g3/20260812T043837-l2-000002	struggle_damage	2	0	2	2	p1	132	observed damage 17 on screamtail from vileplume struggle (crit=False) not in the PS-exact roll set (nearest delta -1; max_roll 22)
i-0cc7d43b357302299	b001/g5/20260812T043837-l4-000087	other_categorical	1	0	0	1	p2	45	observed brn on user but no branch applies it
i-0cc7d43b357302299	b001/g6/20260812T043837-l4-000080	struggle_damage	1	0	1	1	p1	106	observed damage 27 on slowbrogalar from exeggutor struggle (crit=False) not in the PS-exact roll set (nearest delta -6; max_roll 39)
i-0cc7d43b357302299	b001/g8/20260812T043837-l6-000079	bellydrum_sitrus	0	1	0	1	p2	14	observed item loss (Sitrus Berry) on opp but no branch removes it
i-0cc7d43b357302299	b002/g0/20260812T045145-l1-000008	struggle_damage	1	0	1	1	p2	82	observed damage 19 on alcremierainbowswirl from chimecho struggle (crit=False) not in the PS-exact roll set (nearest delta -8; max_roll 32)
i-0cc7d43b357302299	b002/g11/20260812T045146-l4-000058	bellydrum_sitrus	0	2	0	2	p2	1	observed item loss (Sitrus Berry) on opp but no branch removes it
i-0cc7d43b357302299	b002/g12/20260812T045146-l3-000031	struggle_damage	1	0	1	1	p1	85	observed damage 11 on screamtail from rabsca struggle (crit=False) not in the PS-exact roll set (nearest delta -4; max_roll 18)
i-0cc7d43b357302299	b002/g14/20260812T045146-l6-000009	struggle_damage	3	0	3	3	p1	101	observed damage 24 on lunala from deoxysdefense struggle (crit=False) not in the PS-exact roll set (nearest delta -7; max_roll 37)
i-0cc7d43b357302299	b002/g15/20260812T045146-l2-000037	struggle_damage	1	0	1	1	p1	113	observed damage 20 on suicune from arboliva struggle (crit=False) not in the PS-exact roll set (nearest delta -5; max_roll 30)
i-0cc7d43b357302299	b002/g15/20260812T045146-l6-000033	bellydrum_sitrus	0	1	0	1	p2	17	observed item loss (Sitrus Berry) on opp but no branch removes it
i-0cc7d43b357302299	b002/g2/20260812T045145-l4-000092	struggle_damage	3	0	3	3	p1	14	observed damage 9 on snorlax from chandelure struggle (crit=False) not in the PS-exact roll set (nearest delta -2; max_roll 14)
i-0cc7d43b357302299	b002/g3/20260812T045145-l2-000002	revival_blessing	2	0	0	2	p2	7	observed + spe on user but no branch produces it
i-0cc7d43b357302299	b002/g4/20260812T045145-l5-000050	struggle_damage	1	0	1	1	p2	126	observed damage 28 on ironcrown from volcanion struggle (crit=False) not in the PS-exact roll set (nearest delta -3; max_roll 37)
i-0cc7d43b357302299	b002/g5/20260812T045145-l4-000019	struggle_damage	1	0	1	1	p1	42	observed damage 27 on gengar from suicune struggle (crit=False) not in the PS-exact roll set (nearest delta -8; max_roll 42)
i-0cc7d43b357302299	b002/g8/20260812T045145-l2-000033	bellydrum_sitrus	0	1	0	1	p1	19	observed item loss (Sitrus Berry) on opp but no branch removes it
i-0cc7d43b357302299	b003/g12/20260812T050519-l5-000038	bellydrum_sitrus	0	2	0	2	p2	7	observed item loss (Sitrus Berry) on opp but no branch removes it
i-0cc7d43b357302299	b003/g13/20260812T050520-l4-000060	bellydrum_sitrus,struggle_damage	1	1	1	2	p2	5	observed item loss (Sitrus Berry) on opp but no branch removes it
i-0cc7d43b357302299	b003/g15/20260812T050520-l6-000006	bellydrum_sitrus	0	2	0	2	p1	9	observed item loss (Sitrus Berry) on opp but no branch removes it
i-0cc7d43b357302299	b003/g5/20260812T050519-l1-000035	bellydrum_sitrus	0	1	0	1	p1	3	observed item loss (Sitrus Berry) on opp but no branch removes it
i-0cc7d43b357302299	b003/g7/20260812T050519-l1-000021	struggle_damage	1	0	1	1	p1	31	observed damage 32 on latios from typhlosion struggle (crit=False) not in the PS-exact roll set (nearest delta -2; max_roll 40)
i-0cc7d43b357302299	b003/g8/20260812T050519-l6-000023	struggle_damage	4	0	4	4	p1	101	observed damage 12 on vaporeon from cresselia struggle (crit=False) not in the PS-exact roll set (nearest delta -3; max_roll 18)
i-0cc7d43b357302299	b003/g9/20260812T050519-l1-000037	struggle_damage	1	0	1	1	p2	29	observed damage 21 on toedscruel from typhlosion struggle (crit=False) not in the PS-exact roll set (nearest delta -3; max_roll 29)
i-0cc7d43b357302299	b004/g11/20260812T051859-l5-000086	struggle_damage	1	0	1	1	p1	111	observed damage 16 on greedent from chimecho struggle (crit=False) not in the PS-exact roll set (nearest delta -7; max_roll 28)
i-0cc7d43b357302299	b004/g6/20260812T051859-l2-000090	struggle_damage	1	0	1	1	p1	110	observed damage 12 on cinderace from chimecho struggle (crit=False) not in the PS-exact roll set (nearest delta -3; max_roll 18)
i-0cc7d43b357302299	b004/g6/20260812T051859-l6-000006	other_categorical	0	4	0	4	p1+p2	42	observed heal on opp but no branch heals it
i-0cc7d43b357302299	b004/g9/20260812T051859-l2-000048	revival_blessing	1	2	0	3	p2	13	observed slp on user but no branch applies it
i-0cc7d43b357302299	b005/g10/20260812T053229-l6-000046	struggle_damage	3	0	3	3	p1	157	observed damage 18 on umbreon from umbreon struggle (crit=False) not in the PS-exact roll set (nearest delta -3; max_roll 25)
i-0cc7d43b357302299	b005/g15/20260812T053229-l6-000006	bellydrum_sitrus	0	1	0	1	p2	41	observed item loss (Sitrus Berry) on opp but no branch removes it
i-0cc7d43b357302299	b005/g2/20260812T053229-l3-000060	struggle_damage	6	0	6	6	p1+p2	96	observed damage 4 on deoxysdefense from amoonguss struggle (crit=False) not in the PS-exact roll set (nearest delta -1; max_roll 7)
i-0cc7d43b357302299	b005/g5/20260812T053229-l6-000062	ko_margin_soft	0	1	0	1	p1	31	observed slp on opp but no branch applies it [ko-margin]
i-0cc7d43b357302299	b005/g7/20260812T053229-l3-000047	ko_margin_soft	0	1	0	1	p1	12	observed - spa on opp but no branch produces it [ko-margin]
i-0cc7d43b357302299	b005/g9/20260812T053229-l1-000039	ko_margin_soft	0	1	0	1	p1	20	observed + spe on opp but no branch produces it [ko-margin]
i-0cc7d43b357302299	b005/g9/20260812T053229-l4-000022	struggle_damage	4	0	4	4	p2	139	observed damage 4 on umbreon from carbink struggle (crit=False) not in the PS-exact roll set (nearest delta -1; max_roll 7)
i-0cc7d43b357302299	b006/g0/20260812T054950-l1-000085	ko_margin_soft	0	1	0	1	p1	9	observed slp on opp but no branch applies it [ko-margin]
i-0cc7d43b357302299	b006/g1/20260812T054950-l5-000078	ko_margin_soft	0	2	0	2	p1	11	observed + spe on opp but no branch produces it [ko-margin]
i-0cc7d43b357302299	b006/g13/20260812T054950-l3-000015	revival_blessing	1	0	0	1	p1	11	observed - def on opp but no branch produces it
i-0cc7d43b357302299	b006/g13/20260812T054950-l3-000084	ko_margin_soft	0	2	0	2	p2	31	observed - atk on user but no branch produces it [ko-margin]
i-0cc7d43b357302299	b006/g2/20260812T054950-l6-000020	bellydrum_sitrus	0	1	0	1	p1	16	observed psn on opp but no branch applies it [ko-margin]
i-0cc7d43b357302299	b006/g3/20260812T054950-l1-000092	struggle_damage	3	0	3	3	p2	77	observed damage 74 on blissey from palossand struggle (crit=False) not in the PS-exact roll set (nearest delta -15; max_roll 105)
i-0cc7d43b357302299	b006/g4/20260812T054950-l1-000086	bellydrum_sitrus	0	1	0	1	p2	1	observed item loss (Sitrus Berry) on opp but no branch removes it
i-0cc7d43b357302299	b006/g5/20260812T054950-l3-000012	bellydrum_sitrus	0	2	0	2	p1	1	observed item loss (Sitrus Berry) on opp but no branch removes it
i-0cc7d43b357302299	b006/g6/20260812T054950-l4-000069	struggle_damage	1	0	1	1	p1	20	observed damage 23 on sylveon from ironcrown struggle (crit=False) not in the PS-exact roll set (nearest delta -5; max_roll 34)
i-0cc7d43b357302299	b006/g9/20260812T054950-l1-000043	bellydrum_sitrus	0	1	0	1	p2	6	observed item loss (Sitrus Berry) on opp but no branch removes it
i-0cc7d43b357302299	b007/g1/20260812T060531-l4-000010	other_categorical	1	0	0	1	p2	29	observed volatile Yawn start on opp but no branch applies it
i-0cc7d43b357302299	b007/g10/20260812T060531-l6-000008	struggle_damage	1	0	1	1	p2	28	observed damage 19 on rampardos from grumpig struggle (crit=False) not in the PS-exact roll set (nearest delta -9; max_roll 34)
i-0cc7d43b357302299	b007/g14/20260812T060531-l4-000047	ko_margin_soft	0	1	0	1	p1	7	observed slp on user but no branch applies it [ko-margin]
i-0cc7d43b357302299	b007/g2/20260812T060531-l3-000042	struggle_damage	4	0	4	4	p1	76	observed damage 19 on glaceon from arceussteel struggle (crit=False) not in the PS-exact roll set (nearest delta -3; max_roll 26)
i-0cc7d43b357302299	b007/g5/20260812T060531-l6-000094	struggle_damage	2	0	2	2	p1	36	observed damage 4 on mismagius from chansey struggle (crit=False) not in the PS-exact roll set (nearest delta -8; max_roll 15)
i-0cc7d43b357302299	b007/g8/20260812T060531-l1-000078	struggle_damage	1	0	1	1	p1	102	observed damage 22 on mewtwo from whimsicott struggle (crit=False) not in the PS-exact roll set (nearest delta -6; max_roll 34)
i-0cc7d43b357302299	b007/g8/20260812T060531-l2-000012	ko_margin_soft	0	1	0	1	p2	14	observed slp on opp but no branch applies it [ko-margin]
i-0cc7d43b357302299	b007/g9/20260812T060531-l6-000056	bellydrum_sitrus	0	1	0	1	p1	11	observed par on opp but no branch applies it [ko-margin]
i-0cc7d43b357302299	b008/g3/20260812T061852-l4-000088	struggle_damage	3	0	3	3	p1	112	observed damage 12 on cinccino from deoxysdefense struggle (crit=False) not in the PS-exact roll set (nearest delta -2; max_roll 17)
i-0cc7d43b357302299	b008/g5/20260812T061852-l1-000020	ko_margin_soft,other_categorical	0	3	0	3	p2	50	observed brn on opp but no branch applies it [ko-margin]
i-0cc7d43b357302299	b008/g5/20260812T061852-l6-000040	struggle_damage	3	0	3	3	p1+p2	77	observed damage 16 on magearnaoriginal from chimecho struggle (crit=False) not in the PS-exact roll set (nearest delta -6; max_roll 27)
i-0cc7d43b357302299	b008/g7/20260812T061852-l3-000059	ko_margin_soft	0	1	0	1	p2	24	observed + spe on opp but no branch produces it [ko-margin]
i-0cc7d43b357302299	b009/g0/20260812T063218-l2-000078	bellydrum_sitrus	0	1	0	1	p2	10	observed item loss (Sitrus Berry) on opp but no branch removes it
i-0cc7d43b357302299	b009/g0/20260812T063218-l6-000019	struggle_damage	3	0	3	3	p1	86	observed damage 38 on victreebel from exeggutor struggle (crit=False) not in the PS-exact roll set (nearest delta -4; max_roll 50)
i-0cc7d43b357302299	b009/g12/20260812T063218-l1-000048	struggle_damage	1	0	1	1	p1	37	observed damage 56 on farigiraf from tornadus struggle (crit=True) not in the PS-exact roll set (nearest delta -3; max_roll 70)
i-0cc7d43b357302299	b009/g3/20260812T063218-l1-000088	struggle_damage	1	0	1	1	p1	136	observed damage 3 on sylveon from chansey struggle (crit=False) not in the PS-exact roll set (nearest delta -8; max_roll 14)
i-0cc7d43b357302299	b009/g7/20260812T063218-l5-000033	bellydrum_sitrus	0	1	0	1	p2	4	observed heal on opp but no branch heals it
i-0d0937c3e06d97498	b000/g12/20260812T042535-l1-000008	revival_blessing	0	1	0	1	p2	14	observed heal on user but no branch heals it
i-0d0937c3e06d97498	b000/g12/20260812T042535-l4-000093	bellydrum_sitrus	0	1	0	1	p2	11	observed item loss (Sitrus Berry) on opp but no branch removes it
i-0d0937c3e06d97498	b000/g12/20260812T042535-l6-000065	struggle_damage	1	0	1	1	p2	32	observed damage 22 on chimecho from typhlosion struggle (crit=False) not in the PS-exact roll set (nearest delta -6; max_roll 34)
i-0d0937c3e06d97498	b000/g2/20260812T042535-l4-000035	struggle_damage	2	0	2	2	p1	59	observed damage 39 on sceptile from appletun struggle (crit=False) not in the PS-exact roll set (nearest delta -3; max_roll 50)
i-0d0937c3e06d97498	b000/g3/20260812T042535-l3-000003	revival_blessing	0	1	0	1	p2	38	observed heal on user but no branch heals it
i-0d0937c3e06d97498	b000/g4/20260812T042535-l2-000060	struggle_damage	1	0	1	1	p1	88	observed damage 13 on vespiquen from carbink struggle (crit=False) not in the PS-exact roll set (nearest delta -5; max_roll 22)
i-0d0937c3e06d97498	b000/g5/20260812T042535-l2-000012	struggle_damage	2	0	2	2	p1+p2	104	observed damage 22 on arceuswater from arboliva struggle (crit=False) not in the PS-exact roll set (nearest delta -6; max_roll 33)
i-0d0937c3e06d97498	b000/g5/20260812T042535-l6-000046	struggle_damage	1	0	1	1	p1	41	observed damage 17 on vespiquen from porygonz struggle (crit=False) not in the PS-exact roll set (nearest delta -5; max_roll 26)
i-0d0937c3e06d97498	b000/g7/20260812T042535-l1-000018	struggle_damage	1	0	1	1	p2	37	observed damage 26 on sandslash from porygon2 struggle (crit=False) not in the PS-exact roll set (nearest delta -6; max_roll 38)
i-0d0937c3e06d97498	b001/g0/20260812T043834-l6-000026	struggle_damage	1	0	1	1	p2	13	observed damage 31 on alcremie from magmortar struggle (crit=False) not in the PS-exact roll set (nearest delta -7; max_roll 45)
i-0d0937c3e06d97498	b001/g4/20260812T043834-l4-000049	struggle_damage	2	0	2	2	p2	54	observed damage 21 on vespiquen from appletun struggle (crit=False) not in the PS-exact roll set (nearest delta -6; max_roll 32)
i-0d0937c3e06d97498	b001/g6/20260812T043834-l1-000082	struggle_damage	4	0	4	4	p1+p2	103	observed damage 23 on talonflame from deoxysdefense struggle (crit=False) not in the PS-exact roll set (nearest delta -8; max_roll 37)
i-0d0937c3e06d97498	b002/g10/20260812T045432-l6-000083	revival_blessing	1	0	0	1	p2	13	observed volatile Leech Seed start on opp but no branch applies it
i-0d0937c3e06d97498	b002/g11/20260812T045432-l3-000067	struggle_damage	1	0	1	1	p2	34	observed damage 37 on alcremiemintcream from mesprit struggle (crit=False) not in the PS-exact roll set (nearest delta -1; max_roll 45)
i-0d0937c3e06d97498	b002/g12/20260812T045432-l4-000071	struggle_damage	3	0	3	3	p2	121	observed damage 13 on misdreavus from dudunsparce struggle (crit=False) not in the PS-exact roll set (nearest delta -1; max_roll 16)
i-0d0937c3e06d97498	b002/g13/20260812T045432-l2-000065	ko_margin_soft	0	1	0	1	p2	22	observed slp on user but no branch applies it [ko-margin]
i-0d0937c3e06d97498	b002/g5/20260812T045432-l2-000073	revival_blessing	2	0	0	2	p1	14	observed brn on opp but no branch applies it
i-0d0937c3e06d97498	b003/g0/20260812T050757-l1-000069	struggle_damage	15	0	15	15	p1	18	observed damage 23 on suicune from volcanion struggle (crit=False) not in the PS-exact roll set (nearest delta -4; max_roll 32)
i-0d0937c3e06d97498	b003/g1/20260812T050757-l5-000043	struggle_damage	3	0	3	3	p2	87	observed damage 18 on brambleghast from arboliva struggle (crit=False) not in the PS-exact roll set (nearest delta -4; max_roll 27)
i-0d0937c3e06d97498	b003/g10/20260812T050757-l6-000072	bellydrum_sitrus	0	1	0	1	p2	8	observed item loss (Sitrus Berry) on opp but no branch removes it
i-0d0937c3e06d97498	b003/g12/20260812T050757-l2-000013	struggle_damage	3	0	3	3	p2	101	observed damage 23 on giratinaorigin from terapagosterastal struggle (crit=False) not in the PS-exact roll set (nearest delta -5; max_roll 34)
i-0d0937c3e06d97498	b003/g12/20260812T050757-l5-000012	struggle_damage	1	0	1	1	p2	116	observed damage 15 on dachsbun from suicune struggle (crit=False) not in the PS-exact roll set (nearest delta -4; max_roll 23)
i-0d0937c3e06d97498	b003/g13/20260812T050757-l1-000052	struggle_damage	1	0	1	1	p1	31	observed damage 27 on hypno from lilligant struggle (crit=False) not in the PS-exact roll set (nearest delta -7; max_roll 40)
i-0d0937c3e06d97498	b003/g2/20260812T050757-l5-000027	bellydrum_sitrus	0	1	0	1	p1	11	observed item loss (Sitrus Berry) on opp but no branch removes it
i-0d0937c3e06d97498	b003/g3/20260812T050757-l2-000016	struggle_damage	2	0	2	2	p2	61	observed damage 7 on umbreon from eternatus struggle (crit=False) not in the PS-exact roll set (nearest delta -1; max_roll 10)
i-0d0937c3e06d97498	b003/g5/20260812T050757-l2-000085	bellydrum_sitrus	0	1	0	1	p1	10	observed item loss (Sitrus Berry) on opp but no branch removes it
i-0d0937c3e06d97498	b003/g5/20260812T050757-l5-000014	struggle_damage	1	0	1	1	p1	90	observed damage 17 on wyrdeer from electrodehisui struggle (crit=False) not in the PS-exact roll set (nearest delta -8; max_roll 30)
i-0d0937c3e06d97498	b003/g5/20260812T050757-l5-000034	struggle_damage	1	0	1	1	p2	42	observed damage 42 on floatzel from deoxysdefense struggle (crit=False) not in the PS-exact roll set (nearest delta -10; max_roll 62)
i-0d0937c3e06d97498	b003/g7/20260812T050757-l1-000067	struggle_damage	1	0	1	1	p2	30	observed damage 26 on gougingfire from thundurustherian struggle (crit=False) not in the PS-exact roll set (nearest delta -2; max_roll 34)
i-0d0937c3e06d97498	b004/g11/20260812T052451-l4-000054	struggle_damage	2	0	2	2	p2	86	observed damage 7 on duraludon from arboliva struggle (crit=False) not in the PS-exact roll set (nearest delta -2; max_roll 11)
i-0d0937c3e06d97498	b004/g11/20260812T052451-l5-000043	bellydrum_sitrus	0	1	0	1	p2	11	observed item loss (Sitrus Berry) on opp but no branch removes it
i-0d0937c3e06d97498	b004/g12/20260812T052451-l4-000059	bellydrum_sitrus	0	1	0	1	p2	4	observed item loss (Sitrus Berry) on opp but no branch removes it
i-0d0937c3e06d97498	b004/g15/20260812T052451-l2-000040	other_categorical	1	0	0	1	p1	9	observed - spd on user but no branch produces it
i-0d0937c3e06d97498	b004/g8/20260812T052451-l6-000084	struggle_damage	1	0	1	1	p1	101	observed damage 18 on gliscor from latias struggle (crit=False) not in the PS-exact roll set (nearest delta -4; max_roll 26)
i-0d0937c3e06d97498	b005/g1/20260812T053814-l1-000042	struggle_damage	2	0	2	2	p2	35	observed damage 28 on arceuswater from volcanion struggle (crit=False) not in the PS-exact roll set (nearest delta -2; max_roll 36)
i-0d0937c3e06d97498	b005/g3/20260812T053814-l2-000076	struggle_damage	1	0	1	1	p2	134	observed damage 13 on alomomola from wigglytuff struggle (crit=False) not in the PS-exact roll set (nearest delta -4; max_roll 21)
i-0d0937c3e06d97498	b005/g3/20260812T053814-l3-000059	other_categorical	1	0	0	1	p1	24	observed - spd on user but no branch produces it
i-0d0937c3e06d97498	b005/g7/20260812T053814-l1-000091	struggle_damage	3	0	3	3	p2	98	observed damage 20 on misdreavus from terapagosterastal struggle (crit=False) not in the PS-exact roll set (nearest delta -2; max_roll 27)
i-0d0937c3e06d97498	b006/g1/20260812T055131-l6-000082	struggle_damage	1	0	1	1	p1	174	observed damage 18 on dachsbun from palossand struggle (crit=False) not in the PS-exact roll set (nearest delta -4; max_roll 27)
i-0d0937c3e06d97498	b006/g2/20260812T055131-l4-000069	bellydrum_sitrus	0	1	0	1	p2	2	observed item loss (Sitrus Berry) on opp but no branch removes it
i-0d0937c3e06d97498	b006/g2/20260812T055131-l6-000059	struggle_damage	1	0	1	1	p1	58	observed damage 3 on chandelure from chansey struggle (crit=False) not in the PS-exact roll set (nearest delta -7; max_roll 12)
i-0d0937c3e06d97498	b006/g9/20260812T055131-l5-000070	struggle_damage	2	0	2	2	p1	123	observed damage 26 on slowking from lunala struggle (crit=False) not in the PS-exact roll set (nearest delta -2; max_roll 33)
i-0d0937c3e06d97498	b007/g1/20260812T060519-l6-000060	other_categorical	1	0	0	1	p2	9	observed + spa on opp but no branch produces it
i-0d0937c3e06d97498	b007/g7/20260812T060519-l4-000067	bellydrum_sitrus	0	1	0	1	p2	4	observed item loss (Sitrus Berry) on opp but no branch removes it
i-0d0937c3e06d97498	b008/g1/20260812T061759-l5-000043	struggle_damage	19	0	19	19	p1	12	observed damage 36 on suicune from lapras struggle (crit=True) not in the PS-exact roll set (nearest delta -4; max_roll 48)
i-0d0937c3e06d97498	b008/g11/20260812T061759-l5-000028	struggle_damage	1	0	1	1	p2	13	observed damage 11 on emboar from chandelure struggle (crit=False) not in the PS-exact roll set (nearest delta -3; max_roll 17)
i-0d0937c3e06d97498	b008/g12/20260812T061759-l6-000036	bellydrum_sitrus	0	2	0	2	p1	16	observed item loss (Sitrus Berry) on opp but no branch removes it
i-0d0937c3e06d97498	b008/g13/20260812T061759-l5-000073	struggle_damage	1	0	1	1	p1	45	observed damage 13 on stantler from sylveon struggle (crit=False) not in the PS-exact roll set (nearest delta -3; max_roll 19)
i-0d0937c3e06d97498	b008/g2/20260812T061759-l6-000082	struggle_damage	1	0	1	1	p2	100	observed damage 25 on tatsugiri from vaporeon struggle (crit=False) not in the PS-exact roll set (nearest delta -8; max_roll 39)
i-0d0937c3e06d97498	b008/g3/20260812T061759-l4-000026	struggle_damage	1	0	1	1	p2	15	observed damage 28 on reuniclus from hydreigon struggle (crit=False) not in the PS-exact roll set (nearest delta -6; max_roll 40)
i-0d0937c3e06d97498	b008/g4/20260812T061759-l1-000054	bellydrum_sitrus	0	1	0	1	p2	3	observed item loss (Sitrus Berry) on opp but no branch removes it
i-0d0937c3e06d97498	b008/g4/20260812T061759-l2-000084	struggle_damage	2	0	2	2	p2	118	observed damage 3 on giratina from chansey struggle (crit=False) not in the PS-exact roll set (nearest delta -6; max_roll 11)
i-0d0937c3e06d97498	b008/g4/20260812T061759-l6-000046	other_categorical	1	0	0	1	p1	3	observed - spa on user but no branch produces it
i-0d0937c3e06d97498	b008/g6/20260812T061759-l6-000039	bellydrum_sitrus	0	1	0	1	p2	9	observed item loss (Sitrus Berry) on opp but no branch removes it
i-0d0937c3e06d97498	b008/g8/20260812T061759-l2-000069	struggle_damage	5	0	5	5	p2	122	observed damage 16 on gliscor from chimecho struggle (crit=False) not in the PS-exact roll set (nearest delta -6; max_roll 26)
i-0d0937c3e06d97498	b008/g9/20260812T061759-l5-000082	struggle_damage	1	0	1	1	p1	15	observed damage 8 on giratina from kyogre struggle (crit=False) not in the PS-exact roll set (nearest delta -3; max_roll 13)
i-0d0937c3e06d97498	b009/g0/20260812T063202-l4-000029	revival_blessing	0	1	0	1	p1	23	observed heal on user but no branch heals it
i-0d0937c3e06d97498	b009/g12/20260812T063202-l1-000083	struggle_damage	2	0	2	2	p2	99	observed damage 26 on snorlax from skeledirge struggle (crit=False) not in the PS-exact roll set (nearest delta -5; max_roll 37)
i-0d0937c3e06d97498	b009/g13/20260812T063202-l5-000072	ko_margin_soft	0	1	0	1	p1	21	observed slp on opp but no branch applies it [ko-margin]
i-0d0937c3e06d97498	b009/g14/20260812T063202-l4-000060	ko_margin_soft	0	1	0	1	p2	30	observed slp on opp but no branch applies it [ko-margin]
i-0d0937c3e06d97498	b009/g14/20260812T063202-l6-000030	struggle_damage	1	0	1	1	p1	123	observed damage 4 on chandelure from blissey struggle (crit=True) not in the PS-exact roll set (nearest delta -4; max_roll 10)
i-0d0937c3e06d97498	b009/g5/20260812T063202-l6-000073	struggle_damage	1	0	1	1	p2	14	observed damage 47 on blissey from calyrexshadow struggle (crit=False) not in the PS-exact roll set (nearest delta -5; max_roll 62)
i-0d1f145bc856322e3	b000/g0/20260812T065017-l4-000028	other_categorical	1	0	0	1	p1	18	observed - spa on user but no branch produces it
i-0d1f145bc856322e3	b000/g11/20260812T065017-l1-000001	struggle_damage	12	0	12	12	p1	17	observed damage 36 on vaporeon from volcanion struggle (crit=False) not in the PS-exact roll set (nearest delta -5; max_roll 49)
i-0d1f145bc856322e3	b000/g14/20260812T065017-l1-000045	struggle_damage	1	0	1	1	p1	36	observed damage 18 on weezing from magearnaoriginal struggle (crit=False) not in the PS-exact roll set (nearest delta -3; max_roll 25)
i-0d1f145bc856322e3	b000/g4/20260812T065017-l3-000015	struggle_damage	1	0	1	1	p1	86	observed damage 27 on electrode from arboliva struggle (crit=False) not in the PS-exact roll set (nearest delta -5; max_roll 38)
i-0d1f145bc856322e3	b000/g8/20260812T065017-l5-000027	struggle_damage	1	0	1	1	p1	24	observed damage 26 on palkiaorigin from ludicolo struggle (crit=False) not in the PS-exact roll set (nearest delta -6; max_roll 38)
i-0d4ac7b8e59289742	b000/g11/20260812T042554-l4-000064	bellydrum_sitrus	0	1	0	1	p1	6	observed item loss (Sitrus Berry) on opp but no branch removes it
i-0d4ac7b8e59289742	b000/g15/20260812T042554-l1-000039	struggle_damage	2	0	2	2	p1	97	observed damage 26 on chansey from palossand struggle (crit=False) not in the PS-exact roll set (nearest delta -8; max_roll 41)
i-0d4ac7b8e59289742	b000/g15/20260812T042554-l3-000057	bellydrum_sitrus	0	1	0	1	p2	20	observed item loss (Sitrus Berry) on opp but no branch removes it
i-0d4ac7b8e59289742	b000/g4/20260812T042554-l2-000026	bellydrum_sitrus	0	1	0	1	p1	8	observed item loss (Sitrus Berry) on opp but no branch removes it
i-0d4ac7b8e59289742	b000/g9/20260812T042554-l5-000012	struggle_damage	2	0	2	2	p2	80	observed damage 19 on okidogi from suicune struggle (crit=False) not in the PS-exact roll set (nearest delta -4; max_roll 28)
i-0d4ac7b8e59289742	b001/g11/20260812T043839-l5-000017	struggle_damage	1	0	1	1	p2	26	observed damage 11 on milotic from gothitelle struggle (crit=False) not in the PS-exact roll set (nearest delta -3; max_roll 16)
i-0d4ac7b8e59289742	b001/g14/20260812T043839-l6-000063	struggle_damage	1	0	1	1	p2	68	observed damage 16 on weezinggalar from slowkinggalar struggle (crit=False) not in the PS-exact roll set (nearest delta -4; max_roll 24)
i-0d4ac7b8e59289742	b001/g15/20260812T043839-l1-000030	struggle_damage	1	0	1	1	p1	26	observed damage 7 on sinistchamasterpiece from miraidon struggle (crit=False) not in the PS-exact roll set (nearest delta -1; max_roll 10)
i-0d4ac7b8e59289742	b001/g15/20260812T043839-l4-000076	struggle_damage	1	0	1	1	p2	28	observed damage 14 on gothitelle from miraidon struggle (crit=False) not in the PS-exact roll set (nearest delta -3; max_roll 20)
i-0d4ac7b8e59289742	b001/g4/20260812T043839-l1-000014	struggle_damage	3	0	3	3	p1	99	observed damage 53 on vaporeon from phione struggle (crit=True) not in the PS-exact roll set (nearest delta -11; max_roll 76)
i-0d4ac7b8e59289742	b001/g6/20260812T043839-l1-000087	bellydrum_sitrus	0	1	0	1	p1	15	observed item loss (Sitrus Berry) on opp but no branch removes it
i-0d4ac7b8e59289742	b002/g13/20260812T045157-l3-000003	bellydrum_sitrus	0	2	0	2	p1	9	observed item loss (Sitrus Berry) on opp but no branch removes it
i-0d4ac7b8e59289742	b002/g5/20260812T045157-l4-000011	ko_margin_soft	0	1	0	1	p2	24	observed slp on opp but no branch applies it [ko-margin]
i-0d4ac7b8e59289742	b002/g8/20260812T045157-l5-000030	struggle_damage	4	0	4	4	p1+p2	106	observed damage 32 on florgesyellow from toxtricity struggle (crit=False) not in the PS-exact roll set (nearest delta -6; max_roll 45)
i-0d4ac7b8e59289742	b003/g0/20260812T050803-l2-000056	struggle_damage	1	0	1	1	p1	90	observed damage 26 on sandyshocks from arboliva struggle (crit=False) not in the PS-exact roll set (nearest delta -3; max_roll 35)
i-0d4ac7b8e59289742	b003/g1/20260812T050803-l4-000082	struggle_damage	1	0	1	1	p2	14	observed damage 13 on gothitelle from miraidon struggle (crit=False) not in the PS-exact roll set (nearest delta -4; max_roll 20)
i-0d4ac7b8e59289742	b003/g12/20260812T050803-l1-000064	bellydrum_sitrus	0	1	0	1	p1	2	observed item loss (Sitrus Berry) on opp but no branch removes it
i-0d4ac7b8e59289742	b003/g13/20260812T050803-l5-000067	other_categorical	1	0	0	1	p1	20	observed - spe on opp but no branch produces it
i-0d4ac7b8e59289742	b004/g12/20260812T052130-l1-000059	ko_margin_soft	0	3	0	3	p1	19	observed + spa on opp but no branch produces it [ko-margin]
i-0d4ac7b8e59289742	b004/g12/20260812T052130-l2-000061	struggle_damage	2	0	2	2	p2	145	observed damage 18 on magearnaoriginal from florgesorange struggle (crit=False) not in the PS-exact roll set (nearest delta -4; max_roll 27)
i-0d4ac7b8e59289742	b004/g13/20260812T052130-l1-000059	bellydrum_sitrus	0	1	0	1	p1	2	observed item loss (Sitrus Berry) on opp but no branch removes it
i-0d4ac7b8e59289742	b004/g2/20260812T052130-l2-000075	struggle_damage	1	0	1	1	p2	92	observed damage 24 on primarina from vaporeon struggle (crit=False) not in the PS-exact roll set (nearest delta -5; max_roll 35)
i-0d4ac7b8e59289742	b004/g5/20260812T052130-l4-000054	ko_margin_soft	0	1	0	1	p1	8	observed + spe on opp but no branch produces it [ko-margin]
i-0d4ac7b8e59289742	b004/g6/20260812T052130-l4-000054	struggle_damage	1	0	1	1	p1	77	observed damage 24 on roaringmoon from salazzle struggle (crit=False) not in the PS-exact roll set (nearest delta -9; max_roll 39)
i-0d4ac7b8e59289742	b004/g9/20260812T052130-l1-000028	struggle_damage	1	0	1	1	p2	77	observed damage 2 on eternatus from blissey struggle (crit=False) not in the PS-exact roll set (nearest delta -4; max_roll 7)
i-0d4ac7b8e59289742	b004/g9/20260812T052130-l4-000051	struggle_damage	1	0	1	1	p2	91	observed damage 11 on archaludon from tropius struggle (crit=False) not in the PS-exact roll set (nearest delta -1; max_roll 15)
i-0d4ac7b8e59289742	b005/g11/20260812T053440-l1-000068	bellydrum_sitrus	0	1	0	1	p2	30	observed item loss (Sitrus Berry) on opp but no branch removes it
i-0d4ac7b8e59289742	b005/g15/20260812T053440-l1-000038	struggle_damage	3	0	3	3	p2	73	observed damage 26 on screamtail from sceptile struggle (crit=False) not in the PS-exact roll set (nearest delta -3; max_roll 35)
i-0d4ac7b8e59289742	b005/g15/20260812T053440-l1-000089	revival_blessing	1	0	0	1	p2	10	observed + def on user but no branch produces it
i-0d4ac7b8e59289742	b005/g15/20260812T053440-l2-000028	revival_blessing	1	0	0	1	p1	21	observed item loss (Heavy-Duty Boots) on opp but no branch removes it
i-0d4ac7b8e59289742	b005/g3/20260812T053440-l5-000005	other_categorical	1	0	0	1	p2	32	observed - spa on user but no branch produces it
i-0d4ac7b8e59289742	b005/g7/20260812T053440-l6-000046	struggle_damage	2	0	2	2	p1	74	observed damage 22 on suicune from volcanion struggle (crit=False) not in the PS-exact roll set (nearest delta -5; max_roll 32)
i-0d4ac7b8e59289742	b005/g7/20260812T053440-l6-000063	struggle_damage	2	0	2	2	p2	38	observed damage 25 on gardevoir from latias struggle (crit=False) not in the PS-exact roll set (nearest delta -7; max_roll 38)
i-0d4ac7b8e59289742	b006/g12/20260812T055107-l2-000088	bellydrum_sitrus	0	1	0	1	p2	4	observed item loss (Sitrus Berry) on opp but no branch removes it
i-0d4ac7b8e59289742	b006/g12/20260812T055107-l6-000033	ko_margin_soft	0	2	0	2	p2	22	observed + spa on user but no branch produces it [ko-margin]
i-0d4ac7b8e59289742	b006/g13/20260812T055107-l3-000076	ko_margin_soft	0	2	0	2	p1	12	observed - spa on opp but no branch produces it [ko-margin]
i-0d4ac7b8e59289742	b006/g2/20260812T055107-l6-000027	bellydrum_sitrus	0	1	0	1	p2	28	observed item loss (Sitrus Berry) on opp but no branch removes it
i-0d4ac7b8e59289742	b006/g3/20260812T055107-l3-000037	struggle_damage	1	0	1	1	p1	50	observed damage 19 on mesprit from sylveon struggle (crit=False) not in the PS-exact roll set (nearest delta -3; max_roll 27)
i-0d4ac7b8e59289742	b006/g6/20260812T055107-l6-000043	struggle_damage	2	0	2	2	p2	104	observed damage 15 on dachsbun from skeledirge struggle (crit=False) not in the PS-exact roll set (nearest delta -3; max_roll 22)
i-0d4ac7b8e59289742	b007/g12/20260812T060623-l2-000067	struggle_damage	1	0	1	1	p2	90	observed damage 19 on bombirdier from chimecho struggle (crit=False) not in the PS-exact roll set (nearest delta -7; max_roll 31)
i-0d4ac7b8e59289742	b007/g12/20260812T060623-l2-000088	bellydrum_sitrus	0	1	0	1	p2	7	observed item loss (Sitrus Berry) on opp but no branch removes it
i-0d4ac7b8e59289742	b007/g12/20260812T060623-l4-000009	struggle_damage	2	0	2	2	p2	109	observed damage 24 on illumise from giratina struggle (crit=False) not in the PS-exact roll set (nearest delta -5; max_roll 35)
i-0d4ac7b8e59289742	b007/g14/20260812T060623-l5-000020	ko_margin_soft	0	1	0	1	p1	19	observed slp on opp but no branch applies it [ko-margin]
i-0d4ac7b8e59289742	b007/g15/20260812T060623-l6-000006	bellydrum_sitrus	0	1	0	1	p2	22	observed heal on opp but no branch heals it
i-0d4ac7b8e59289742	b007/g9/20260812T060623-l5-000040	struggle_damage	1	0	1	1	p1	16	observed damage 11 on gothitelle from ludicolo struggle (crit=False) not in the PS-exact roll set (nearest delta -2; max_roll 16)
i-0d4ac7b8e59289742	b008/g11/20260812T061914-l5-000070	bellydrum_sitrus	0	1	0	1	p1	25	observed item loss (Sitrus Berry) on opp but no branch removes it
i-0d4ac7b8e59289742	b009/g2/20260812T063225-l5-000054	struggle_damage	1	0	1	1	p1	97	observed damage 22 on oricoriopau from latias struggle (crit=False) not in the PS-exact roll set (nearest delta -7; max_roll 35)
i-0d4ac7b8e59289742	b009/g4/20260812T063225-l2-000055	struggle_damage	1	0	1	1	p2	106	observed damage 18 on garganacl from arboliva struggle (crit=False) not in the PS-exact roll set (nearest delta -5; max_roll 28)
i-0d6cbbc0a60fdc596	b000/g8/20260812T065034-l2-000042	struggle_damage	3	0	3	3	p2	90	observed damage 67 on blissey from palossand struggle (crit=False) not in the PS-exact roll set (nearest delta -22; max_roll 105)
i-0d774630477d2187a	b000/g12/20260812T042526-l1-000012	revival_blessing	2	0	0	2	p1	5	observed + spa on user but no branch produces it
i-0d774630477d2187a	b001/g11/20260812T044010-l4-000084	struggle_damage	1	0	1	1	p1	108	observed damage 23 on farigiraf from sylveon struggle (crit=False) not in the PS-exact roll set (nearest delta -5; max_roll 34)
i-0d774630477d2187a	b001/g15/20260812T044010-l5-000005	struggle_damage	2	0	2	2	p1	79	observed damage 35 on snorlax from palossand struggle (crit=False) not in the PS-exact roll set (nearest delta -4; max_roll 46)
i-0d774630477d2187a	b001/g2/20260812T044010-l3-000070	struggle_damage	2	0	2	2	p1	128	observed damage 22 on regigigas from shaymin struggle (crit=False) not in the PS-exact roll set (nearest delta -5; max_roll 32)
i-0d774630477d2187a	b001/g2/20260812T044010-l4-000039	revival_blessing	0	1	0	1	p2	21	observed heal on user but no branch heals it
i-0d774630477d2187a	b001/g9/20260812T044010-l1-000007	struggle_damage	1	0	1	1	p2	28	observed damage 20 on giratina from typhlosion struggle (crit=False) not in the PS-exact roll set (nearest delta -6; max_roll 31)
i-0d774630477d2187a	b002/g0/20260812T045309-l1-000090	struggle_damage,other_categorical	3	1	3	4	p1	119	observed damage 18 on giratina from screamtail struggle (crit=False) not in the PS-exact roll set (nearest delta -4; max_roll 26)
i-0d774630477d2187a	b002/g12/20260812T045309-l2-000034	bellydrum_sitrus	0	1	0	1	p2	28	observed item loss (Sitrus Berry) on opp but no branch removes it
i-0d774630477d2187a	b002/g14/20260812T045309-l3-000060	bellydrum_sitrus	0	1	0	1	p2	11	observed heal on opp but no branch heals it
i-0d774630477d2187a	b002/g8/20260812T045309-l5-000093	struggle_damage	1	0	1	1	p1	44	observed damage 24 on dudunsparcethreesegment from gholdengo struggle (crit=True) not in the PS-exact roll set (nearest delta -9; max_roll 39)
i-0d774630477d2187a	b003/g0/20260812T050602-l2-000094	struggle_damage	1	0	1	1	p2	56	observed damage 19 on noctowl from gholdengo struggle (crit=False) not in the PS-exact roll set (nearest delta -7; max_roll 31)
i-0d774630477d2187a	b003/g10/20260812T050602-l4-000009	bellydrum_sitrus	0	1	0	1	p2	11	observed item loss (Sitrus Berry) on opp but no branch removes it
i-0d774630477d2187a	b003/g10/20260812T050602-l5-000057	revival_blessing	1	0	0	1	p2	7	observed + def on user but no branch produces it
i-0d774630477d2187a	b003/g12/20260812T050602-l5-000042	struggle_damage	2	0	2	2	p1	41	observed damage 23 on gothitelle from thundurustherian struggle (crit=False) not in the PS-exact roll set (nearest delta -5; max_roll 34)
i-0d774630477d2187a	b003/g14/20260812T050602-l2-000002	bellydrum_sitrus	0	1	0	1	p2	4	observed item loss (Sitrus Berry) on opp but no branch removes it
i-0d774630477d2187a	b003/g14/20260812T050602-l5-000029	struggle_damage	1	0	1	1	p1	150	observed damage 20 on grafaiai from carbink struggle (crit=False) not in the PS-exact roll set (nearest delta -9; max_roll 35)
i-0d774630477d2187a	b003/g2/20260812T050602-l2-000068	struggle_damage	1	0	1	1	p1	33	observed damage 25 on swalot from greninja struggle (crit=False) not in the PS-exact roll set (nearest delta -4; max_roll 35)
i-0d774630477d2187a	b004/g0/20260812T051931-l2-000023	ko_margin_soft	0	1	0	1	p2	30	observed + spa on opp but no branch produces it [ko-margin]
i-0d774630477d2187a	b004/g10/20260812T051931-l1-000080	bellydrum_sitrus	0	1	0	1	p1	26	observed item loss (Sitrus Berry) on opp but no branch removes it
i-0d774630477d2187a	b004/g10/20260812T051931-l1-000091	struggle_damage	2	0	2	2	p1	159	observed damage 16 on dachsbun from deoxysdefense struggle (crit=False) not in the PS-exact roll set (nearest delta -4; max_roll 24)
i-0d774630477d2187a	b004/g15/20260812T051931-l6-000057	struggle_damage	1	0	1	1	p2	40	observed damage 18 on dondozo from ragingbolt struggle (crit=False) not in the PS-exact roll set (nearest delta -3; max_roll 25)
i-0d774630477d2187a	b004/g8/20260812T051931-l3-000068	revival_blessing	1	1	0	2	p2	12	observed slp on user but no branch applies it
i-0d774630477d2187a	b004/g9/20260812T051931-l2-000088	struggle_damage	2	0	2	2	p1	123	observed damage 7 on meowstic from screamtail struggle (crit=False) not in the PS-exact roll set (nearest delta -1; max_roll 10)
i-0d774630477d2187a	b004/g9/20260812T051931-l5-000093	struggle_damage	7	0	7	7	p1	51	observed damage 16 on suicune from lapras struggle (crit=True) not in the PS-exact roll set (nearest delta -4; max_roll 24)
i-0d774630477d2187a	b005/g0/20260812T053351-l3-000031	struggle_damage	6	0	6	6	p1+p2	84	observed damage 26 on ironmoth from screamtail struggle (crit=False) not in the PS-exact roll set (nearest delta -8; max_roll 41)
i-0d774630477d2187a	b005/g10/20260812T053351-l5-000034	bellydrum_sitrus	0	1	0	1	p2	28	observed item loss (Sitrus Berry) on opp but no branch removes it
i-0d774630477d2187a	b005/g11/20260812T053351-l6-000019	struggle_damage	1	0	1	1	p2	132	observed damage 5 on amoonguss from blissey struggle (crit=False) not in the PS-exact roll set (nearest delta -8; max_roll 16)
i-0d774630477d2187a	b005/g3/20260812T053351-l4-000045	struggle_damage	1	0	1	1	p2	81	observed damage 67 on blissey from palossand struggle (crit=False) not in the PS-exact roll set (nearest delta -22; max_roll 105)
i-0d774630477d2187a	b005/g6/20260812T053351-l1-000001	struggle_damage	1	0	1	1	p2	20	observed damage 19 on volcanion from ludicolo struggle (crit=False) not in the PS-exact roll set (nearest delta -6; max_roll 30)
i-0d774630477d2187a	b005/g6/20260812T053351-l1-000027	struggle_damage	2	0	2	2	p2	136	observed damage 18 on jirachi from bastiodon struggle (crit=False) not in the PS-exact roll set (nearest delta -4; max_roll 27)
i-0d774630477d2187a	b006/g1/20260812T054652-l6-000066	struggle_damage	2	0	2	2	p1	82	observed damage 25 on solgaleo from palossand struggle (crit=False) not in the PS-exact roll set (nearest delta -4; max_roll 35)
i-0d774630477d2187a	b006/g11/20260812T054652-l5-000039	ko_margin_soft	0	1	0	1	p1	20	observed slp on opp but no branch applies it [ko-margin]
i-0d774630477d2187a	b006/g11/20260812T054652-l5-000053	ko_margin_soft	0	2	0	2	p2	28	observed + spe on opp but no branch produces it [ko-margin]
i-0d774630477d2187a	b006/g14/20260812T054652-l4-000044	struggle_damage	1	0	1	1	p1	72	observed damage 11 on basculegion from eternatus struggle (crit=False) not in the PS-exact roll set (nearest delta -2; max_roll 16)
i-0d774630477d2187a	b006/g15/20260812T054652-l3-000019	struggle_damage	1	0	1	1	p1	35	observed damage 27 on cresselia from palkia struggle (crit=False) not in the PS-exact roll set (nearest delta -1; max_roll 34)
i-0d774630477d2187a	b006/g3/20260812T054652-l5-000005	other_categorical	1	0	0	1	p1	14	observed par on opp but no branch applies it
i-0d774630477d2187a	b006/g4/20260812T054652-l5-000046	bellydrum_sitrus	0	1	0	1	p2	26	observed item loss (Sitrus Berry) on opp but no branch removes it
i-0d774630477d2187a	b006/g5/20260812T054652-l3-000062	bellydrum_sitrus	0	1	0	1	p2	1	observed item loss (Sitrus Berry) on opp but no branch removes it
i-0d774630477d2187a	b006/g5/20260812T054652-l3-000088	struggle_damage	3	0	3	3	p2	76	observed damage 30 on eternatus from tropius struggle (crit=False) not in the PS-exact roll set (nearest delta -4; max_roll 41)
i-0d774630477d2187a	b006/g6/20260812T054652-l6-000006	struggle_damage	4	0	4	4	p1	93	observed damage 59 on chansey from typhlosionhisui struggle (crit=False) not in the PS-exact roll set (nearest delta -8; max_roll 79)
i-0d774630477d2187a	b007/g0/20260812T060354-l5-000057	revival_blessing	1	0	0	1	p1	16	observed - def on opp but no branch produces it
i-0d774630477d2187a	b007/g11/20260812T060354-l1-000040	struggle_damage	2	0	2	2	p1	90	observed damage 18 on gougingfire from screamtail struggle (crit=False) not in the PS-exact roll set (nearest delta -4; max_roll 26)
i-0d774630477d2187a	b007/g11/20260812T060354-l4-000056	bellydrum_sitrus	0	1	0	1	p2	1	observed item loss (Sitrus Berry) on opp but no branch removes it
i-0d774630477d2187a	b007/g12/20260812T060354-l5-000082	other_categorical	1	0	0	1	p2	16	observed brn on opp but no branch applies it
i-0d774630477d2187a	b007/g2/20260812T060354-l4-000009	struggle_damage	1	0	1	1	p2	21	observed damage 26 on blaziken from ironjugulis struggle (crit=False) not in the PS-exact roll set (nearest delta -5; max_roll 37)
i-0d774630477d2187a	b007/g3/20260812T060354-l2-000002	struggle_damage	1	0	1	1	p1	127	observed damage 13 on toxapex from milotic struggle (crit=False) not in the PS-exact roll set (nearest delta -3; max_roll 19)
i-0d774630477d2187a	b007/g4/20260812T060354-l4-000087	struggle_damage	1	0	1	1	p2	41	observed damage 23 on kingambit from hydreigon struggle (crit=False) not in the PS-exact roll set (nearest delta -5; max_roll 33)
i-0d774630477d2187a	b007/g5/20260812T060354-l5-000058	struggle_damage	1	0	1	1	p2	24	observed damage 19 on hypno from milotic struggle (crit=False) not in the PS-exact roll set (nearest delta -5; max_roll 29)
i-0d774630477d2187a	b007/g7/20260812T060354-l4-000081	struggle_damage	2	0	2	2	p2	81	observed damage 7 on deoxysdefense from screamtail struggle (crit=False) not in the PS-exact roll set (nearest delta -1; max_roll 10)
i-0d774630477d2187a	b007/g9/20260812T060354-l4-000023	struggle_damage	6	0	6	6	p1+p2	139	observed damage 30 on slowking from exeggutor struggle (crit=False) not in the PS-exact roll set (nearest delta -7; max_roll 44)
i-0d774630477d2187a	b008/g11/20260812T061813-l3-000012	bellydrum_sitrus	0	1	0	1	p2	4	observed heal on opp but no branch heals it
i-0d774630477d2187a	b008/g12/20260812T061813-l6-000006	bellydrum_sitrus	0	1	0	1	p2	17	observed item loss (Sitrus Berry) on opp but no branch removes it
i-0d774630477d2187a	b008/g13/20260812T061813-l2-000082	revival_blessing	1	0	0	1	p1	4	observed - spd on opp but no branch produces it
i-0d774630477d2187a	b008/g14/20260812T061813-l2-000028	struggle_damage	1	0	1	1	p1	33	observed damage 18 on gothitelle from deoxysdefense struggle (crit=False) not in the PS-exact roll set (nearest delta -5; max_roll 28)
i-0d774630477d2187a	b008/g14/20260812T061813-l2-000035	bellydrum_sitrus	0	1	0	1	p2	24	observed item loss (Sitrus Berry) on opp but no branch removes it
i-0d774630477d2187a	b008/g15/20260812T061813-l1-000080	struggle_damage	2	0	2	2	p2	98	observed damage 2 on drifblim from blissey struggle (crit=False) not in the PS-exact roll set (nearest delta -3; max_roll 6)
i-0d774630477d2187a	b008/g5/20260812T061813-l1-000060	ko_margin_soft	0	2	0	2	p1	10	observed slp on user but no branch applies it [ko-margin]
i-0d774630477d2187a	b008/g5/20260812T061813-l4-000076	bellydrum_sitrus	0	1	0	1	p1	20	observed heal on user but no branch heals it
i-0d774630477d2187a	b008/g7/20260812T061813-l2-000046	struggle_damage	2	0	2	2	p2	111	observed damage 19 on whimsicott from umbreon struggle (crit=False) not in the PS-exact roll set (nearest delta -6; max_roll 30)
i-0d774630477d2187a	b008/g8/20260812T061813-l3-000030	bellydrum_sitrus	0	1	0	1	p1	1	observed heal on opp but no branch heals it
i-0d774630477d2187a	b008/g9/20260812T061813-l6-000043	revival_blessing	0	1	0	1	p2	22	observed heal on user but no branch heals it
i-0d774630477d2187a	b009/g12/20260812T063144-l1-000001	ko_margin_soft	0	1	0	1	p2	35	observed slp on opp but no branch applies it [ko-margin]
i-0d774630477d2187a	b009/g15/20260812T063144-l6-000035	struggle_damage	2	0	2	2	p2	45	observed damage 24 on electrode from arboliva struggle (crit=False) not in the PS-exact roll set (nearest delta -8; max_roll 38)
i-0d774630477d2187a	b009/g4/20260812T063144-l5-000005	bellydrum_sitrus	0	1	0	1	p1	5	observed item loss (Sitrus Berry) on opp but no branch removes it
i-0d774630477d2187a	b009/g5/20260812T063144-l2-000020	struggle_damage	3	0	3	3	p1	18	observed damage 28 on gengar from oranguru struggle (crit=False) not in the PS-exact roll set (nearest delta -10; max_roll 45)
i-0d774630477d2187a	b009/g5/20260812T063144-l2-000031	struggle_damage	1	0	1	1	p1	32	observed damage 39 on furret from hoopa struggle (crit=False) not in the PS-exact roll set (nearest delta -3; max_roll 50)
i-0d774630477d2187a	b009/g5/20260812T063144-l3-000083	revival_blessing	1	0	0	1	p2	12	observed tox on opp but no branch applies it
i-0d774630477d2187a	b009/g6/20260812T063144-l5-000086	bellydrum_sitrus	0	1	0	1	p1	8	observed item loss (Sitrus Berry) on opp but no branch removes it
i-0d885e16e576f2182	b000/g12/20260812T065014-l3-000041	struggle_damage	1	0	1	1	p2	18	observed damage 22 on carbink from typhlosionhisui struggle (crit=True) not in the PS-exact roll set (nearest delta -6; max_roll 33)
i-0d885e16e576f2182	b000/g6/20260812T065014-l2-000036	ko_margin_soft	0	1	0	1	p1	16	observed - atk on user but no branch produces it [ko-margin]
i-0d885e16e576f2182	b000/g8/20260812T065014-l5-000044	struggle_damage	1	0	1	1	p2	22	observed damage 17 on dudunsparcethreesegment from comfey struggle (crit=False) not in the PS-exact roll set (nearest delta -7; max_roll 29)
i-0db500286d1272771	b000/g6/20260812T025444-l3-000012	struggle_damage	1	0	1	1	p2	113	observed damage 14 on pecharunt from deoxysdefense struggle (crit=False) not in the PS-exact roll set (nearest delta -3; max_roll 21)
i-0db500286d1272771	b000/g7/20260812T025444-l6-000065	revival_blessing,other_categorical	2	0	0	2	p1	7	observed side-condition spikes change on opp but no branch produces it
i-0db500286d1272771	b000/g8/20260812T025444-l1-000066	bellydrum_sitrus	0	1	0	1	p2	20	observed item loss (Sitrus Berry) on opp but no branch removes it
i-0db500286d1272771	b001/g1/20260812T030821-l1-000068	struggle_damage	1	0	1	1	p2	27	observed damage 15 on snorlax from typhlosionhisui struggle (crit=False) not in the PS-exact roll set (nearest delta -4; max_roll 23)
i-0db500286d1272771	b001/g10/20260812T030821-l5-000071	struggle_damage	2	0	2	2	p2	94	observed damage 19 on suicune from suicune struggle (crit=False) not in the PS-exact roll set (nearest delta -3; max_roll 26)
i-0db500286d1272771	b001/g4/20260812T030821-l1-000038	struggle_damage	1	0	1	1	p2	23	observed damage 6 on seviper from miraidon struggle (crit=False) not in the PS-exact roll set (nearest delta -1; max_roll 9)
i-0db500286d1272771	b001/g9/20260812T030821-l3-000058	struggle_damage	2	0	2	2	p1	50	observed damage 21 on gothitelle from slowking struggle (crit=False) not in the PS-exact roll set (nearest delta -6; max_roll 32)
i-0db500286d1272771	b002/g1/20260812T032536-l2-000049	ko_margin_soft	0	1	0	1	p1	23	observed + spe on opp but no branch produces it [ko-margin]
i-0db500286d1272771	b002/g11/20260812T032536-l4-000008	struggle_damage	2	0	2	2	p2	120	observed damage 7 on umbreon from electrodehisui struggle (crit=False) not in the PS-exact roll set (nearest delta -2; max_roll 11)
i-0db500286d1272771	b002/g4/20260812T032536-l3-000080	other_categorical	1	0	0	1	p2	33	observed item loss (Heavy-Duty Boots) on opp but no branch removes it
i-0db500286d1272771	b002/g8/20260812T032536-l3-000079	ko_margin_soft	0	1	0	1	p2	24	observed tox on user but no branch applies it [ko-margin]
i-0db500286d1272771	b002/g8/20260812T032536-l5-000018	other_categorical	0	1	0	1	p1	52	observed volatile Encore end on user but no branch removes it
i-0db500286d1272771	b002/g9/20260812T032536-l2-000082	struggle_damage	1	0	1	1	p2	76	observed damage 17 on zangoose from giratina struggle (crit=False) not in the PS-exact roll set (nearest delta -1; max_roll 21)
i-0db500286d1272771	b002/g9/20260812T032536-l6-000060	ko_margin_soft	0	1	0	1	p1	12	observed + spe on opp but no branch produces it [ko-margin]
i-0db500286d1272771	b003/g11/20260812T033903-l4-000004	bellydrum_sitrus	0	1	0	1	p2	2	observed item loss (Sitrus Berry) on opp but no branch removes it
i-0db500286d1272771	b003/g14/20260812T033903-l1-000009	ko_margin_soft	0	5	0	5	p1	10	observed - def on opp but no branch produces it [ko-margin]
i-0db500286d1272771	b003/g15/20260812T033903-l2-000059	struggle_damage	3	0	3	3	p1	96	observed damage 19 on clawitzer from chimecho struggle (crit=False) not in the PS-exact roll set (nearest delta -6; max_roll 30)
i-0db500286d1272771	b003/g15/20260812T033903-l5-000018	struggle_damage	3	0	3	3	p1	25	observed damage 8 on snorlax from chandelure struggle (crit=False) not in the PS-exact roll set (nearest delta -3; max_roll 14)
i-0db500286d1272771	b003/g3/20260812T033903-l4-000080	ko_margin_soft	0	1	0	1	p2	44	observed - atk on user but no branch produces it [ko-margin]
i-0db500286d1272771	b003/g4/20260812T033903-l2-000067	other_categorical	1	0	0	1	p1	63	observed volatile Disable start on user but no branch applies it
i-0db500286d1272771	b003/g4/20260812T033903-l3-000023	struggle_damage	1	0	1	1	p1	17	observed damage 35 on reuniclus from magmortar struggle (crit=False) not in the PS-exact roll set (nearest delta -4; max_roll 46)
i-0db500286d1272771	b003/g5/20260812T033903-l2-000008	struggle_damage	3	0	3	3	p1	93	observed damage 28 on magearna from appletun struggle (crit=False) not in the PS-exact roll set (nearest delta -3; max_roll 37)
i-0db500286d1272771	b003/g6/20260812T033903-l1-000043	struggle_damage	5	0	5	5	p1	14	observed damage 14 on snorlax from typhlosionhisui struggle (crit=False) not in the PS-exact roll set (nearest delta -2; max_roll 19)
i-0db500286d1272771	b004/g12/20260812T035147-l3-000069	struggle_damage	3	0	3	3	p1	138	observed damage 25 on cryogonal from screamtail struggle (crit=False) not in the PS-exact roll set (nearest delta -9; max_roll 41)
i-0db500286d1272771	b004/g15/20260812T035147-l2-000048	struggle_damage	2	0	2	2	p2	88	observed damage 30 on infernape from arboliva struggle (crit=False) not in the PS-exact roll set (nearest delta -6; max_roll 43)
i-0db500286d1272771	b004/g3/20260812T035147-l1-000073	struggle_damage	2	0	2	2	p2	96	observed damage 18 on arceusice from screamtail struggle (crit=False) not in the PS-exact roll set (nearest delta -4; max_roll 27)
i-0db500286d1272771	b004/g4/20260812T035147-l3-000031	struggle_damage	1	0	1	1	p2	106	observed damage 32 on wugtrio from arboliva struggle (crit=False) not in the PS-exact roll set (nearest delta -9; max_roll 49)
i-0db500286d1272771	b004/g5/20260812T035147-l1-000025	struggle_damage	2	0	2	2	p2	95	observed damage 4 on probopass from tropius struggle (crit=False) not in the PS-exact roll set (nearest delta -1; max_roll 7)
i-0db500286d1272771	b004/g9/20260812T035147-l1-000059	struggle_damage	1	0	1	1	p1	44	observed damage 5 on deoxysdefense from ironcrown struggle (crit=False) not in the PS-exact roll set (nearest delta -1; max_roll 8)
i-0db500286d1272771	b005/g9/20260812T040523-l3-000025	revival_blessing,ko_margin_soft	0	2	0	2	p2	13	observed heal on user but no branch heals it
i-0dc172ad87fd30d1a	b000/g11/20260812T042523-l3-000025	revival_blessing	1	0	0	1	p1	12	observed - atk on opp but no branch produces it
i-0dc172ad87fd30d1a	b000/g14/20260812T042523-l6-000073	struggle_damage	1	0	1	1	p2	85	observed damage 21 on clodsire from gholdengo struggle (crit=False) not in the PS-exact roll set (nearest delta -6; max_roll 32)
i-0dc172ad87fd30d1a	b000/g2/20260812T042523-l2-000037	ko_margin_soft	0	1	0	1	p1	46	observed - atk on user but no branch produces it [ko-margin]
i-0dc172ad87fd30d1a	b000/g2/20260812T042523-l4-000080	struggle_damage	1	0	1	1	p1	25	observed damage 8 on suicune from gothitelle struggle (crit=False) not in the PS-exact roll set (nearest delta -3; max_roll 13)
i-0dc172ad87fd30d1a	b000/g4/20260812T042523-l4-000054	struggle_damage	2	0	2	2	p1	108	observed damage 26 on volcanion from suicune struggle (crit=True) not in the PS-exact roll set (nearest delta -7; max_roll 39)
i-0dc172ad87fd30d1a	b000/g6/20260812T042523-l3-000068	ko_margin_soft	0	1	0	1	p2	17	observed + spe on opp but no branch produces it [ko-margin]
i-0dc172ad87fd30d1a	b000/g9/20260812T042523-l3-000028	struggle_damage	3	0	3	3	p2	108	observed damage 15 on tinglu from screamtail struggle (crit=False) not in the PS-exact roll set (nearest delta -5; max_roll 24)
i-0dc172ad87fd30d1a	b001/g11/20260812T043819-l5-000090	bellydrum_sitrus	0	1	0	1	p2	13	observed item loss (Sitrus Berry) on opp but no branch removes it
i-0dc172ad87fd30d1a	b001/g13/20260812T043819-l5-000010	bellydrum_sitrus	0	2	0	2	p1	3	observed item loss (Sitrus Berry) on opp but no branch removes it
i-0dc172ad87fd30d1a	b001/g14/20260812T043819-l3-000046	struggle_damage	1	0	1	1	p2	132	observed damage 38 on lunala from exeggutor struggle (crit=False) not in the PS-exact roll set (nearest delta -5; max_roll 51)
i-0dc172ad87fd30d1a	b001/g15/20260812T043819-l3-000009	other_categorical	2	0	0	2	p1+p2	8	observed item loss (Booster Energy) on user but no branch removes it
i-0dc172ad87fd30d1a	b001/g6/20260812T043819-l2-000074	struggle_damage	2	0	2	2	p1	17	observed damage 24 on grimmsnarl from deoxysdefense struggle (crit=False) not in the PS-exact roll set (nearest delta -9; max_roll 39)
i-0dc172ad87fd30d1a	b001/g6/20260812T043819-l4-000088	struggle_damage	3	0	3	3	p1	101	observed damage 11 on misdreavus from wigglytuff struggle (crit=False) not in the PS-exact roll set (nearest delta -3; max_roll 16)
i-0dc172ad87fd30d1a	b001/g8/20260812T043819-l4-000066	other_categorical	1	0	0	1	p1	28	observed volatile Heal Block start on opp but no branch applies it
i-0dc172ad87fd30d1a	b002/g1/20260812T045116-l5-000083	struggle_damage	1	0	1	1	p2	19	observed damage 15 on gogoat from hydrapple struggle (crit=False) not in the PS-exact roll set (nearest delta -2; max_roll 21)
i-0dc172ad87fd30d1a	b002/g12/20260812T045116-l1-000072	struggle_damage	1	0	1	1	p1	33	observed damage 19 on pyroar from chandelure struggle (crit=False) not in the PS-exact roll set (nearest delta -5; max_roll 29)
i-0dc172ad87fd30d1a	b002/g13/20260812T045116-l1-000083	struggle_damage	1	0	1	1	p2	97	observed damage 21 on lugia from sceptile struggle (crit=False) not in the PS-exact roll set (nearest delta -6; max_roll 32)
i-0dc172ad87fd30d1a	b002/g15/20260812T045116-l2-000016	bellydrum_sitrus	0	1	0	1	p1	8	observed item loss (Sitrus Berry) on opp but no branch removes it
i-0dc172ad87fd30d1a	b002/g3/20260812T045116-l6-000056	struggle_damage	1	0	1	1	p1	113	observed damage 7 on annihilape from suicune struggle (crit=False) not in the PS-exact roll set (nearest delta -1; max_roll 10)
i-0dc172ad87fd30d1a	b002/g6/20260812T045116-l2-000020	struggle_damage	1	0	1	1	p2	9	observed damage 6 on dunsparce from calyrexshadow struggle (crit=False) not in the PS-exact roll set (nearest delta -1; max_roll 9)
i-0dc172ad87fd30d1a	b002/g6/20260812T045116-l4-000004	struggle_damage	1	0	1	1	p1	33	observed damage 27 on spectrier from ursalunabloodmoon struggle (crit=False) not in the PS-exact roll set (nearest delta -7; max_roll 40)
i-0dc172ad87fd30d1a	b002/g7/20260812T045116-l1-000093	struggle_damage	1	0	1	1	p1	53	observed damage 15 on lunala from cresselia struggle (crit=False) not in the PS-exact roll set (nearest delta -6; max_roll 25)
i-0dc172ad87fd30d1a	b002/g8/20260812T045116-l1-000092	struggle_damage	1	0	1	1	p2	36	observed damage 19 on sinistchamasterpiece from hoopa struggle (crit=False) not in the PS-exact roll set (nearest delta -3; max_roll 27)
i-0dc172ad87fd30d1a	b003/g10/20260812T050439-l4-000077	other_categorical	0	1	0	1	p1	41	observed heal on user but no branch heals it
i-0dc172ad87fd30d1a	b003/g14/20260812T050439-l4-000033	other_damage_rollset	5	0	5	5	p1	31	observed damage 104 on fezandipiti from alcremiesaltedcream terablast (crit=False) not in the PS-exact roll set (nearest delta -34; max_roll 164)
i-0dc172ad87fd30d1a	b003/g15/20260812T050439-l2-000013	bellydrum_sitrus	0	1	0	1	p2	1	observed item loss (Sitrus Berry) on opp but no branch removes it
i-0dc172ad87fd30d1a	b003/g2/20260812T050439-l5-000073	bellydrum_sitrus	0	1	0	1	p2	30	observed brn on opp but no branch applies it [ko-margin]
i-0dc172ad87fd30d1a	b004/g0/20260812T051732-l5-000060	struggle_damage	5	0	5	5	p2	29	observed damage 36 on vaporeon from lapras struggle (crit=False) not in the PS-exact roll set (nearest delta -4; max_roll 48)
i-0dc172ad87fd30d1a	b004/g13/20260812T051732-l4-000080	bellydrum_sitrus	0	1	0	1	p1	34	observed heal on user but no branch heals it
i-0dc172ad87fd30d1a	b004/g14/20260812T051732-l2-000032	struggle_damage	1	0	1	1	p1	44	observed damage 25 on altaria from necrozma struggle (crit=False) not in the PS-exact roll set (nearest delta -5; max_roll 36)
i-0dc172ad87fd30d1a	b004/g15/20260812T051732-l5-000049	bellydrum_sitrus	0	1	0	1	p1	7	observed item loss (Sitrus Berry) on opp but no branch removes it
i-0dc172ad87fd30d1a	b005/g11/20260812T053058-l6-000006	struggle_damage	1	0	1	1	p2	9	observed damage 32 on froslass from phione struggle (crit=False) not in the PS-exact roll set (nearest delta -6; max_roll 45)
i-0dc172ad87fd30d1a	b005/g11/20260812T053058-l6-000059	ko_margin_soft	0	1	0	1	p2	19	observed slp on opp but no branch applies it [ko-margin]
i-0dc172ad87fd30d1a	b005/g13/20260812T053058-l2-000086	revival_blessing	2	0	0	2	p1	18	observed - def on user but no branch produces it
i-0dc172ad87fd30d1a	b005/g13/20260812T053058-l6-000079	struggle_damage	2	0	2	2	p1	10	observed damage 31 on florgesyellow from typhlosion struggle (crit=False) not in the PS-exact roll set (nearest delta -4; max_roll 42)
i-0dc172ad87fd30d1a	b005/g3/20260812T053058-l6-000046	struggle_damage	1	0	1	1	p1	80	observed damage 17 on sylveon from shaymin struggle (crit=False) not in the PS-exact roll set (nearest delta -2; max_roll 23)
i-0dc172ad87fd30d1a	b005/g8/20260812T053058-l6-000055	bellydrum_sitrus	0	1	0	1	p1	7	observed item loss (Sitrus Berry) on opp but no branch removes it
i-0dc172ad87fd30d1a	b005/g9/20260812T053058-l1-000045	revival_blessing	1	0	0	1	p2	11	observed side-condition spikes change on opp but no branch produces it
i-0dc172ad87fd30d1a	b006/g1/20260812T054437-l6-000055	struggle_damage	1	0	1	1	p2	6	observed damage 24 on froslass from vaporeon struggle (crit=False) not in the PS-exact roll set (nearest delta -5; max_roll 35)
i-0dc172ad87fd30d1a	b006/g10/20260812T054437-l1-000091	struggle_damage	2	0	2	2	p2	70	observed damage 17 on enamorustherian from wigglytuff struggle (crit=False) not in the PS-exact roll set (nearest delta -2; max_roll 23)
i-0dc172ad87fd30d1a	b006/g10/20260812T054437-l6-000027	struggle_damage	3	0	3	3	p1	74	observed damage 12 on slowbro from sceptile struggle (crit=False) not in the PS-exact roll set (nearest delta -2; max_roll 17)
i-0dc172ad87fd30d1a	b006/g13/20260812T054437-l5-000013	struggle_damage	1	0	1	1	p1	52	observed damage 17 on wigglytuff from fluttermane struggle (crit=False) not in the PS-exact roll set (nearest delta -7; max_roll 29)
i-0dc172ad87fd30d1a	b006/g14/20260812T054437-l1-000077	struggle_damage	3	0	3	3	p1	89	observed damage 33 on tinkaton from deoxysdefense struggle (crit=True) not in the PS-exact roll set (nearest delta -11; max_roll 52)
i-0dc172ad87fd30d1a	b006/g4/20260812T054437-l4-000050	bellydrum_sitrus	0	1	0	1	p1	14	observed item loss (Sitrus Berry) on opp but no branch removes it
i-0dc172ad87fd30d1a	b007/g1/20260812T055809-l4-000036	bellydrum_sitrus	0	2	0	2	p1	1	observed item loss (Sitrus Berry) on opp but no branch removes it
i-0dc172ad87fd30d1a	b007/g10/20260812T055809-l6-000081	other_damage_rollset	1	0	1	1	p1	20	observed damage 36 on umbreon from comfey terablast (crit=False) not in the PS-exact roll set (nearest delta -7; max_roll 52)
i-0dc172ad87fd30d1a	b007/g15/20260812T055809-l2-000068	struggle_damage	1	0	1	1	p1	101	observed damage 4 on dewgong from blissey struggle (crit=False) not in the PS-exact roll set (nearest delta -7; max_roll 13)
i-0dc172ad87fd30d1a	b007/g2/20260812T055809-l1-000077	bellydrum_sitrus	0	1	0	1	p2	25	observed item loss (Sitrus Berry) on opp but no branch removes it
i-0dc172ad87fd30d1a	b007/g3/20260812T055809-l4-000044	struggle_damage	18	0	18	18	p2	33	observed damage 27 on vaporeon from gardevoir struggle (crit=False) not in the PS-exact roll set (nearest delta -4; max_roll 37)
i-0dc172ad87fd30d1a	b007/g9/20260812T055809-l5-000053	revival_blessing	2	0	0	2	p1	17	observed + spa on user but no branch produces it
i-0dc172ad87fd30d1a	b008/g1/20260812T061125-l5-000073	revival_blessing	1	0	0	1	p2	11	observed - spa on user but no branch produces it
i-0dc172ad87fd30d1a	b008/g10/20260812T061125-l1-000047	struggle_damage	2	0	2	2	p2	91	observed damage 12 on bastiodon from skeledirge struggle (crit=False) not in the PS-exact roll set (nearest delta -2; max_roll 17)
i-0dc172ad87fd30d1a	b008/g10/20260812T061125-l5-000075	struggle_damage	1	0	1	1	p1	30	observed damage 16 on chimecho from chandelure struggle (crit=False) not in the PS-exact roll set (nearest delta -6; max_roll 26)
i-0dc172ad87fd30d1a	b008/g10/20260812T061125-l6-000051	other_damage_rollset	2	0	2	2	p1	7	observed damage 162 on dragalge from necrozmadawnwings photongeyser (crit=False) not in the PS-exact roll set (nearest delta -8; max_roll 204)
i-0dc172ad87fd30d1a	b008/g4/20260812T061125-l4-000089	bellydrum_sitrus	0	1	0	1	p1	32	observed item loss (Sitrus Berry) on opp but no branch removes it
i-0dc172ad87fd30d1a	b008/g5/20260812T061125-l1-000033	struggle_damage	1	0	1	1	p1	134	observed damage 26 on florgesblue from umbreon struggle (crit=False) not in the PS-exact roll set (nearest delta -3; max_roll 35)
i-0dc172ad87fd30d1a	b008/g6/20260812T061125-l6-000088	revival_blessing	1	0	0	1	p2	13	observed side-condition stickyweb change on opp but no branch produces it
i-0dc172ad87fd30d1a	b008/g9/20260812T061125-l5-000070	struggle_damage	4	0	4	4	p2	90	observed damage 18 on tropius from chimecho struggle (crit=False) not in the PS-exact roll set (nearest delta -7; max_roll 30)
i-0dc172ad87fd30d1a	b009/g11/20260812T062446-l2-000032	other_categorical	0	1	0	1	p2	22	observed heal on user but no branch heals it
i-0dc172ad87fd30d1a	b009/g7/20260812T062446-l2-000032	struggle_damage	1	0	1	1	p1	35	observed damage 18 on lokix from miraidon struggle (crit=False) not in the PS-exact roll set (nearest delta -3; max_roll 25)
i-0dcdf2d247abc141b	b000/g15/20260812T025430-l4-000004	struggle_damage	3	0	3	3	p1	50	observed damage 23 on suicune from lapras struggle (crit=False) not in the PS-exact roll set (nearest delta -4; max_roll 32)
i-0dcdf2d247abc141b	b000/g6/20260812T025430-l2-000015	struggle_damage	2	0	2	2	p1	36	observed damage 18 on altaria from delphox struggle (crit=False) not in the PS-exact roll set (nearest delta -6; max_roll 29)
i-0dcdf2d247abc141b	b000/g7/20260812T025430-l2-000092	struggle_damage	1	0	1	1	p2	63	observed damage 39 on vaporeon from palkia struggle (crit=False) not in the PS-exact roll set (nearest delta -2; max_roll 49)
i-0dcdf2d247abc141b	b000/g7/20260812T025430-l6-000042	struggle_damage	1	0	1	1	p1	83	observed damage 23 on palkia from venusaur struggle (crit=False) not in the PS-exact roll set (nearest delta -6; max_roll 35)
i-0dcdf2d247abc141b	b000/g8/20260812T025430-l4-000088	struggle_damage	1	0	1	1	p1	17	observed damage 18 on dialga from rotomwash struggle (crit=False) not in the PS-exact roll set (nearest delta -4; max_roll 26)
i-0dcdf2d247abc141b	b001/g0/20260812T030721-l4-000004	other_categorical	2	0	0	2	p2	18	observed - def on opp but no branch produces it
i-0dcdf2d247abc141b	b001/g1/20260812T030721-l5-000079	struggle_damage	1	0	1	1	p1	25	observed damage 27 on florgesorange from ludicolo struggle (crit=False) not in the PS-exact roll set (nearest delta -9; max_roll 43)
i-0dcdf2d247abc141b	b001/g11/20260812T030721-l6-000019	struggle_damage	1	0	1	1	p2	27	observed damage 21 on polteageistantique from tornadus struggle (crit=False) not in the PS-exact roll set (nearest delta -3; max_roll 29)
i-0dcdf2d247abc141b	b001/g5/20260812T030721-l2-000002	other_categorical	1	0	0	1	p1	24	observed item loss (Heavy-Duty Boots) on opp but no branch removes it
i-0dcdf2d247abc141b	b001/g8/20260812T030721-l3-000034	struggle_damage	1	0	1	1	p2	5	observed damage 11 on slaking from fluttermane struggle (crit=False) not in the PS-exact roll set (nearest delta -5; max_roll 19)
i-0dcdf2d247abc141b	b001/g9/20260812T030721-l3-000039	bellydrum_sitrus	0	2	0	2	p1	1	observed item loss (Sitrus Berry) on opp but no branch removes it
i-0dcdf2d247abc141b	b002/g10/20260812T032031-l2-000074	bellydrum_sitrus	0	1	0	1	p1	25	observed item loss (Sitrus Berry) on opp but no branch removes it
i-0dcdf2d247abc141b	b002/g10/20260812T032031-l3-000007	struggle_damage	1	0	1	1	p2	56	observed damage 22 on froslass from sylveon struggle (crit=False) not in the PS-exact roll set (nearest delta -7; max_roll 35)
i-0dcdf2d247abc141b	b002/g14/20260812T032031-l5-000005	struggle_damage	2	0	2	2	p1	87	observed damage 19 on bellibolt from chimecho struggle (crit=False) not in the PS-exact roll set (nearest delta -6; max_roll 30)
i-0dcdf2d247abc141b	b002/g15/20260812T032031-l6-000081	struggle_damage	2	0	2	2	p1	109	observed damage 7 on vigoroth from chimecho struggle (crit=False) not in the PS-exact roll set (nearest delta -3; max_roll 12)
i-0dcdf2d247abc141b	b003/g12/20260812T033338-l6-000067	struggle_damage	1	0	1	1	p1	24	observed damage 24 on articuno from typhlosion struggle (crit=False) not in the PS-exact roll set (nearest delta -2; max_roll 31)
i-0dcdf2d247abc141b	b003/g14/20260812T033338-l1-000088	bellydrum_sitrus	0	2	0	2	p1	33	observed item loss (Sitrus Berry) on opp but no branch removes it
i-0dcdf2d247abc141b	b003/g15/20260812T033338-l5-000055	struggle_damage	1	0	1	1	p1	99	observed damage 17 on hydrapple from chimecho struggle (crit=False) not in the PS-exact roll set (nearest delta -5; max_roll 26)
i-0dcdf2d247abc141b	b003/g3/20260812T033338-l1-000007	struggle_damage	3	0	3	3	p1	18	observed damage 30 on gastrodon from hydreigon struggle (crit=False) not in the PS-exact roll set (nearest delta -6; max_roll 43)
i-0dcdf2d247abc141b	b003/g6/20260812T033338-l5-000080	struggle_damage	1	0	1	1	p1	96	observed damage 24 on bellibolt from vileplume struggle (crit=False) not in the PS-exact roll set (nearest delta -5; max_roll 35)
i-0dcdf2d247abc141b	b004/g0/20260812T034650-l3-000020	struggle_damage	1	0	1	1	p1	11	observed damage 21 on alcremielemoncream from delphox struggle (crit=False) not in the PS-exact roll set (nearest delta -6; max_roll 32)
i-0dcdf2d247abc141b	b004/g11/20260812T034650-l1-000032	struggle_damage	1	0	1	1	p1	117	observed damage 21 on decidueye from umbreon struggle (crit=False) not in the PS-exact roll set (nearest delta -6; max_roll 32)
i-0dcdf2d247abc141b	b004/g14/20260812T034650-l2-000021	struggle_damage	2	0	2	2	p2	130	observed damage 2 on misdreavus from blissey struggle (crit=False) not in the PS-exact roll set (nearest delta -2; max_roll 5)
i-0dcdf2d247abc141b	b004/g5/20260812T034650-l2-000061	bellydrum_sitrus	0	1	0	1	p2	22	observed item loss (Sitrus Berry) on opp but no branch removes it
i-0dcdf2d247abc141b	b004/g6/20260812T034650-l2-000057	struggle_damage	2	0	2	2	p1	34	observed damage 16 on hariyama from tropius struggle (crit=False) not in the PS-exact roll set (nearest delta -3; max_roll 22)
i-0dcdf2d247abc141b	b004/g7/20260812T034650-l2-000049	ko_margin_soft	0	2	0	2	p1	63	observed slp on opp but no branch applies it [ko-margin]
i-0dcdf2d247abc141b	b004/g7/20260812T034650-l5-000005	bellydrum_sitrus	0	2	0	2	p1	12	observed item loss (Sitrus Berry) on opp but no branch removes it
i-0dcdf2d247abc141b	b004/g9/20260812T034650-l4-000016	struggle_damage	2	0	2	2	p2	97	observed damage 10 on avalugghisui from screamtail struggle (crit=False) not in the PS-exact roll set (nearest delta -3; max_roll 16)
i-0dcdf2d247abc141b	b004/g9/20260812T034650-l5-000019	bellydrum_sitrus	0	2	0	2	p1	15	observed item loss (Sitrus Berry) on opp but no branch removes it
i-0dcec37c240ba5671	b000/g10/20260812T042524-l2-000080	struggle_damage	1	0	1	1	p2	26	observed damage 28 on terrakion from volcanion struggle (crit=False) not in the PS-exact roll set (nearest delta -6; max_roll 40)
i-0dcec37c240ba5671	b000/g11/20260812T042524-l1-000063	struggle_damage	3	0	3	3	p2	109	observed damage 5 on typhlosionhisui from blissey struggle (crit=False) not in the PS-exact roll set (nearest delta -7; max_roll 15)
i-0dcec37c240ba5671	b000/g14/20260812T042524-l5-000081	struggle_damage	1	0	1	1	p2	31	observed damage 52 on raichualola from hoopa struggle (crit=False) not in the PS-exact roll set (nearest delta -2; max_roll 64)
i-0dcec37c240ba5671	b000/g15/20260812T042524-l3-000023	bellydrum_sitrus	0	1	0	1	p2	6	observed item loss (Sitrus Berry) on opp but no branch removes it
i-0dcec37c240ba5671	b000/g3/20260812T042524-l3-000047	revival_blessing	1	0	0	1	p1	21	observed + atk on user but no branch produces it
i-0dcec37c240ba5671	b000/g5/20260812T042524-l5-000084	other_categorical,ko_margin_soft	1	4	0	5	p2	35	observed volatile Substitute end on user but no branch removes it
i-0dcec37c240ba5671	b000/g6/20260812T042524-l6-000056	struggle_damage	1	0	1	1	p2	17	observed damage 16 on gothitelle from indeedeef struggle (crit=False) not in the PS-exact roll set (nearest delta -6; max_roll 27)
i-0dcec37c240ba5671	b000/g7/20260812T042524-l4-000063	struggle_damage	1	0	1	1	p1	122	observed damage 22 on sableye from umbreon struggle (crit=False) not in the PS-exact roll set (nearest delta -5; max_roll 32)
i-0dcec37c240ba5671	b000/g8/20260812T042524-l1-000029	struggle_damage	3	0	3	3	p1	83	observed damage 9 on bellossom from clefable struggle (crit=False) not in the PS-exact roll set (nearest delta -1; max_roll 12)
i-0dcec37c240ba5671	b000/g8/20260812T042524-l2-000038	ko_margin_soft	0	1	0	1	p1	39	observed tox on user but no branch applies it [ko-margin]
i-0dcec37c240ba5671	b000/g8/20260812T042524-l5-000061	ko_margin_soft	0	1	0	1	p1	25	observed + spe on opp but no branch produces it [ko-margin]
i-0dcec37c240ba5671	b000/g9/20260812T042524-l6-000032	struggle_damage	1	0	1	1	p2	26	observed damage 35 on tsareena from scovillain struggle (crit=False) not in the PS-exact roll set (nearest delta -2; max_roll 44)
i-0dcec37c240ba5671	b001/g10/20260812T043845-l6-000070	struggle_damage	3	0	3	3	p2	158	observed damage 20 on qwilfish from screamtail struggle (crit=False) not in the PS-exact roll set (nearest delta -5; max_roll 30)
i-0dcec37c240ba5671	b001/g15/20260812T043845-l3-000050	bellydrum_sitrus	0	2	0	2	p2	10	observed item loss (Sitrus Berry) on opp but no branch removes it
i-0dcec37c240ba5671	b001/g15/20260812T043845-l3-000069	revival_blessing	1	0	0	1	p2	7	observed + def on user but no branch produces it
i-0dcec37c240ba5671	b001/g15/20260812T043845-l5-000005	bellydrum_sitrus	0	1	0	1	p2	1	observed item loss (Sitrus Berry) on opp but no branch removes it
i-0dcec37c240ba5671	b001/g3/20260812T043845-l2-000023	struggle_damage	1	0	1	1	p1	29	observed damage 6 on arceuspsychic from calyrexshadow struggle (crit=False) not in the PS-exact roll set (nearest delta -1; max_roll 9)
i-0dcec37c240ba5671	b001/g7/20260812T043845-l2-000068	struggle_damage	1	0	1	1	p1	94	observed damage 8 on ironthorns from chimecho struggle (crit=False) not in the PS-exact roll set (nearest delta -3; max_roll 13)
i-0dcec37c240ba5671	b002/g12/20260812T045627-l4-000023	struggle_damage	1	0	1	1	p1	118	observed damage 23 on hooh from deoxysdefense struggle (crit=False) not in the PS-exact roll set (nearest delta -7; max_roll 36)
i-0dcec37c240ba5671	b002/g13/20260812T045627-l1-000025	bellydrum_sitrus	0	2	0	2	p1	1	observed item loss (Sitrus Berry) on opp but no branch removes it
i-0dcec37c240ba5671	b002/g13/20260812T045627-l2-000073	bellydrum_sitrus	0	1	0	1	p2	13	observed item loss (Sitrus Berry) on opp but no branch removes it
i-0dcec37c240ba5671	b002/g14/20260812T045627-l1-000066	ko_margin_soft	0	1	0	1	p2	13	observed + spe on opp but no branch produces it [ko-margin]
i-0dcec37c240ba5671	b002/g14/20260812T045627-l4-000069	struggle_damage	3	0	3	3	p2	96	observed damage 24 on seviper from chimecho struggle (crit=False) not in the PS-exact roll set (nearest delta -6; max_roll 36)
i-0dcec37c240ba5671	b002/g7/20260812T045627-l1-000061	struggle_damage	1	0	1	1	p1	98	observed damage 29 on farigiraf from palossand struggle (crit=False) not in the PS-exact roll set (nearest delta -5; max_roll 40)
i-0dcec37c240ba5671	b003/g0/20260812T050939-l1-000090	struggle_damage	2	0	2	2	p2	90	observed damage 5 on skarmory from electrodehisui struggle (crit=False) not in the PS-exact roll set (nearest delta -1; max_roll 8)
i-0dcec37c240ba5671	b003/g0/20260812T050939-l6-000057	struggle_damage	1	0	1	1	p1	155	observed damage 11 on regirock from suicune struggle (crit=False) not in the PS-exact roll set (nearest delta -3; max_roll 17)
i-0dcec37c240ba5671	b003/g13/20260812T050939-l6-000036	bellydrum_sitrus	0	1	0	1	p2	2	observed item loss (Sitrus Berry) on opp but no branch removes it
i-0dcec37c240ba5671	b003/g3/20260812T050939-l6-000057	struggle_damage	1	0	1	1	p2	75	observed damage 16 on tinkaton from screamtail struggle (crit=False) not in the PS-exact roll set (nearest delta -3; max_roll 23)
i-0dcec37c240ba5671	b003/g6/20260812T050939-l1-000088	struggle_damage	2	0	2	2	p1	22	observed damage 21 on umbreon from hydrapple struggle (crit=False) not in the PS-exact roll set (nearest delta -3; max_roll 29)
i-0dcec37c240ba5671	b003/g6/20260812T050939-l5-000075	other_categorical	2	0	0	2	p1+p2	3	observed item loss (Booster Energy) on opp but no branch removes it
i-0dcec37c240ba5671	b003/g8/20260812T050939-l3-000038	struggle_damage	1	0	1	1	p1	65	observed damage 17 on giratina from gardevoir struggle (crit=False) not in the PS-exact roll set (nearest delta -5; max_roll 26)
i-0dcec37c240ba5671	b003/g9/20260812T050939-l2-000064	struggle_damage	2	0	2	2	p1	110	observed damage 27 on screamtail from reuniclus struggle (crit=False) not in the PS-exact roll set (nearest delta -5; max_roll 39)
i-0dcec37c240ba5671	b004/g10/20260812T052301-l3-000040	struggle_damage	3	0	3	3	p1+p2	93	observed damage 22 on alcremierubyswirl from sylveon struggle (crit=False) not in the PS-exact roll set (nearest delta -5; max_roll 32)
i-0dcec37c240ba5671	b004/g12/20260812T052301-l4-000021	struggle_damage	1	0	1	1	p1	48	observed damage 14 on glaceon from indeedee struggle (crit=False) not in the PS-exact roll set (nearest delta -5; max_roll 23)
i-0dcec37c240ba5671	b004/g13/20260812T052301-l1-000051	struggle_damage	1	0	1	1	p2	48	observed damage 16 on metagross from ragingbolt struggle (crit=False) not in the PS-exact roll set (nearest delta -2; max_roll 22)
i-0dcec37c240ba5671	b004/g13/20260812T052301-l1-000088	revival_blessing	3	0	0	3	p1	11	observed + atk on user but no branch produces it
i-0dcec37c240ba5671	b004/g13/20260812T052301-l4-000021	struggle_damage	1	0	1	1	p2	32	observed damage 20 on trevenant from delphox struggle (crit=False) not in the PS-exact roll set (nearest delta -7; max_roll 32)
i-0dcec37c240ba5671	b004/g2/20260812T052301-l3-000050	struggle_damage	4	0	4	4	p1	159	observed damage 61 on blissey from vaporeon struggle (crit=False) not in the PS-exact roll set (nearest delta -14; max_roll 89)
i-0dcec37c240ba5671	b004/g4/20260812T052301-l4-000037	ko_margin_soft	0	3	0	3	p2	39	observed slp on opp but no branch applies it [ko-margin]
i-0dcec37c240ba5671	b004/g5/20260812T052301-l1-000016	bellydrum_sitrus	1	1	0	2	p1	24	observed item loss (Sitrus Berry) on opp but no branch removes it
i-0dcec37c240ba5671	b004/g6/20260812T052301-l5-000042	revival_blessing	1	0	0	1	p1	30	observed item loss (Heavy-Duty Boots) on opp but no branch removes it
i-0dcec37c240ba5671	b004/g7/20260812T052301-l3-000086	struggle_damage	1	0	1	1	p2	47	observed damage 19 on illumise from bastiodon struggle (crit=False) not in the PS-exact roll set (nearest delta -6; max_roll 30)
i-0dcec37c240ba5671	b005/g10/20260812T053636-l4-000025	bellydrum_sitrus	0	1	0	1	p2	13	observed item loss (Sitrus Berry) on opp but no branch removes it
i-0dcec37c240ba5671	b005/g13/20260812T053636-l2-000051	other_damage_rollset	1	0	1	1	p2	26	observed damage 69 on grimmsnarl from bellossom terablast (crit=False) not in the PS-exact roll set (nearest delta -15; max_roll 100)
i-0dcec37c240ba5671	b005/g13/20260812T053636-l6-000020	struggle_damage	1	0	1	1	p1	25	observed damage 29 on ogerponwellspring from ludicolo struggle (crit=False) not in the PS-exact roll set (nearest delta -5; max_roll 41)
i-0dcec37c240ba5671	b005/g4/20260812T053636-l5-000037	struggle_damage	1	0	1	1	p2	90	observed damage 17 on umbreon from chimecho struggle (crit=False) not in the PS-exact roll set (nearest delta -5; max_roll 26)
i-0dcec37c240ba5671	b006/g0/20260812T055024-l5-000062	struggle_damage	2	0	2	2	p2	32	observed damage 27 on gholdengo from palkia struggle (crit=False) not in the PS-exact roll set (nearest delta -6; max_roll 39)
i-0dcec37c240ba5671	b006/g11/20260812T055024-l2-000067	struggle_damage	3	0	3	3	p1	103	observed damage 4 on bastiodon from giratina struggle (crit=False) not in the PS-exact roll set (nearest delta -1; max_roll 6)
i-0dcec37c240ba5671	b006/g12/20260812T055024-l3-000009	struggle_damage	1	0	1	1	p1	43	observed damage 19 on klefki from cresselia struggle (crit=False) not in the PS-exact roll set (nearest delta -4; max_roll 28)
i-0dcec37c240ba5671	b006/g14/20260812T055024-l2-000043	struggle_damage	1	0	1	1	p1	102	observed damage 17 on umbreon from umbreon struggle (crit=False) not in the PS-exact roll set (nearest delta -4; max_roll 25)
i-0dcec37c240ba5671	b006/g14/20260812T055024-l2-000057	bellydrum_sitrus	0	1	0	1	p1	16	observed item loss (Sitrus Berry) on opp but no branch removes it
i-0dcec37c240ba5671	b006/g3/20260812T055024-l5-000067	bellydrum_sitrus	0	1	0	1	p2	16	observed item loss (Sitrus Berry) on opp but no branch removes it
i-0dcec37c240ba5671	b006/g6/20260812T055024-l2-000067	struggle_damage	1	0	1	1	p2	26	observed damage 17 on screamtail from gengar struggle (crit=False) not in the PS-exact roll set (nearest delta -5; max_roll 26)
i-0dcec37c240ba5671	b006/g9/20260812T055024-l1-000065	struggle_damage	1	0	1	1	p2	31	observed damage 15 on oinkologne from fluttermane struggle (crit=False) not in the PS-exact roll set (nearest delta -3; max_roll 22)
i-0dcec37c240ba5671	b007/g7/20260812T060550-l2-000002	struggle_damage	1	0	1	1	p2	13	observed damage 67 on blissey from kyogre struggle (crit=False) not in the PS-exact roll set (nearest delta -5; max_roll 85)
i-0dcec37c240ba5671	b008/g0/20260812T061958-l1-000053	struggle_damage	1	0	1	1	p2	32	observed damage 16 on bellossom from typhlosion struggle (crit=False) not in the PS-exact roll set (nearest delta -3; max_roll 23)
i-0dcec37c240ba5671	b008/g1/20260812T061958-l1-000082	bellydrum_sitrus	0	1	0	1	p2	27	observed heal on opp but no branch heals it
i-0dcec37c240ba5671	b008/g11/20260812T061958-l6-000090	bellydrum_sitrus	1	0	0	1	p1	5	observed volatile confusion start on opp but no branch applies it
i-0dcec37c240ba5671	b008/g14/20260812T061958-l3-000022	struggle_damage	1	0	1	1	p1	27	observed damage 23 on ironcrown from shayminsky struggle (crit=False) not in the PS-exact roll set (nearest delta -3; max_roll 31)
i-0dcec37c240ba5671	b008/g15/20260812T061958-l3-000051	struggle_damage	4	0	4	4	p1+p2	90	observed damage 4 on carbink from giratina struggle (crit=False) not in the PS-exact roll set (nearest delta -1; max_roll 6)
i-0dcec37c240ba5671	b008/g2/20260812T061958-l3-000080	struggle_damage	3	0	3	3	p2	76	observed damage 4 on bastiodon from tropius struggle (crit=False) not in the PS-exact roll set (nearest delta -1; max_roll 6)
i-0dcec37c240ba5671	b008/g2/20260812T061958-l4-000033	bellydrum_sitrus	0	1	0	1	p1	4	observed item loss (Sitrus Berry) on opp but no branch removes it
i-0dcec37c240ba5671	b008/g4/20260812T061958-l5-000007	bellydrum_sitrus	0	1	0	1	p2	4	observed item loss (Sitrus Berry) on opp but no branch removes it
i-0dcec37c240ba5671	b008/g5/20260812T061958-l5-000030	revival_blessing	2	0	0	2	p2	12	observed - def on user but no branch produces it
i-0dcec37c240ba5671	b008/g6/20260812T061958-l5-000043	revival_blessing	2	0	0	2	p1	15	observed tox on opp but no branch applies it
i-0dcec37c240ba5671	b008/g7/20260812T061958-l3-000032	struggle_damage	2	0	2	2	p1	80	observed damage 24 on slowkinggalar from vileplume struggle (crit=False) not in the PS-exact roll set (nearest delta -8; max_roll 38)
i-0dcec37c240ba5671	b009/g8/20260812T063312-l1-000037	struggle_damage	4	0	4	4	p1+p2	90	observed damage 17 on umbreon from deoxysdefense struggle (crit=False) not in the PS-exact roll set (nearest delta -5; max_roll 26)
i-0df73ea55b899c9c7	b000/g1/20260812T065011-l3-000042	struggle_damage	1	0	1	1	p2	83	observed damage 8 on suicune from umbreon struggle (crit=False) not in the PS-exact roll set (nearest delta -2; max_roll 12)
i-0df73ea55b899c9c7	b000/g7/20260812T065011-l6-000035	other_categorical	0	2	0	2	p1+p2	113	observed heal on user but no branch heals it
i-0e0821282ede6fb09	b000/g10/20260812T065005-l6-000021	struggle_damage	1	0	1	1	p1	97	observed damage 20 on slowbrogalar from arboliva struggle (crit=False) not in the PS-exact roll set (nearest delta -8; max_roll 33)
i-0e0821282ede6fb09	b000/g8/20260812T065005-l2-000036	struggle_damage	1	0	1	1	p2	130	observed damage 12 on alomomola from vileplume struggle (crit=False) not in the PS-exact roll set (nearest delta -3; max_roll 18)
i-0e2355a00e636fd53	b000/g11/20260812T065018-l1-000036	struggle_damage	1	0	1	1	p1	80	observed damage 14 on umbreon from eternatus struggle (crit=False) not in the PS-exact roll set (nearest delta -3; max_roll 21)
i-0e2355a00e636fd53	b000/g6/20260812T065018-l5-000046	struggle_damage	4	0	4	4	p1+p2	90	observed damage 20 on alcremierainbowswirl from chimecho struggle (crit=False) not in the PS-exact roll set (nearest delta -7; max_roll 32)
i-0e2cd855473877d27	b000/g1/20260812T042529-l3-000042	ko_margin_soft	0	1	0	1	p1	14	observed slp on opp but no branch applies it [ko-margin]
i-0e2cd855473877d27	b000/g2/20260812T042529-l5-000021	ko_margin_soft	0	2	0	2	p1	66	observed + spa on opp but no branch produces it [ko-margin]
i-0e2cd855473877d27	b000/g5/20260812T042529-l1-000093	struggle_damage	1	0	1	1	p2	101	observed damage 25 on slowbrogalar from sceptile struggle (crit=False) not in the PS-exact roll set (nearest delta -4; max_roll 35)
i-0e2cd855473877d27	b001/g3/20260812T043833-l3-000003	struggle_damage	1	0	1	1	p2	94	observed damage 33 on regidrago from cresselia struggle (crit=False) not in the PS-exact roll set (nearest delta -6; max_roll 46)
i-0e2cd855473877d27	b001/g8/20260812T043833-l6-000070	struggle_damage	2	0	2	2	p2	5	observed damage 22 on vespiquen from palkia struggle (crit=False) not in the PS-exact roll set (nearest delta -2; max_roll 29)
i-0e2cd855473877d27	b001/g9/20260812T043833-l6-000033	struggle_damage	2	0	2	2	p1	92	observed damage 21 on ursalunabloodmoon from lapras struggle (crit=False) not in the PS-exact roll set (nearest delta -6; max_roll 32)
i-0e2cd855473877d27	b002/g0/20260812T045207-l5-000018	struggle_damage	1	0	1	1	p1	112	observed damage 8 on snorlax from pecharunt struggle (crit=False) not in the PS-exact roll set (nearest delta -2; max_roll 12)
i-0e2cd855473877d27	b002/g1/20260812T045207-l4-000046	bellydrum_sitrus	0	1	0	1	p2	48	observed item loss (Sitrus Berry) on opp but no branch removes it
i-0e2cd855473877d27	b002/g10/20260812T045207-l3-000013	struggle_damage	2	0	2	2	p1	81	observed damage 25 on lanturn from appletun struggle (crit=True) not in the PS-exact roll set (nearest delta -8; max_roll 39)
i-0e2cd855473877d27	b002/g11/20260812T045207-l1-000079	struggle_damage	3	0	3	3	p1	96	observed damage 18 on jirachi from slowkinggalar struggle (crit=False) not in the PS-exact roll set (nearest delta -6; max_roll 29)
i-0e2cd855473877d27	b002/g13/20260812T045207-l4-000056	struggle_damage	1	0	1	1	p2	41	observed damage 24 on slowkinggalar from latios struggle (crit=False) not in the PS-exact roll set (nearest delta -5; max_roll 35)
i-0e2cd855473877d27	b002/g14/20260812T045207-l2-000083	ko_margin_soft	0	1	0	1	p1	43	observed slp on user but no branch applies it [ko-margin]
i-0e2cd855473877d27	b002/g2/20260812T045207-l3-000089	struggle_damage	1	0	1	1	p2	9	observed damage 29 on latias from volcanion struggle (crit=False) not in the PS-exact roll set (nearest delta -5; max_roll 40)
i-0e2cd855473877d27	b002/g2/20260812T045207-l3-000092	other_categorical	0	1	0	1	p2	18	observed item loss (Sitrus Berry) on user but no branch removes it
i-0e2cd855473877d27	b002/g4/20260812T045207-l3-000041	ko_margin_soft	0	1	0	1	p1	18	observed par on opp but no branch applies it [ko-margin]
i-0e2cd855473877d27	b002/g5/20260812T045207-l3-000078	struggle_damage	3	0	3	3	p2	93	observed damage 19 on rhyperior from arboliva struggle (crit=False) not in the PS-exact roll set (nearest delta -3; max_roll 27)
i-0e2cd855473877d27	b002/g6/20260812T045207-l5-000005	struggle_damage	2	0	2	2	p1	103	observed damage 7 on tinglu from cresselia struggle (crit=False) not in the PS-exact roll set (nearest delta -1; max_roll 10)
i-0e2cd855473877d27	b003/g1/20260812T050551-l1-000024	struggle_damage	2	0	2	2	p2	122	observed damage 4 on umbreon from blissey struggle (crit=False) not in the PS-exact roll set (nearest delta -6; max_roll 12)
i-0e2cd855473877d27	b003/g15/20260812T050551-l4-000049	bellydrum_sitrus	0	1	0	1	p2	1	observed heal on opp but no branch heals it
i-0e2cd855473877d27	b003/g2/20260812T050551-l1-000043	struggle_damage	5	0	5	5	p1+p2	77	observed damage 29 on vileplume from sceptile struggle (crit=False) not in the PS-exact roll set (nearest delta -3; max_roll 38)
i-0e2cd855473877d27	b003/g3/20260812T050551-l4-000009	struggle_damage	1	0	1	1	p2	37	observed damage 21 on hypno from lugia struggle (crit=False) not in the PS-exact roll set (nearest delta -4; max_roll 30)
i-0e2cd855473877d27	b004/g0/20260812T052223-l5-000087	struggle_damage	1	0	1	1	p2	78	observed damage 27 on snorlax from skeledirge struggle (crit=False) not in the PS-exact roll set (nearest delta -4; max_roll 37)
i-0e2cd855473877d27	b004/g10/20260812T052223-l5-000005	struggle_damage	3	0	3	3	p1	118	observed damage 6 on cresselia from deoxysdefense struggle (crit=False) not in the PS-exact roll set (nearest delta -1; max_roll 9)
i-0e2cd855473877d27	b004/g11/20260812T052223-l6-000052	struggle_damage	1	0	1	1	p1	115	observed damage 23 on mewtwo from suicune struggle (crit=False) not in the PS-exact roll set (nearest delta -6; max_roll 35)
i-0e2cd855473877d27	b004/g2/20260812T052223-l5-000055	struggle_damage	2	0	2	2	p1	105	observed damage 22 on toucannon from alcremiecaramelswirl struggle (crit=False) not in the PS-exact roll set (nearest delta -7; max_roll 35)
i-0e2cd855473877d27	b004/g4/20260812T052223-l1-000050	ko_margin_soft	0	1	0	1	p2	11	observed + spe on opp but no branch produces it [ko-margin]
i-0e2cd855473877d27	b004/g4/20260812T052223-l3-000075	struggle_damage	2	0	2	2	p2	31	observed damage 36 on vaporeon from volcanion struggle (crit=False) not in the PS-exact roll set (nearest delta -5; max_roll 49)
i-0e2cd855473877d27	b004/g8/20260812T052223-l6-000032	struggle_damage	1	0	1	1	p2	185	observed damage 16 on alomomola from latias struggle (crit=False) not in the PS-exact roll set (nearest delta -1; max_roll 21)
i-0e2cd855473877d27	b005/g1/20260812T053721-l3-000040	struggle_damage	1	0	1	1	p1	44	observed damage 18 on girafarig from raikou struggle (crit=False) not in the PS-exact roll set (nearest delta -4; max_roll 27)
i-0e2cd855473877d27	b005/g11/20260812T053721-l4-000062	struggle_damage	3	0	3	3	p2	85	observed damage 3 on deoxysdefense from blissey struggle (crit=False) not in the PS-exact roll set (nearest delta -4; max_roll 9)
i-0e2cd855473877d27	b005/g11/20260812T053721-l5-000038	bellydrum_sitrus	0	1	0	1	p1	1	observed heal on opp but no branch heals it
i-0e2cd855473877d27	b005/g2/20260812T053721-l6-000076	bellydrum_sitrus	1	1	0	2	p2	20	observed item loss (Sitrus Berry) on opp but no branch removes it
i-0e2cd855473877d27	b005/g3/20260812T053721-l3-000016	struggle_damage	1	0	1	1	p2	59	observed damage 13 on ursaring from mismagius struggle (crit=False) not in the PS-exact roll set (nearest delta -5; max_roll 22)
i-0e2cd855473877d27	b005/g6/20260812T053721-l3-000079	struggle_damage	3	0	3	3	p2	49	observed damage 19 on comfey from latias struggle (crit=False) not in the PS-exact roll set (nearest delta -6; max_roll 30)
i-0e2cd855473877d27	b005/g8/20260812T053721-l6-000016	revival_blessing	1	0	0	1	p2	20	observed tox on opp but no branch applies it
i-0e2cd855473877d27	b005/g9/20260812T053721-l1-000089	struggle_damage	3	0	3	3	p2	87	observed damage 24 on giratina from phione struggle (crit=False) not in the PS-exact roll set (nearest delta -5; max_roll 35)
i-0e2cd855473877d27	b006/g12/20260812T055039-l2-000014	struggle_damage	1	0	1	1	p2	53	observed damage 35 on greninja from raichu struggle (crit=False) not in the PS-exact roll set (nearest delta -9; max_roll 52)
i-0e2cd855473877d27	b006/g12/20260812T055039-l6-000006	struggle_damage	2	0	2	2	p1	45	observed damage 22 on suicune from lumineon struggle (crit=False) not in the PS-exact roll set (nearest delta -4; max_roll 31)
i-0e2cd855473877d27	b006/g15/20260812T055039-l3-000021	struggle_damage	2	0	2	2	p2	80	observed damage 29 on quagsire from shaymin struggle (crit=False) not in the PS-exact roll set (nearest delta -4; max_roll 39)
i-0e2cd855473877d27	b006/g15/20260812T055039-l6-000042	struggle_damage	1	0	1	1	p2	111	observed damage 4 on misdreavus from blissey struggle (crit=False) not in the PS-exact roll set (nearest delta -5; max_roll 11)
i-0e2cd855473877d27	b006/g2/20260812T055038-l4-000079	struggle_damage	2	0	2	2	p2	83	observed damage 36 on snorlax from skeledirge struggle (crit=True) not in the PS-exact roll set (nearest delta -10; max_roll 55)
i-0e2cd855473877d27	b006/g2/20260812T055038-l6-000075	struggle_damage	2	0	2	2	p1	129	observed damage 25 on swanna from sylveon struggle (crit=False) not in the PS-exact roll set (nearest delta -6; max_roll 37)
i-0e2cd855473877d27	b007/g0/20260812T060358-l1-000065	struggle_damage	1	0	1	1	p2	44	observed damage 19 on gothitelle from delphox struggle (crit=False) not in the PS-exact roll set (nearest delta -3; max_roll 27)
i-0e2cd855473877d27	b007/g0/20260812T060358-l6-000078	struggle_damage	1	0	1	1	p1	33	observed damage 18 on pyroar from calyrexshadow struggle (crit=False) not in the PS-exact roll set (nearest delta -2; max_roll 24)
i-0e2cd855473877d27	b007/g9/20260812T060358-l5-000075	struggle_damage	2	0	2	2	p2	99	observed damage 16 on hydrapple from whimsicott struggle (crit=False) not in the PS-exact roll set (nearest delta -6; max_roll 26)
i-0e2cd855473877d27	b008/g1/20260812T061845-l1-000093	bellydrum_sitrus	0	1	0	1	p1	4	observed item loss (Sitrus Berry) on opp but no branch removes it
i-0e2cd855473877d27	b008/g3/20260812T061845-l3-000042	struggle_damage	1	0	1	1	p2	8	observed damage 9 on raikou from miraidon struggle (crit=False) not in the PS-exact roll set (nearest delta -2; max_roll 13)
i-0e2cd855473877d27	b009/g12/20260812T063259-l1-000039	struggle_damage	1	0	1	1	p2	130	observed damage 5 on dachsbun from blissey struggle (crit=False) not in the PS-exact roll set (nearest delta -4; max_roll 11)
i-0e2cd855473877d27	b009/g12/20260812T063259-l3-000022	struggle_damage	2	0	2	2	p2	8	observed damage 23 on hawlucha from gardevoir struggle (crit=False) not in the PS-exact roll set (nearest delta -5; max_roll 34)
i-0e2cd855473877d27	b009/g2/20260812T063259-l1-000091	struggle_damage	1	0	1	1	p1	19	observed damage 5 on bastiodon from gholdengo struggle (crit=False) not in the PS-exact roll set (nearest delta -1; max_roll 8)
i-0e2cd855473877d27	b009/g6/20260812T063259-l5-000021	struggle_damage	1	0	1	1	p2	112	observed damage 25 on porygonz from florges struggle (crit=False) not in the PS-exact roll set (nearest delta -5; max_roll 36)
i-0e2cd855473877d27	b009/g9/20260812T063259-l5-000030	struggle_damage	3	0	3	3	p1	65	observed damage 19 on quagsire from rotomheat struggle (crit=False) not in the PS-exact roll set (nearest delta -6; max_roll 30)
i-0e32fcdc7871caacb	b000/g2/20260812T042526-l4-000021	bellydrum_sitrus	0	1	0	1	p1	1	observed item loss (Sitrus Berry) on opp but no branch removes it
i-0e32fcdc7871caacb	b000/g5/20260812T042526-l3-000050	struggle_damage	1	0	1	1	p2	87	observed damage 4 on deoxysdefense from moltresgalar struggle (crit=False) not in the PS-exact roll set (nearest delta -1; max_roll 6)
i-0e32fcdc7871caacb	b000/g8/20260812T042526-l4-000063	struggle_damage	1	0	1	1	p2	35	observed damage 21 on magearna from hydrapple struggle (crit=False) not in the PS-exact roll set (nearest delta -4; max_roll 30)
i-0e32fcdc7871caacb	b001/g0/20260812T043938-l1-000077	bellydrum_sitrus	0	2	0	2	p2	6	observed item loss (Sitrus Berry) on opp but no branch removes it
i-0e32fcdc7871caacb	b001/g14/20260812T043938-l5-000090	struggle_damage	1	0	1	1	p2	24	observed damage 29 on farigiraf from politoed struggle (crit=False) not in the PS-exact roll set (nearest delta -5; max_roll 40)
i-0e32fcdc7871caacb	b001/g2/20260812T043938-l3-000065	struggle_damage	2	0	2	2	p1	127	observed damage 34 on milotic from cresselia struggle (crit=True) not in the PS-exact roll set (nearest delta -6; max_roll 48)
i-0e32fcdc7871caacb	b002/g10/20260812T045350-l4-000041	revival_blessing	1	1	0	2	p2	27	observed slp on user but no branch applies it
i-0e32fcdc7871caacb	b002/g13/20260812T045350-l4-000092	struggle_damage	1	0	1	1	p2	17	observed damage 31 on dragapult from typhlosion struggle (crit=False) not in the PS-exact roll set (nearest delta -5; max_roll 43)
i-0e32fcdc7871caacb	b002/g14/20260812T045350-l6-000013	struggle_damage	1	0	1	1	p2	29	observed damage 40 on polteageist from kyogre struggle (crit=True) not in the PS-exact roll set (nearest delta -9; max_roll 58)
i-0e32fcdc7871caacb	b002/g9/20260812T045350-l3-000089	ko_margin_soft	0	1	0	1	p1	13	observed slp on opp but no branch applies it [ko-margin]
i-0e32fcdc7871caacb	b003/g0/20260812T050718-l6-000024	bellydrum_sitrus	0	1	0	1	p1	10	observed item loss (Sitrus Berry) on opp but no branch removes it
i-0e32fcdc7871caacb	b003/g1/20260812T050718-l6-000066	bellydrum_sitrus	0	1	0	1	p1	3	observed item loss (Sitrus Berry) on opp but no branch removes it
i-0e32fcdc7871caacb	b003/g10/20260812T050718-l3-000079	ko_margin_soft	0	1	0	1	p2	50	observed slp on opp but no branch applies it [ko-margin]
i-0e32fcdc7871caacb	b003/g13/20260812T050718-l2-000076	ko_margin_soft	0	1	0	1	p2	26	observed slp on opp but no branch applies it [ko-margin]
i-0e32fcdc7871caacb	b003/g13/20260812T050718-l6-000044	struggle_damage	2	0	2	2	p1	87	observed damage 20 on glaceon from arceusice struggle (crit=False) not in the PS-exact roll set (nearest delta -2; max_roll 26)
i-0e32fcdc7871caacb	b003/g15/20260812T050718-l6-000058	ko_margin_soft	0	2	0	2	p2	38	observed + spa on opp but no branch produces it [ko-margin]
i-0e32fcdc7871caacb	b003/g8/20260812T050718-l6-000052	struggle_damage	4	0	4	4	p2	110	observed damage 22 on alcremiemintcream from sylveon struggle (crit=False) not in the PS-exact roll set (nearest delta -5; max_roll 32)
i-0e32fcdc7871caacb	b004/g10/20260812T052112-l6-000046	bellydrum_sitrus	0	1	0	1	p2	15	observed heal on opp but no branch heals it
i-0e32fcdc7871caacb	b004/g15/20260812T052112-l6-000031	struggle_damage	1	0	1	1	p2	25	observed damage 28 on articuno from hoopa struggle (crit=False) not in the PS-exact roll set (nearest delta -6; max_roll 40)
i-0e32fcdc7871caacb	b004/g4/20260812T052112-l1-000032	struggle_damage	3	0	3	3	p2	74	observed damage 3 on slowking from chansey struggle (crit=False) not in the PS-exact roll set (nearest delta -7; max_roll 12)
i-0e32fcdc7871caacb	b004/g5/20260812T052112-l5-000091	struggle_damage	1	0	1	1	p2	26	observed damage 24 on gothitelle from ludicolo struggle (crit=False) not in the PS-exact roll set (nearest delta -3; max_roll 32)
i-0e32fcdc7871caacb	b005/g11/20260812T053428-l3-000032	struggle_damage	2	0	2	2	p1	100	observed damage 21 on ampharos from vaporeon struggle (crit=False) not in the PS-exact roll set (nearest delta -4; max_roll 30)
i-0e32fcdc7871caacb	b005/g15/20260812T053428-l5-000043	ko_margin_soft	0	1	0	1	p1	65	observed slp on opp but no branch applies it [ko-margin]
i-0e32fcdc7871caacb	b005/g3/20260812T053428-l6-000069	struggle_damage	5	0	5	5	p1	140	observed damage 7 on vigoroth from mismagius struggle (crit=False) not in the PS-exact roll set (nearest delta -1; max_roll 10)
i-0e32fcdc7871caacb	b005/g7/20260812T053428-l1-000037	revival_blessing	1	0	0	1	p2	21	observed tox on opp but no branch applies it
i-0e32fcdc7871caacb	b005/g7/20260812T053428-l1-000044	struggle_damage	1	0	1	1	p1	98	observed damage 18 on ursalunabloodmoon from lugia struggle (crit=False) not in the PS-exact roll set (nearest delta -2; max_roll 24)
i-0e32fcdc7871caacb	b005/g7/20260812T053428-l1-000086	ko_margin_soft	0	1	0	1	p2	42	observed slp on opp but no branch applies it [ko-margin]
i-0e32fcdc7871caacb	b005/g9/20260812T053428-l5-000064	struggle_damage	3	0	3	3	p2	146	observed damage 25 on fezandipiti from bellossom struggle (crit=False) not in the PS-exact roll set (nearest delta -6; max_roll 37)
i-0e32fcdc7871caacb	b006/g0/20260812T054918-l5-000048	struggle_damage	2	0	2	2	p2	94	observed damage 16 on whimsicott from gholdengo struggle (crit=False) not in the PS-exact roll set (nearest delta -4; max_roll 24)
i-0e32fcdc7871caacb	b006/g15/20260812T054918-l3-000045	struggle_damage	1	0	1	1	p2	16	observed damage 17 on bisharp from toxtricity struggle (crit=False) not in the PS-exact roll set (nearest delta -4; max_roll 25)
i-0e32fcdc7871caacb	b006/g15/20260812T054918-l5-000061	other_categorical	1	0	0	1	p1	8	observed - spd on user but no branch produces it
i-0e32fcdc7871caacb	b006/g6/20260812T054918-l6-000041	struggle_damage	3	0	3	3	p1	126	observed damage 18 on ironthorns from deoxysdefense struggle (crit=False) not in the PS-exact roll set (nearest delta -4; max_roll 27)
i-0e32fcdc7871caacb	b006/g8/20260812T054918-l6-000038	bellydrum_sitrus	0	1	0	1	p2	21	observed item loss (Sitrus Berry) on opp but no branch removes it
i-0e32fcdc7871caacb	b007/g0/20260812T060516-l1-000001	struggle_damage	1	0	1	1	p2	22	observed damage 21 on magmortar from grumpig struggle (crit=False) not in the PS-exact roll set (nearest delta -6; max_roll 32)
i-0e32fcdc7871caacb	b007/g10/20260812T060516-l6-000033	revival_blessing	0	1	0	1	p2	26	observed heal on user but no branch heals it
i-0e32fcdc7871caacb	b007/g13/20260812T060516-l2-000016	struggle_damage	1	0	1	1	p1	18	observed damage 6 on deoxysdefense from ludicolo struggle (crit=False) not in the PS-exact roll set (nearest delta -2; max_roll 10)
i-0e32fcdc7871caacb	b007/g15/20260812T060516-l2-000015	struggle_damage	2	0	2	2	p2	39	observed damage 53 on chansey from typhlosionhisui struggle (crit=False) not in the PS-exact roll set (nearest delta -14; max_roll 79)
i-0e32fcdc7871caacb	b007/g3/20260812T060516-l1-000052	revival_blessing	2	0	0	2	p2	20	observed + atk on user but no branch produces it
i-0e32fcdc7871caacb	b007/g4/20260812T060516-l6-000079	struggle_damage	1	0	1	1	p1	40	observed damage 43 on klefki from pincurchin struggle (crit=False) not in the PS-exact roll set (nearest delta -4; max_roll 56)
i-0e32fcdc7871caacb	b007/g7/20260812T060516-l1-000009	bellydrum_sitrus	0	1	0	1	p1	28	observed item loss (Sitrus Berry) on opp but no branch removes it
i-0e32fcdc7871caacb	b007/g8/20260812T060516-l2-000045	struggle_damage	1	0	1	1	p1	31	observed damage 31 on florgesblue from typhlosionhisui struggle (crit=False) not in the PS-exact roll set (nearest delta -3; max_roll 41)
i-0e32fcdc7871caacb	b007/g9/20260812T060516-l1-000039	struggle_damage	2	0	2	2	p1	104	observed damage 20 on umbreon from vileplume struggle (crit=False) not in the PS-exact roll set (nearest delta -5; max_roll 30)
i-0e32fcdc7871caacb	b007/g9/20260812T060516-l6-000020	struggle_damage	4	0	4	4	p2	107	observed damage 7 on gogoat from cresselia struggle (crit=False) not in the PS-exact roll set (nearest delta -1; max_roll 10)
i-0e32fcdc7871caacb	b008/g1/20260812T061930-l6-000016	struggle_damage	2	0	2	2	p2	33	observed damage 7 on chimecho from ironcrown struggle (crit=False) not in the PS-exact roll set (nearest delta -1; max_roll 10)
i-0e32fcdc7871caacb	b008/g3/20260812T061930-l4-000004	bellydrum_sitrus	0	2	0	2	p2	8	observed item loss (Sitrus Berry) on opp but no branch removes it
i-0e32fcdc7871caacb	b008/g8/20260812T061930-l3-000012	struggle_damage	1	0	1	1	p1	95	observed damage 19 on floatzel from suicune struggle (crit=False) not in the PS-exact roll set (nearest delta -4; max_roll 28)
i-0e32fcdc7871caacb	b009/g0/20260812T063311-l2-000010	struggle_damage	5	0	5	5	p2	120	observed damage 26 on sylveon from cresselia struggle (crit=False) not in the PS-exact roll set (nearest delta -3; max_roll 35)
i-0e32fcdc7871caacb	b009/g6/20260812T063311-l3-000094	other_categorical	1	0	0	1	p2	28	observed - def on opp but no branch produces it
i-0e32fcdc7871caacb	b009/g9/20260812T063311-l5-000024	struggle_damage	1	0	1	1	p1	14	observed damage 31 on florgesyellow from volcanion struggle (crit=False) not in the PS-exact roll set (nearest delta -8; max_roll 46)
i-0e4239ef34e49e053	b000/g11/20260812T065014-l4-000027	struggle_damage	1	0	1	1	p1	170	observed damage 25 on amoonguss from skeledirge struggle (crit=False) not in the PS-exact roll set (nearest delta -4; max_roll 35)
i-0e4239ef34e49e053	b000/g13/20260812T065014-l3-000020	bellydrum_sitrus	0	1	0	1	p1	14	observed item loss (Sitrus Berry) on opp but no branch removes it
i-0e4e9ba07cc3ad827	b000/g1/20260812T042540-l6-000014	struggle_damage	1	0	1	1	p1	109	observed damage 16 on vikavolt from palossand struggle (crit=False) not in the PS-exact roll set (nearest delta -4; max_roll 24)
i-0e4e9ba07cc3ad827	b000/g1/20260812T042540-l6-000049	struggle_damage	1	0	1	1	p1	29	observed damage 11 on floatzel from gardevoir struggle (crit=False) not in the PS-exact roll set (nearest delta -4; max_roll 18)
i-0e4e9ba07cc3ad827	b000/g12/20260812T042540-l1-000012	struggle_damage	1	0	1	1	p1	67	observed damage 21 on quagsire from serperior struggle (crit=False) not in the PS-exact roll set (nearest delta -4; max_roll 30)
i-0e4e9ba07cc3ad827	b000/g7/20260812T042540-l2-000010	bellydrum_sitrus	0	1	0	1	p2	17	observed item loss (Sitrus Berry) on opp but no branch removes it
i-0e4e9ba07cc3ad827	b001/g1/20260812T044212-l1-000083	bellydrum_sitrus	0	2	0	2	p1	15	observed item loss (Sitrus Berry) on opp but no branch removes it
i-0e4e9ba07cc3ad827	b001/g1/20260812T044212-l4-000038	struggle_damage	2	0	2	2	p1	85	observed damage 10 on vespiquen from keldeoresolute struggle (crit=False) not in the PS-exact roll set (nearest delta -2; max_roll 15)
i-0e4e9ba07cc3ad827	b001/g7/20260812T044212-l1-000037	struggle_damage	2	0	2	2	p1	79	observed damage 9 on articuno from cresselia struggle (crit=False) not in the PS-exact roll set (nearest delta -2; max_roll 13)
i-0e4e9ba07cc3ad827	b002/g12/20260812T045740-l6-000020	struggle_damage	2	0	2	2	p2	64	observed damage 29 on alomomola from volcanion struggle (crit=False) not in the PS-exact roll set (nearest delta -5; max_roll 40)
i-0e4e9ba07cc3ad827	b002/g13/20260812T045740-l4-000029	struggle_damage	3	0	3	3	p1	42	observed damage 23 on sylveon from bastiodon struggle (crit=False) not in the PS-exact roll set (nearest delta -6; max_roll 35)
i-0e4e9ba07cc3ad827	b002/g6/20260812T045740-l1-000066	ko_margin_soft	0	1	0	1	p2	78	observed slp on opp but no branch applies it [ko-margin]
i-0e4e9ba07cc3ad827	b003/g1/20260812T051303-l1-000063	other_categorical	0	1	0	1	p2	33	observed heal on user but no branch heals it
i-0e4e9ba07cc3ad827	b003/g12/20260812T051303-l1-000011	ko_margin_soft	0	1	0	1	p1	26	observed slp on opp but no branch applies it [ko-margin]
i-0e4e9ba07cc3ad827	b003/g13/20260812T051303-l2-000063	bellydrum_sitrus	0	1	0	1	p1	11	observed item loss (Sitrus Berry) on opp but no branch removes it
i-0e4e9ba07cc3ad827	b003/g15/20260812T051303-l2-000025	revival_blessing,ko_margin_soft	3	1	0	4	p1	17	observed + atk on user but no branch produces it
i-0e4e9ba07cc3ad827	b003/g15/20260812T051303-l6-000093	other_damage_rollset	2	0	2	2	p2	31	observed damage 42 on hatterene from necrozma photongeyser (crit=False) not in the PS-exact roll set (nearest delta -3; max_roll 54)
i-0e4e9ba07cc3ad827	b003/g6/20260812T051303-l3-000038	bellydrum_sitrus	0	1	0	1	p1	10	observed item loss (Sitrus Berry) on opp but no branch removes it
i-0e4e9ba07cc3ad827	b004/g11/20260812T052555-l5-000048	ko_margin_soft	0	1	0	1	p1	9	observed slp on user but no branch applies it [ko-margin]
i-0e4e9ba07cc3ad827	b004/g11/20260812T052555-l6-000012	other_categorical	0	1	0	1	p1	23	observed heal on user but no branch heals it
i-0e4e9ba07cc3ad827	b004/g12/20260812T052555-l2-000038	other_categorical	0	1	0	1	p2	1	observed volatile Substitute end on user but no branch removes it
i-0e4e9ba07cc3ad827	b004/g3/20260812T052555-l1-000031	other_damage_rollset	1	0	1	1	p2	17	observed damage 45 on enamorus from necrozmadawnwings photongeyser (crit=False) not in the PS-exact roll set (nearest delta -69; max_roll 135)
i-0e4e9ba07cc3ad827	b004/g5/20260812T052555-l3-000043	struggle_damage	5	0	5	5	p1+p2	142	observed damage 22 on sylveon from illumise struggle (crit=False) not in the PS-exact roll set (nearest delta -6; max_roll 34)
i-0e4e9ba07cc3ad827	b004/g6/20260812T052555-l2-000078	struggle_damage	1	0	1	1	p1	9	observed damage 9 on suicune from kyogre struggle (crit=False) not in the PS-exact roll set (nearest delta -1; max_roll 12)
i-0e4e9ba07cc3ad827	b005/g14/20260812T053910-l5-000048	struggle_damage	1	0	1	1	p1	27	observed damage 29 on farigiraf from ludicolo struggle (crit=False) not in the PS-exact roll set (nearest delta -5; max_roll 40)
i-0e4e9ba07cc3ad827	b005/g15/20260812T053910-l2-000090	struggle_damage	2	0	2	2	p1	10	observed damage 13 on gothitelle from kyuremwhite struggle (crit=False) not in the PS-exact roll set (nearest delta -1; max_roll 17)
i-0e4e9ba07cc3ad827	b005/g2/20260812T053910-l5-000041	ko_margin_soft	0	1	0	1	p1	41	observed - def on opp but no branch produces it [ko-margin]
i-0e4e9ba07cc3ad827	b005/g5/20260812T053910-l3-000003	bellydrum_sitrus	0	1	0	1	p1	16	observed item loss (Sitrus Berry) on opp but no branch removes it
i-0e4e9ba07cc3ad827	b005/g7/20260812T053910-l4-000014	struggle_damage	1	0	1	1	p1	27	observed damage 37 on florgesorange from magmortar struggle (crit=False) not in the PS-exact roll set (nearest delta -5; max_roll 50)
i-0e4e9ba07cc3ad827	b005/g9/20260812T053910-l4-000061	bellydrum_sitrus	0	1	0	1	p2	18	observed item loss (Sitrus Berry) on opp but no branch removes it
i-0e4e9ba07cc3ad827	b005/g9/20260812T053910-l5-000060	ko_margin_soft	0	1	0	1	p1	70	observed volatile Heal Block start on user but no branch applies it [ko-margin]
i-0e4e9ba07cc3ad827	b006/g10/20260812T055226-l6-000033	struggle_damage	1	0	1	1	p2	91	observed damage 22 on sunflora from rabsca struggle (crit=False) not in the PS-exact roll set (nearest delta -6; max_roll 34)
i-0e4e9ba07cc3ad827	b006/g11/20260812T055226-l4-000075	struggle_damage	2	0	2	2	p2	38	observed damage 22 on froslass from probopass struggle (crit=False) not in the PS-exact roll set (nearest delta -7; max_roll 35)
i-0e4e9ba07cc3ad827	b006/g15/20260812T055226-l3-000014	struggle_damage	4	0	4	4	p2	93	observed damage 15 on weezing from umbreon struggle (crit=False) not in the PS-exact roll set (nearest delta -4; max_roll 23)
i-0e4e9ba07cc3ad827	b006/g7/20260812T055226-l3-000003	struggle_damage	1	0	1	1	p2	122	observed damage 37 on zekrom from palossand struggle (crit=True) not in the PS-exact roll set (nearest delta -6; max_roll 51)
i-0e4e9ba07cc3ad827	b006/g8/20260812T055226-l5-000015	struggle_damage	1	0	1	1	p2	100	observed damage 10 on garchomp from florges struggle (crit=False) not in the PS-exact roll set (nearest delta -4; max_roll 16)
i-0e4e9ba07cc3ad827	b006/g9/20260812T055226-l2-000069	bellydrum_sitrus	0	1	0	1	p1	9	observed item loss (Sitrus Berry) on opp but no branch removes it
i-0e4e9ba07cc3ad827	b007/g11/20260812T060527-l3-000053	struggle_damage	1	0	1	1	p1	21	observed damage 29 on appletun from lapras struggle (crit=False) not in the PS-exact roll set (nearest delta -2; max_roll 37)
i-0e4e9ba07cc3ad827	b007/g15/20260812T060527-l4-000017	struggle_damage	7	0	7	7	p1	92	observed damage 21 on spiritomb from arboliva struggle (crit=False) not in the PS-exact roll set (nearest delta -3; max_roll 29)
i-0e4e9ba07cc3ad827	b007/g15/20260812T060527-l5-000024	bellydrum_sitrus	0	1	0	1	p2	12	observed item loss (Sitrus Berry) on opp but no branch removes it
i-0e4e9ba07cc3ad827	b007/g2/20260812T060527-l4-000004	struggle_damage	2	0	2	2	p1	69	observed damage 10 on alomomola from umbreon struggle (crit=False) not in the PS-exact roll set (nearest delta -3; max_roll 15)
i-0e4e9ba07cc3ad827	b007/g7/20260812T060527-l4-000058	struggle_damage	2	0	2	2	p1	109	observed damage 5 on poliwrath from vaporeon struggle (crit=False) not in the PS-exact roll set (nearest delta -1; max_roll 8)
i-0e4e9ba07cc3ad827	b008/g13/20260812T062330-l4-000048	ko_margin_soft	0	2	0	2	p2	56	observed slp on opp but no branch applies it [ko-margin]
i-0e4e9ba07cc3ad827	b008/g3/20260812T062330-l3-000012	other_categorical	1	0	0	1	p1	5	observed brn on user but no branch applies it
i-0e4e9ba07cc3ad827	b008/g5/20260812T062330-l5-000053	struggle_damage	2	0	2	2	p2	124	observed damage 16 on palossand from sylveon struggle (crit=False) not in the PS-exact roll set (nearest delta -5; max_roll 25)
i-0e4e9ba07cc3ad827	b008/g6/20260812T062330-l4-000065	struggle_damage	2	0	2	2	p1	119	observed damage 23 on ariados from deoxysdefense struggle (crit=False) not in the PS-exact roll set (nearest delta -5; max_roll 33)
i-0e4e9ba07cc3ad827	b009/g0/20260812T063704-l4-000020	bellydrum_sitrus	0	1	0	1	p2	13	observed item loss (Sitrus Berry) on opp but no branch removes it
i-0e4e9ba07cc3ad827	b009/g10/20260812T063704-l1-000074	other_categorical	0	1	0	1	p1	6	observed item loss (Sitrus Berry) on user but no branch removes it
i-0e4e9ba07cc3ad827	b009/g10/20260812T063704-l4-000037	bellydrum_sitrus	0	1	0	1	p1	4	observed item loss (Sitrus Berry) on opp but no branch removes it
i-0e4e9ba07cc3ad827	b009/g15/20260812T063704-l6-000006	bellydrum_sitrus	0	2	0	2	p2	1	observed item loss (Sitrus Berry) on opp but no branch removes it
i-0e4e9ba07cc3ad827	b009/g5/20260812T063704-l2-000048	struggle_damage	2	0	2	2	p1	119	observed damage 19 on screamtail from sylveon struggle (crit=False) not in the PS-exact roll set (nearest delta -4; max_roll 28)
i-0e592cb05bb9d3a92	b000/g0/20260812T042540-l6-000072	ko_margin_soft	0	2	0	2	p1	22	observed + spa on opp but no branch produces it [ko-margin]
i-0e592cb05bb9d3a92	b000/g1/20260812T042540-l2-000055	struggle_damage	3	0	3	3	p2	25	observed damage 13 on snorlax from gengar struggle (crit=False) not in the PS-exact roll set (nearest delta -2; max_roll 18)
i-0e592cb05bb9d3a92	b000/g10/20260812T042540-l4-000021	struggle_damage	1	0	1	1	p2	70	observed damage 26 on espeon from cresselia struggle (crit=True) not in the PS-exact roll set (nearest delta -9; max_roll 42)
i-0e592cb05bb9d3a92	b000/g14/20260812T042540-l1-000084	struggle_damage	2	0	2	2	p2	34	observed damage 47 on snorlax from typhlosionhisui struggle (crit=True) not in the PS-exact roll set (nearest delta -9; max_roll 66)
i-0e592cb05bb9d3a92	b000/g14/20260812T042540-l5-000052	struggle_damage	1	0	1	1	p1	25	observed damage 22 on polteageistantique from chandelure struggle (crit=False) not in the PS-exact roll set (nearest delta -7; max_roll 35)
i-0e592cb05bb9d3a92	b000/g15/20260812T042540-l3-000075	struggle_damage	4	0	4	4	p2	132	observed damage 14 on registeel from screamtail struggle (crit=False) not in the PS-exact roll set (nearest delta -3; max_roll 20)
i-0e592cb05bb9d3a92	b000/g15/20260812T042540-l4-000037	struggle_damage	4	0	4	4	p2	108	observed damage 20 on umbreon from tropius struggle (crit=False) not in the PS-exact roll set (nearest delta -5; max_roll 30)
i-0e592cb05bb9d3a92	b000/g8/20260812T042540-l2-000016	revival_blessing	2	0	0	2	p2	8	observed tox on opp but no branch applies it
i-0e592cb05bb9d3a92	b000/g9/20260812T042540-l2-000058	struggle_damage	1	0	1	1	p1	126	observed damage 24 on slowking from latios struggle (crit=False) not in the PS-exact roll set (nearest delta -4; max_roll 33)
i-0e592cb05bb9d3a92	b001/g13/20260812T043854-l2-000094	struggle_damage	1	0	1	1	p2	9	observed damage 20 on gliscor from ludicolo struggle (crit=False) not in the PS-exact roll set (nearest delta -5; max_roll 30)
i-0e592cb05bb9d3a92	b001/g13/20260812T043854-l5-000059	struggle_damage	5	0	5	5	p1+p2	90	observed damage 22 on chimecho from deoxysdefense struggle (crit=False) not in the PS-exact roll set (nearest delta -3; max_roll 30)
i-0e592cb05bb9d3a92	b001/g4/20260812T043854-l2-000062	other_categorical	2	0	0	2	p1+p2	3	observed + spa on user but no branch produces it
i-0e592cb05bb9d3a92	b001/g4/20260812T043854-l5-000011	struggle_damage	1	0	1	1	p2	44	observed damage 15 on ironcrown from chandelure struggle (crit=False) not in the PS-exact roll set (nearest delta -7; max_roll 26)
i-0e592cb05bb9d3a92	b001/g4/20260812T043854-l6-000017	struggle_damage	1	0	1	1	p2	159	observed damage 20 on spidops from amoonguss struggle (crit=False) not in the PS-exact roll set (nearest delta -4; max_roll 29)
i-0e592cb05bb9d3a92	b001/g5/20260812T043854-l3-000038	struggle_damage	1	0	1	1	p2	35	observed damage 20 on gothitelle from kyogre struggle (crit=False) not in the PS-exact roll set (nearest delta -2; max_roll 26)
i-0e592cb05bb9d3a92	b001/g5/20260812T043854-l3-000082	struggle_damage	1	0	1	1	p2	87	observed damage 22 on giratina from klefki struggle (crit=False) not in the PS-exact roll set (nearest delta -3; max_roll 30)
i-0e592cb05bb9d3a92	b001/g7/20260812T043854-l4-000074	revival_blessing	3	0	0	3	p2	32	observed + atk on user but no branch produces it
i-0e592cb05bb9d3a92	b001/g8/20260812T043854-l3-000064	struggle_damage	3	0	3	3	p2	33	observed damage 4 on vigoroth from mismagius struggle (crit=False) not in the PS-exact roll set (nearest delta -1; max_roll 6)
i-0e592cb05bb9d3a92	b001/g9/20260812T043854-l5-000036	struggle_damage	4	0	4	4	p2	88	observed damage 19 on giratina from misdreavus struggle (crit=False) not in the PS-exact roll set (nearest delta -4; max_roll 28)
i-0e592cb05bb9d3a92	b002/g1/20260812T045209-l5-000078	other_categorical	1	0	0	1	p2	60	observed brn on opp but no branch applies it
i-0e592cb05bb9d3a92	b002/g1/20260812T045209-l6-000048	struggle_damage	3	0	3	3	p1	100	observed damage 4 on pecharunt from sylveon struggle (crit=False) not in the PS-exact roll set (nearest delta -1; max_roll 6)
i-0e592cb05bb9d3a92	b002/g5/20260812T045209-l2-000091	struggle_damage	1	0	1	1	p1	96	observed damage 29 on golduck from phione struggle (crit=False) not in the PS-exact roll set (nearest delta -5; max_roll 40)
i-0e592cb05bb9d3a92	b002/g5/20260812T045209-l4-000024	struggle_damage	1	0	1	1	p2	85	observed damage 31 on clefable from palossand struggle (crit=False) not in the PS-exact roll set (nearest delta -4; max_roll 42)
i-0e592cb05bb9d3a92	b002/g5/20260812T045209-l4-000036	other_categorical	1	0	0	1	p1	19	observed - spd on user but no branch produces it
i-0e592cb05bb9d3a92	b002/g8/20260812T045209-l6-000071	bellydrum_sitrus	0	1	0	1	p2	19	observed item loss (Sitrus Berry) on opp but no branch removes it
i-0e592cb05bb9d3a92	b002/g9/20260812T045209-l1-000092	struggle_damage	3	0	3	3	p2	200	observed damage 22 on screamtail from slowking struggle (crit=False) not in the PS-exact roll set (nearest delta -6; max_roll 33)
i-0e592cb05bb9d3a92	b003/g13/20260812T050611-l5-000085	bellydrum_sitrus	0	1	0	1	p2	9	observed item loss (Sitrus Berry) on opp but no branch removes it
i-0e592cb05bb9d3a92	b003/g3/20260812T050611-l3-000073	struggle_damage	2	0	2	2	p2	143	observed damage 16 on giratina from probopass struggle (crit=False) not in the PS-exact roll set (nearest delta -6; max_roll 27)
i-0e592cb05bb9d3a92	b003/g4/20260812T050611-l6-000080	struggle_damage	2	0	2	2	p2	100	observed damage 20 on garganacl from tropius struggle (crit=False) not in the PS-exact roll set (nearest delta -3; max_roll 28)
i-0e592cb05bb9d3a92	b003/g8/20260812T050611-l4-000042	struggle_damage	1	0	1	1	p1	102	observed damage 16 on dondozo from vileplume struggle (crit=False) not in the PS-exact roll set (nearest delta -1; max_roll 21)
i-0e592cb05bb9d3a92	b004/g14/20260812T051916-l5-000037	bellydrum_sitrus	0	1	0	1	p2	6	observed par on opp but no branch applies it [ko-margin]
i-0e592cb05bb9d3a92	b004/g2/20260812T051916-l3-000081	struggle_damage	1	0	1	1	p1	26	observed damage 23 on suicune from hydreigon struggle (crit=False) not in the PS-exact roll set (nearest delta -3; max_roll 31)
i-0e592cb05bb9d3a92	b004/g4/20260812T051916-l1-000067	struggle_damage	1	0	1	1	p1	96	observed damage 33 on jolteon from arboliva struggle (crit=False) not in the PS-exact roll set (nearest delta -6; max_roll 47)
i-0e592cb05bb9d3a92	b004/g6/20260812T051916-l6-000015	other_damage_rollset	1	0	1	1	p1	29	observed damage 127 on florgesblue from blastoise terablast (crit=False) not in the PS-exact roll set (nearest delta -26; max_roll 180)
i-0e592cb05bb9d3a92	b005/g14/20260812T053344-l1-000048	ko_margin_soft	0	2	0	2	p1	46	observed - spa on opp but no branch produces it [ko-margin]
i-0e592cb05bb9d3a92	b005/g2/20260812T053344-l5-000035	struggle_damage	4	0	4	4	p2	104	observed damage 16 on screamtail from gholdengo struggle (crit=False) not in the PS-exact roll set (nearest delta -2; max_roll 22)
i-0e592cb05bb9d3a92	b005/g3/20260812T053344-l3-000090	revival_blessing	2	0	0	2	p1	7	observed par on opp but no branch applies it
i-0e592cb05bb9d3a92	b005/g3/20260812T053344-l5-000064	struggle_damage	1	0	1	1	p2	48	observed damage 23 on gothitelle from ludicolo struggle (crit=False) not in the PS-exact roll set (nearest delta -4; max_roll 32)
i-0e592cb05bb9d3a92	b005/g5/20260812T053344-l5-000005	struggle_damage	3	0	3	3	p1	109	observed damage 12 on noivern from suicune struggle (crit=False) not in the PS-exact roll set (nearest delta -2; max_roll 17)
i-0e592cb05bb9d3a92	b005/g7/20260812T053344-l4-000016	bellydrum_sitrus	0	2	0	2	p1	9	observed item loss (Sitrus Berry) on opp but no branch removes it
i-0e592cb05bb9d3a92	b005/g9/20260812T053344-l5-000055	revival_blessing	1	0	0	1	p1	19	observed item loss (Heavy-Duty Boots) on opp but no branch removes it
i-0e592cb05bb9d3a92	b006/g10/20260812T054653-l2-000010	struggle_damage	2	0	2	2	p1	100	observed damage 4 on misdreavus from blissey struggle (crit=False) not in the PS-exact roll set (nearest delta -5; max_roll 11)
i-0e592cb05bb9d3a92	b006/g12/20260812T054653-l1-000047	struggle_damage	3	0	3	3	p2	105	observed damage 44 on chansey from screamtail struggle (crit=False) not in the PS-exact roll set (nearest delta -12; max_roll 66)
i-0e592cb05bb9d3a92	b006/g15/20260812T054653-l4-000039	struggle_damage	1	0	1	1	p1	28	observed damage 16 on golurk from chandelure struggle (crit=False) not in the PS-exact roll set (nearest delta -6; max_roll 27)
i-0e592cb05bb9d3a92	b007/g0/20260812T060320-l1-000010	other_categorical	2	0	0	2	p1	35	observed brn on user but no branch applies it
i-0e592cb05bb9d3a92	b007/g1/20260812T060320-l3-000068	struggle_damage	2	0	2	2	p2	89	observed damage 18 on jirachi from bellibolt struggle (crit=False) not in the PS-exact roll set (nearest delta -5; max_roll 28)
i-0e592cb05bb9d3a92	b007/g11/20260812T060320-l5-000091	struggle_damage	1	0	1	1	p2	32	observed damage 22 on gliscor from politoed struggle (crit=False) not in the PS-exact roll set (nearest delta -3; max_roll 30)
i-0e592cb05bb9d3a92	b007/g13/20260812T060320-l2-000024	revival_blessing	1	0	0	1	p1	17	observed + def on user but no branch produces it
i-0e592cb05bb9d3a92	b007/g3/20260812T060320-l1-000071	bellydrum_sitrus	0	1	0	1	p1	12	observed item loss (Sitrus Berry) on opp but no branch removes it
i-0e592cb05bb9d3a92	b007/g6/20260812T060320-l2-000044	revival_blessing	1	0	0	1	p2	13	observed + spa on user but no branch produces it
i-0e592cb05bb9d3a92	b008/g11/20260812T061618-l3-000041	struggle_damage	2	0	2	2	p1	23	observed damage 17 on gothitelle from delphox struggle (crit=False) not in the PS-exact roll set (nearest delta -5; max_roll 27)
i-0e592cb05bb9d3a92	b008/g2/20260812T061618-l3-000059	other_categorical	1	0	0	1	p1	22	observed slp on user but no branch applies it
i-0e592cb05bb9d3a92	b008/g4/20260812T061618-l2-000048	revival_blessing	1	0	0	1	p2	16	observed - spd on opp but no branch produces it
i-0e592cb05bb9d3a92	b008/g4/20260812T061618-l6-000008	struggle_damage	1	0	1	1	p2	26	observed damage 3 on probopass from gholdengo struggle (crit=False) not in the PS-exact roll set (nearest delta -1; max_roll 5)
i-0e592cb05bb9d3a92	b008/g8/20260812T061618-l5-000045	struggle_damage	1	0	1	1	p1	129	observed damage 12 on toxapex from keldeoresolute struggle (crit=False) not in the PS-exact roll set (nearest delta -4; max_roll 19)
i-0e592cb05bb9d3a92	b008/g9/20260812T061618-l3-000068	revival_blessing	3	0	0	3	p2	5	observed + spa on user but no branch produces it
i-0e592cb05bb9d3a92	b009/g9/20260812T062921-l6-000042	bellydrum_sitrus	0	1	0	1	p2	8	observed item loss (Sitrus Berry) on opp but no branch removes it
i-0ed787ad32c84eb21	b000/g14/20260812T042525-l6-000067	struggle_damage	1	0	1	1	p2	51	observed damage 22 on clefable from mismagius struggle (crit=False) not in the PS-exact roll set (nearest delta -6; max_roll 34)
i-0ed787ad32c84eb21	b000/g3/20260812T042525-l1-000035	bellydrum_sitrus	0	1	0	1	p2	10	observed item loss (Sitrus Berry) on opp but no branch removes it
i-0ed787ad32c84eb21	b000/g5/20260812T042525-l3-000015	bellydrum_sitrus	0	1	0	1	p1	26	observed item loss (Sitrus Berry) on opp but no branch removes it
i-0ed787ad32c84eb21	b000/g6/20260812T042525-l1-000023	struggle_damage	1	0	1	1	p1	105	observed damage 28 on florges from bellossom struggle (crit=False) not in the PS-exact roll set (nearest delta -6; max_roll 41)
i-0ed787ad32c84eb21	b000/g8/20260812T042525-l1-000024	struggle_damage	2	0	2	2	p2	101	observed damage 19 on slowbrogalar from latias struggle (crit=False) not in the PS-exact roll set (nearest delta -4; max_roll 28)
i-0ed787ad32c84eb21	b000/g8/20260812T042525-l5-000050	other_categorical	0	1	0	1	p2	15	observed volatile Substitute end on opp but no branch removes it
i-0ed787ad32c84eb21	b001/g10/20260812T043831-l3-000025	bellydrum_sitrus	0	1	0	1	p1	1	observed heal on opp but no branch heals it
i-0ed787ad32c84eb21	b001/g11/20260812T043831-l1-000056	struggle_damage	1	0	1	1	p1	105	observed damage 16 on magcargo from deoxysdefense struggle (crit=False) not in the PS-exact roll set (nearest delta -2; max_roll 22)
i-0ed787ad32c84eb21	b001/g11/20260812T043831-l5-000094	struggle_damage	1	0	1	1	p1	74	observed damage 41 on salazzle from appletun struggle (crit=False) not in the PS-exact roll set (nearest delta -6; max_roll 56)
i-0ed787ad32c84eb21	b001/g11/20260812T043831-l6-000052	bellydrum_sitrus	0	1	0	1	p1	13	observed item loss (Sitrus Berry) on opp but no branch removes it
i-0ed787ad32c84eb21	b001/g5/20260812T043831-l6-000048	struggle_damage	1	0	1	1	p2	77	observed damage 25 on suicune from volcanion struggle (crit=False) not in the PS-exact roll set (nearest delta -2; max_roll 32)
i-0ed787ad32c84eb21	b001/g6/20260812T043831-l3-000071	struggle_damage	1	0	1	1	p2	30	observed damage 23 on wyrdeer from palkia struggle (crit=False) not in the PS-exact roll set (nearest delta -1; max_roll 29)
i-0ed787ad32c84eb21	b002/g0/20260812T045232-l3-000058	struggle_damage	1	0	1	1	p1	61	observed damage 12 on pyroar from giratina struggle (crit=False) not in the PS-exact roll set (nearest delta -3; max_roll 18)
i-0ed787ad32c84eb21	b002/g0/20260812T045232-l4-000004	struggle_damage	1	0	1	1	p2	50	observed damage 19 on palossand from porygonz struggle (crit=False) not in the PS-exact roll set (nearest delta -3; max_roll 27)
i-0ed787ad32c84eb21	b002/g10/20260812T045232-l1-000016	other_categorical	1	0	0	1	p2	21	observed - spa on user but no branch produces it
i-0ed787ad32c84eb21	b002/g10/20260812T045232-l6-000038	ko_margin_soft	0	1	0	1	p2	21	observed + spe on opp but no branch produces it [ko-margin]
i-0ed787ad32c84eb21	b002/g11/20260812T045232-l6-000006	struggle_damage	1	0	1	1	p1	129	observed damage 12 on talonflame from umbreon struggle (crit=False) not in the PS-exact roll set (nearest delta -2; max_roll 17)
i-0ed787ad32c84eb21	b002/g2/20260812T045232-l3-000068	struggle_damage	6	0	6	6	p2	126	observed damage 23 on lanturn from cresselia struggle (crit=False) not in the PS-exact roll set (nearest delta -7; max_roll 36)
i-0ed787ad32c84eb21	b002/g8/20260812T045232-l5-000012	struggle_damage	1	0	1	1	p1	28	observed damage 23 on grumpig from cresselia struggle (crit=False) not in the PS-exact roll set (nearest delta -5; max_roll 33)
i-0ed787ad32c84eb21	b003/g11/20260812T050536-l4-000038	struggle_damage	1	0	1	1	p2	39	observed damage 8 on mesprit from milotic struggle (crit=False) not in the PS-exact roll set (nearest delta -2; max_roll 12)
i-0ed787ad32c84eb21	b003/g11/20260812T050536-l5-000089	struggle_damage	1	0	1	1	p1	34	observed damage 19 on polteageist from oranguru struggle (crit=False) not in the PS-exact roll set (nearest delta -6; max_roll 30)
i-0ed787ad32c84eb21	b003/g12/20260812T050536-l3-000086	struggle_damage	1	0	1	1	p2	56	observed damage 9 on sinistcha from ludicolo struggle (crit=False) not in the PS-exact roll set (nearest delta -2; max_roll 13)
i-0ed787ad32c84eb21	b003/g13/20260812T050536-l4-000051	struggle_damage	1	0	1	1	p2	179	observed damage 9 on umbreon from vaporeon struggle (crit=False) not in the PS-exact roll set (nearest delta -2; max_roll 13)
i-0ed787ad32c84eb21	b003/g2/20260812T050536-l6-000006	revival_blessing	1	0	0	1	p2	57	observed + def on user but no branch produces it
i-0ed787ad32c84eb21	b003/g3/20260812T050536-l6-000045	ko_margin_soft	0	1	0	1	p2	4	observed slp on opp but no branch applies it [ko-margin]
i-0ed787ad32c84eb21	b004/g0/20260812T051822-l2-000082	ko_margin_soft	0	1	0	1	p1	15	observed - spa on opp but no branch produces it [ko-margin]
i-0ed787ad32c84eb21	b004/g1/20260812T051822-l5-000024	struggle_damage	1	0	1	1	p1	9	observed damage 13 on polteageist from oranguru struggle (crit=False) not in the PS-exact roll set (nearest delta -6; max_roll 23)
i-0ed787ad32c84eb21	b004/g1/20260812T051822-l6-000036	struggle_damage	4	0	4	4	p1	89	observed damage 24 on gliscor from appletun struggle (crit=False) not in the PS-exact roll set (nearest delta -5; max_roll 35)
i-0ed787ad32c84eb21	b004/g11/20260812T051822-l1-000082	struggle_damage	1	0	1	1	p2	139	observed damage 19 on gholdengo from screamtail struggle (crit=False) not in the PS-exact roll set (nearest delta -6; max_roll 30)
i-0ed787ad32c84eb21	b004/g7/20260812T051822-l5-000038	struggle_damage	1	0	1	1	p1	31	observed damage 19 on appletun from gardevoir struggle (crit=False) not in the PS-exact roll set (nearest delta -5; max_roll 29)
i-0ed787ad32c84eb21	b005/g10/20260812T053146-l6-000063	struggle_damage	1	0	1	1	p1	87	observed damage 13 on scrafty from reuniclus struggle (crit=False) not in the PS-exact roll set (nearest delta -3; max_roll 19)
i-0ed787ad32c84eb21	b005/g11/20260812T053146-l3-000089	struggle_damage	1	0	1	1	p1	38	observed damage 25 on hooh from hydrapple struggle (crit=False) not in the PS-exact roll set (nearest delta -8; max_roll 39)
i-0ed787ad32c84eb21	b005/g2/20260812T053146-l4-000091	struggle_damage	1	0	1	1	p2	26	observed damage 22 on volbeat from kyogre struggle (crit=False) not in the PS-exact roll set (nearest delta -4; max_roll 31)
i-0ed787ad32c84eb21	b005/g4/20260812T053146-l6-000071	ko_margin_soft	0	1	0	1	p1	24	observed slp on opp but no branch applies it [ko-margin]
i-0ed787ad32c84eb21	b005/g5/20260812T053146-l1-000001	struggle_damage	1	0	1	1	p2	86	observed damage 9 on pincurchin from screamtail struggle (crit=False) not in the PS-exact roll set (nearest delta -1; max_roll 12)
i-0ed787ad32c84eb21	b005/g8/20260812T053146-l4-000021	struggle_damage,other_categorical	6	1	6	7	p2	39	observed damage 22 on suicune from volcanion struggle (crit=False) not in the PS-exact roll set (nearest delta -5; max_roll 32)
i-0ed787ad32c84eb21	b005/g9/20260812T053146-l1-000057	struggle_damage	1	0	1	1	p1	128	observed damage 4 on salazzle from chansey struggle (crit=False) not in the PS-exact roll set (nearest delta -8; max_roll 15)
i-0ed787ad32c84eb21	b006/g1/20260812T054756-l5-000027	struggle_damage	4	0	4	4	p1+p2	96	observed damage 21 on gholdengo from lugia struggle (crit=False) not in the PS-exact roll set (nearest delta -4; max_roll 30)
i-0ed787ad32c84eb21	b006/g10/20260812T054756-l1-000069	struggle_damage	2	0	2	2	p2	81	observed damage 27 on venusaur from sceptile struggle (crit=False) not in the PS-exact roll set (nearest delta -6; max_roll 39)
i-0ed787ad32c84eb21	b006/g3/20260812T054756-l1-000027	revival_blessing	2	0	0	2	p1	18	observed par on opp but no branch applies it
i-0ed787ad32c84eb21	b006/g4/20260812T054756-l5-000016	struggle_damage	1	0	1	1	p2	108	observed damage 16 on hydrapple from screamtail struggle (crit=False) not in the PS-exact roll set (nearest delta -5; max_roll 25)
i-0ed787ad32c84eb21	b006/g6/20260812T054756-l4-000085	struggle_damage	2	0	2	2	p1	94	observed damage 23 on latias from arboliva struggle (crit=False) not in the PS-exact roll set (nearest delta -8; max_roll 37)
i-0ed787ad32c84eb21	b006/g7/20260812T054756-l1-000035	struggle_damage	1	0	1	1	p2	9	observed damage 37 on clefable from delphox struggle (crit=True) not in the PS-exact roll set (nearest delta -7; max_roll 52)
i-0ed787ad32c84eb21	b007/g11/20260812T060117-l1-000052	ko_margin_soft	0	1	0	1	p1	30	observed slp on opp but no branch applies it [ko-margin]
i-0ed787ad32c84eb21	b007/g3/20260812T060117-l1-000001	other_categorical	1	0	0	1	p1	22	observed par on opp but no branch applies it
i-0ed787ad32c84eb21	b007/g5/20260812T060117-l2-000036	bellydrum_sitrus	0	1	0	1	p1	9	observed item loss (Sitrus Berry) on opp but no branch removes it
i-0ed787ad32c84eb21	b007/g6/20260812T060117-l5-000060	other_categorical	0	1	0	1	p1	8	observed heal on user but no branch heals it
i-0ed787ad32c84eb21	b008/g13/20260812T061824-l5-000072	struggle_damage	1	0	1	1	p1	20	observed damage 25 on meganium from raichu struggle (crit=False) not in the PS-exact roll set (nearest delta -4; max_roll 35)
i-0ed787ad32c84eb21	b008/g13/20260812T061824-l5-000090	struggle_damage	1	0	1	1	p2	43	observed damage 24 on scovillain from delphox struggle (crit=False) not in the PS-exact roll set (nearest delta -5; max_roll 35)
i-0ed787ad32c84eb21	b008/g15/20260812T061824-l1-000078	struggle_damage	1	0	1	1	p2	29	observed damage 31 on clefable from palkia struggle (crit=False) not in the PS-exact roll set (nearest delta -6; max_roll 44)
i-0ed787ad32c84eb21	b008/g6/20260812T061824-l1-000051	other_categorical	0	1	0	1	p2	34	observed heal on user but no branch heals it
i-0ed787ad32c84eb21	b008/g7/20260812T061824-l3-000017	struggle_damage	1	0	1	1	p2	29	observed damage 30 on articuno from hoopa struggle (crit=False) not in the PS-exact roll set (nearest delta -4; max_roll 40)
i-0ed787ad32c84eb21	b009/g12/20260812T063053-l2-000033	struggle_damage	2	0	2	2	p1	32	observed damage 43 on squawkabillyblue from palkia struggle (crit=False) not in the PS-exact roll set (nearest delta -3; max_roll 55)
i-0ed787ad32c84eb21	b009/g15/20260812T063053-l1-000077	bellydrum_sitrus	0	1	0	1	p1	10	observed item loss (Sitrus Berry) on opp but no branch removes it
i-0ed787ad32c84eb21	b009/g15/20260812T063053-l2-000043	struggle_damage	1	0	1	1	p2	97	observed damage 23 on cresselia from sceptile struggle (crit=False) not in the PS-exact roll set (nearest delta -5; max_roll 34)
i-0ed787ad32c84eb21	b009/g15/20260812T063053-l2-000056	struggle_damage	1	0	1	1	p1	116	observed damage 6 on torkoal from sylveon struggle (crit=False) not in the PS-exact roll set (nearest delta -2; max_roll 10)
i-0ed787ad32c84eb21	b009/g2/20260812T063053-l6-000065	bellydrum_sitrus	0	1	0	1	p1	20	observed item loss (Sitrus Berry) on opp but no branch removes it
i-0ed787ad32c84eb21	b009/g3/20260812T063053-l4-000035	struggle_damage	2	0	2	2	p2	11	observed damage 27 on eternatus from typhlosion struggle (crit=False) not in the PS-exact roll set (nearest delta -7; max_roll 40)
i-0ed787ad32c84eb21	b009/g5/20260812T063053-l1-000091	revival_blessing	2	0	0	2	p1	15	observed + spa on user but no branch produces it
i-0ee6896d31d3c9511	b000/g10/20260812T042518-l5-000059	ko_margin_soft	0	1	0	1	p2	54	observed slp on opp but no branch applies it [ko-margin]
i-0ee6896d31d3c9511	b000/g15/20260812T042518-l6-000082	struggle_damage	1	0	1	1	p2	99	observed damage 18 on dachsbun from arboliva struggle (crit=False) not in the PS-exact roll set (nearest delta -4; max_roll 27)
i-0ee6896d31d3c9511	b000/g5/20260812T042518-l1-000059	struggle_damage	1	0	1	1	p1	25	observed damage 19 on pyroar from comfey struggle (crit=False) not in the PS-exact roll set (nearest delta -5; max_roll 29)
i-0ee6896d31d3c9511	b000/g6/20260812T042518-l1-000013	bellydrum_sitrus	0	1	0	1	p1	3	observed item loss (Sitrus Berry) on opp but no branch removes it
i-0ee6896d31d3c9511	b000/g8/20260812T042518-l3-000028	bellydrum_sitrus	0	2	0	2	p2	32	observed item loss (Sitrus Berry) on opp but no branch removes it
i-0ee6896d31d3c9511	b001/g11/20260812T043850-l6-000080	struggle_damage	1	0	1	1	p2	96	observed damage 6 on houndstone from umbreon struggle (crit=False) not in the PS-exact roll set (nearest delta -1; max_roll 9)
i-0ee6896d31d3c9511	b001/g8/20260812T043850-l3-000025	revival_blessing	0	1	0	1	p1	14	observed heal on user but no branch heals it
i-0ee6896d31d3c9511	b001/g9/20260812T043850-l1-000012	other_categorical	1	0	0	1	p1	18	observed side-condition stealthrock change on opp but no branch produces it
i-0ee6896d31d3c9511	b002/g0/20260812T045153-l4-000049	struggle_damage	3	0	3	3	p2	123	observed damage 57 on chansey from palossand struggle (crit=False) not in the PS-exact roll set (nearest delta -12; max_roll 82)
i-0ee6896d31d3c9511	b002/g12/20260812T045154-l4-000030	struggle_damage	2	0	2	2	p2	25	observed damage 20 on arceussteel from kyogre struggle (crit=False) not in the PS-exact roll set (nearest delta -3; max_roll 28)
i-0ee6896d31d3c9511	b002/g15/20260812T045154-l1-000054	struggle_damage	1	0	1	1	p1	11	observed damage 20 on mesprit from reuniclus struggle (crit=False) not in the PS-exact roll set (nearest delta -3; max_roll 28)
i-0ee6896d31d3c9511	b002/g15/20260812T045154-l5-000048	struggle_damage	1	0	1	1	p1	91	observed damage 18 on skarmory from arboliva struggle (crit=False) not in the PS-exact roll set (nearest delta -4; max_roll 26)
i-0ee6896d31d3c9511	b002/g3/20260812T045153-l6-000081	struggle_damage	2	0	2	2	p2	101	observed damage 38 on ogerponwellspringtera from sunflora struggle (crit=False) not in the PS-exact roll set (nearest delta -6; max_roll 52)
i-0ee6896d31d3c9511	b003/g0/20260812T050458-l2-000045	struggle_damage	1	0	1	1	p2	8	observed damage 23 on polteageistantique from politoed struggle (crit=False) not in the PS-exact roll set (nearest delta -4; max_roll 32)
i-0ee6896d31d3c9511	b003/g1/20260812T050458-l6-000088	struggle_damage	3	0	3	3	p1	97	observed damage 2 on sinistcha from screamtail struggle (crit=False) not in the PS-exact roll set (nearest delta -1; max_roll 4)
i-0ee6896d31d3c9511	b003/g14/20260812T050458-l3-000079	struggle_damage	2	0	2	2	p2	20	observed damage 18 on arceusice from rotomwash struggle (crit=False) not in the PS-exact roll set (nearest delta -4; max_roll 26)
i-0ee6896d31d3c9511	b003/g8/20260812T050458-l5-000080	struggle_damage	1	0	1	1	p2	24	observed damage 28 on gengar from noivern struggle (crit=False) not in the PS-exact roll set (nearest delta -6; max_roll 40)
i-0ee6896d31d3c9511	b003/g8/20260812T050458-l6-000006	struggle_damage	1	0	1	1	p1	44	observed damage 79 on blissey from hydreigon struggle (crit=False) not in the PS-exact roll set (nearest delta -11; max_roll 107)
i-0ee6896d31d3c9511	b003/g9/20260812T050458-l3-000084	ko_margin_soft	0	1	0	1	p1	26	observed slp on opp but no branch applies it [ko-margin]
i-0ee6896d31d3c9511	b004/g0/20260812T051747-l4-000055	struggle_damage	2	0	2	2	p1	125	observed damage 20 on bruxish from chimecho struggle (crit=False) not in the PS-exact roll set (nearest delta -9; max_roll 35)
i-0ee6896d31d3c9511	b004/g13/20260812T051747-l1-000057	bellydrum_sitrus	0	1	0	1	p1	12	observed item loss (Sitrus Berry) on opp but no branch removes it
i-0ee6896d31d3c9511	b004/g14/20260812T051747-l1-000038	struggle_damage	1	0	1	1	p2	100	observed damage 21 on misdreavus from arboliva struggle (crit=False) not in the PS-exact roll set (nearest delta -4; max_roll 30)
i-0ee6896d31d3c9511	b004/g14/20260812T051747-l2-000015	struggle_damage	1	0	1	1	p1	25	observed damage 23 on latios from gothitelle struggle (crit=False) not in the PS-exact roll set (nearest delta -6; max_roll 35)
i-0ee6896d31d3c9511	b004/g15/20260812T051747-l2-000075	struggle_damage	1	0	1	1	p1	36	observed damage 33 on gothitelle from scovillain struggle (crit=False) not in the PS-exact roll set (nearest delta -4; max_roll 44)
i-0ee6896d31d3c9511	b004/g2/20260812T051747-l5-000033	ko_margin_soft	0	1	0	1	p2	17	observed slp on user but no branch applies it [ko-margin]
i-0ee6896d31d3c9511	b004/g2/20260812T051747-l6-000073	ko_margin_soft	0	1	0	1	p1	39	observed slp on opp but no branch applies it [ko-margin]
i-0ee6896d31d3c9511	b004/g3/20260812T051747-l2-000078	struggle_damage	2	0	2	2	p1	120	observed damage 10 on vileplume from screamtail struggle (crit=False) not in the PS-exact roll set (nearest delta -1; max_roll 13)
i-0ee6896d31d3c9511	b004/g6/20260812T051747-l6-000014	struggle_damage	2	0	2	2	p2	73	observed damage 10 on bellossom from deoxysdefense struggle (crit=False) not in the PS-exact roll set (nearest delta -2; max_roll 15)
i-0ee6896d31d3c9511	b004/g8/20260812T051747-l3-000083	struggle_damage	1	0	1	1	p2	93	observed damage 20 on garganacl from venusaur struggle (crit=False) not in the PS-exact roll set (nearest delta -2; max_roll 27)
i-0ee6896d31d3c9511	b004/g8/20260812T051747-l4-000036	bellydrum_sitrus	0	1	0	1	p1	10	observed item loss (Sitrus Berry) on opp but no branch removes it
i-0ee6896d31d3c9511	b004/g8/20260812T051747-l6-000061	struggle_damage	1	0	1	1	p1	34	observed damage 25 on necrozmadawnwings from hydreigon struggle (crit=False) not in the PS-exact roll set (nearest delta -4; max_roll 35)
i-0ee6896d31d3c9511	b005/g1/20260812T053138-l6-000008	bellydrum_sitrus	0	1	0	1	p2	23	observed item loss (Sitrus Berry) on opp but no branch removes it
i-0ee6896d31d3c9511	b005/g1/20260812T053138-l6-000062	struggle_damage	1	0	1	1	p2	16	observed damage 26 on gothitelle from kyuremwhite struggle (crit=False) not in the PS-exact roll set (nearest delta -1; max_roll 32)
i-0ee6896d31d3c9511	b005/g10/20260812T053138-l3-000079	struggle_damage	4	0	4	4	p1	104	observed damage 21 on swampert from mismagius struggle (crit=False) not in the PS-exact roll set (nearest delta -3; max_roll 29)
i-0ee6896d31d3c9511	b005/g13/20260812T053138-l6-000056	revival_blessing	1	0	0	1	p2	17	observed - def on opp but no branch produces it
i-0ee6896d31d3c9511	b005/g14/20260812T053138-l3-000053	struggle_damage	3	0	3	3	p1	104	observed damage 15 on glaceon from screamtail struggle (crit=False) not in the PS-exact roll set (nearest delta -4; max_roll 23)
i-0ee6896d31d3c9511	b005/g15/20260812T053138-l6-000040	other_categorical	0	1	0	1	p2	97	observed heal on user but no branch heals it
i-0ee6896d31d3c9511	b005/g2/20260812T053138-l1-000082	struggle_damage	4	0	4	4	p1+p2	105	observed damage 12 on alomomola from venusaur struggle (crit=False) not in the PS-exact roll set (nearest delta -3; max_roll 18)
i-0ee6896d31d3c9511	b005/g2/20260812T053138-l5-000046	bellydrum_sitrus	0	1	0	1	p2	12	observed item loss (Sitrus Berry) on opp but no branch removes it
i-0ee6896d31d3c9511	b005/g2/20260812T053138-l6-000037	struggle_damage	1	0	1	1	p2	19	observed damage 23 on seviper from scovillain struggle (crit=False) not in the PS-exact roll set (nearest delta -2; max_roll 29)
i-0ee6896d31d3c9511	b005/g3/20260812T053138-l3-000038	bellydrum_sitrus	0	1	0	1	p1	11	observed item loss (Sitrus Berry) on opp but no branch removes it
i-0ee6896d31d3c9511	b005/g3/20260812T053138-l5-000058	ko_margin_soft	0	1	0	1	p2	20	observed + spe on opp but no branch produces it [ko-margin]
i-0ee6896d31d3c9511	b005/g7/20260812T053138-l5-000060	struggle_damage	1	0	1	1	p1	94	observed damage 25 on kilowattrel from screamtail struggle (crit=False) not in the PS-exact roll set (nearest delta -8; max_roll 39)
i-0ee6896d31d3c9511	b006/g12/20260812T054643-l6-000055	struggle_damage	1	0	1	1	p2	77	observed damage 25 on cryogonal from ursalunabloodmoon struggle (crit=False) not in the PS-exact roll set (nearest delta -7; max_roll 38)
i-0ee6896d31d3c9511	b006/g4/20260812T054643-l4-000056	revival_blessing	1	0	0	1	p1	18	observed volatile Leech Seed start on opp but no branch applies it
i-0ee6896d31d3c9511	b006/g5/20260812T054643-l3-000081	bellydrum_sitrus	0	1	0	1	p1	7	observed item loss (Sitrus Berry) on opp but no branch removes it
i-0ee6896d31d3c9511	b007/g12/20260812T055936-l4-000034	struggle_damage	1	0	1	1	p1	182	observed damage 25 on slowbro from appletun struggle (crit=False) not in the PS-exact roll set (nearest delta -4; max_roll 35)
i-0ee6896d31d3c9511	b007/g15/20260812T055936-l4-000032	bellydrum_sitrus	0	1	0	1	p2	3	observed item loss (Sitrus Berry) on opp but no branch removes it
i-0ee6896d31d3c9511	b007/g4/20260812T055936-l1-000045	struggle_damage	2	0	2	2	p1	52	observed damage 4 on deoxysdefense from slowkinggalar struggle (crit=False) not in the PS-exact roll set (nearest delta -1; max_roll 6)
i-0ee6896d31d3c9511	b007/g7/20260812T055936-l1-000073	struggle_damage	1	0	1	1	p2	29	observed damage 33 on clefable from kyuremwhite struggle (crit=False) not in the PS-exact roll set (nearest delta -1; max_roll 41)
i-0ee6896d31d3c9511	b007/g8/20260812T055936-l3-000050	struggle_damage	1	0	1	1	p1	45	observed damage 24 on pyroar from deoxysdefense struggle (crit=False) not in the PS-exact roll set (nearest delta -4; max_roll 34)
i-0ee6896d31d3c9511	b007/g9/20260812T055936-l6-000008	bellydrum_sitrus	0	1	0	1	p1	7	observed item loss (Sitrus Berry) on opp but no branch removes it
i-0ee6896d31d3c9511	b008/g0/20260812T061343-l3-000021	struggle_damage	1	0	1	1	p1	31	observed damage 28 on phione from volcanion struggle (crit=False) not in the PS-exact roll set (nearest delta -4; max_roll 38)
i-0ee6896d31d3c9511	b008/g12/20260812T061343-l5-000066	other_categorical	1	0	0	1	p1	30	observed - spe on opp but no branch produces it
i-0ee6896d31d3c9511	b008/g9/20260812T061343-l2-000094	struggle_damage	1	0	1	1	p2	7	observed damage 33 on froslass from palkia struggle (crit=False) not in the PS-exact roll set (nearest delta -3; max_roll 43)
i-0ee6896d31d3c9511	b009/g0/20260812T062712-l1-000066	struggle_damage	1	0	1	1	p2	107	observed damage 31 on chimecho from deoxysdefense struggle (crit=True) not in the PS-exact roll set (nearest delta -7; max_roll 45)
i-0ee6896d31d3c9511	b009/g11/20260812T062712-l1-000036	struggle_damage	1	0	1	1	p1	112	observed damage 7 on florgesorange from blissey struggle (crit=True) not in the PS-exact roll set (nearest delta -13; max_roll 24)
i-0ee6896d31d3c9511	b009/g11/20260812T062712-l6-000073	struggle_damage	2	0	2	2	p1	26	observed damage 30 on oranguru from dudunsparce struggle (crit=False) not in the PS-exact roll set (nearest delta -3; max_roll 39)
i-0ee6896d31d3c9511	b009/g12/20260812T062712-l2-000058	struggle_damage	1	0	1	1	p1	48	observed damage 36 on chansey from calyrexshadow struggle (crit=False) not in the PS-exact roll set (nearest delta -4; max_roll 48)
i-0f025c285d17c6136	b000/g2/20260812T025430-l3-000077	revival_blessing	1	0	0	1	p1	15	observed + spe on user but no branch produces it
i-0f025c285d17c6136	b000/g4/20260812T025430-l1-000057	ko_margin_soft	0	2	0	2	p1	5	observed slp on user but no branch applies it [ko-margin]
i-0f025c285d17c6136	b000/g4/20260812T025430-l4-000034	revival_blessing	1	0	0	1	p1	13	observed - spa on user but no branch produces it
i-0f025c285d17c6136	b001/g13/20260812T030841-l4-000033	struggle_damage	3	0	3	3	p2	34	observed damage 14 on vespiquen from gothitelle struggle (crit=False) not in the PS-exact roll set (nearest delta -6; max_roll 24)
i-0f025c285d17c6136	b001/g15/20260812T030841-l6-000011	struggle_damage	5	0	5	5	p2	105	observed damage 14 on porygon2 from cresselia struggle (crit=False) not in the PS-exact roll set (nearest delta -3; max_roll 20)
i-0f025c285d17c6136	b001/g2/20260812T030841-l1-000046	struggle_damage	1	0	1	1	p1	83	observed damage 28 on tentacruel from arboliva struggle (crit=False) not in the PS-exact roll set (nearest delta -9; max_roll 44)
i-0f025c285d17c6136	b001/g4/20260812T030841-l3-000003	struggle_damage	3	0	3	3	p2	50	observed damage 25 on golurk from arboliva struggle (crit=False) not in the PS-exact roll set (nearest delta -6; max_roll 37)
i-0f053d721253978ff	b000/g1/20260812T025435-l4-000025	struggle_damage	4	0	4	4	p1	75	observed damage 31 on sylveon from arceusflying struggle (crit=False) not in the PS-exact roll set (nearest delta -2; max_roll 39)
i-0f053d721253978ff	b000/g10/20260812T025435-l1-000042	struggle_damage	3	0	3	3	p1	97	observed damage 12 on slowbro from arboliva struggle (crit=False) not in the PS-exact roll set (nearest delta -1; max_roll 16)
i-0f053d721253978ff	b000/g11/20260812T025435-l5-000031	struggle_damage	5	0	5	5	p1	67	observed damage 75 on blissey from palossand struggle (crit=False) not in the PS-exact roll set (nearest delta -14; max_roll 105)
i-0f053d721253978ff	b000/g14/20260812T025435-l4-000053	bellydrum_sitrus	0	1	0	1	p1	18	observed item loss (Sitrus Berry) on opp but no branch removes it
i-0f053d721253978ff	b000/g15/20260812T025435-l2-000074	struggle_damage	1	0	1	1	p1	41	observed damage 10 on alomomola from mismagius struggle (crit=False) not in the PS-exact roll set (nearest delta -2; max_roll 15)
i-0f053d721253978ff	b000/g2/20260812T025435-l4-000079	ko_margin_soft	0	1	0	1	p1	34	observed slp on user but no branch applies it [ko-margin]
i-0f053d721253978ff	b000/g4/20260812T025435-l3-000086	other_categorical	0	1	0	1	p2	23	observed heal on user but no branch heals it
i-0f053d721253978ff	b000/g9/20260812T025435-l6-000091	bellydrum_sitrus	1	1	0	2	p1	20	observed item loss (Sitrus Berry) on opp but no branch removes it
i-0f053d721253978ff	b002/g0/20260812T032023-l5-000094	revival_blessing	1	0	0	1	p2	7	observed - spa on user but no branch produces it
i-0f053d721253978ff	b002/g1/20260812T032023-l5-000021	ko_margin_soft	0	1	0	1	p1	39	observed - spa on user but no branch produces it [ko-margin]
i-0f053d721253978ff	b002/g11/20260812T032023-l1-000091	ko_margin_soft	0	1	0	1	p2	20	observed + spe on opp but no branch produces it [ko-margin]
i-0f053d721253978ff	b002/g14/20260812T032023-l2-000016	struggle_damage	2	0	2	2	p2	118	observed damage 20 on illumise from chimecho struggle (crit=False) not in the PS-exact roll set (nearest delta -7; max_roll 32)
i-0f053d721253978ff	b002/g15/20260812T032023-l1-000084	other_categorical	1	0	0	1	p2	30	observed + spa on opp but no branch produces it
i-0f053d721253978ff	b002/g3/20260812T032023-l6-000084	struggle_damage	3	0	3	3	p2	102	observed damage 24 on camerupt from screamtail struggle (crit=False) not in the PS-exact roll set (nearest delta -3; max_roll 32)
i-0f053d721253978ff	b002/g6/20260812T032023-l4-000063	ko_margin_soft	0	1	0	1	p2	15	observed slp on opp but no branch applies it [ko-margin]
i-0f053d721253978ff	b003/g1/20260812T033348-l6-000081	struggle_damage	1	0	1	1	p2	116	observed damage 17 on magearna from suicune struggle (crit=False) not in the PS-exact roll set (nearest delta -6; max_roll 28)
i-0f053d721253978ff	b003/g12/20260812T033348-l2-000035	revival_blessing	1	0	0	1	p1	8	observed volatile Salt Cure start on opp but no branch applies it
i-0f053d721253978ff	b003/g15/20260812T033348-l3-000027	struggle_damage	1	0	1	1	p1	101	observed damage 31 on gastrodoneast from vileplume struggle (crit=False) not in the PS-exact roll set (nearest delta -4; max_roll 42)
i-0f053d721253978ff	b003/g15/20260812T033348-l5-000050	struggle_damage	3	0	3	3	p2	116	observed damage 6 on volbeat from suicune struggle (crit=False) not in the PS-exact roll set (nearest delta -1; max_roll 9)
i-0f053d721253978ff	b003/g5/20260812T033348-l5-000046	ko_margin_soft	0	1	0	1	p2	26	observed - spa on opp but no branch produces it [ko-margin]
i-0f053d721253978ff	b003/g8/20260812T033348-l4-000083	struggle_damage	1	0	1	1	p2	29	observed damage 20 on mew from deoxysdefense struggle (crit=False) not in the PS-exact roll set (nearest delta -4; max_roll 29)
i-0f053d721253978ff	b004/g3/20260812T034646-l2-000017	struggle_damage	2	0	2	2	p2	108	observed damage 4 on deoxysdefense from screamtail struggle (crit=False) not in the PS-exact roll set (nearest delta -1; max_roll 6)
i-0f053d721253978ff	b004/g3/20260812T034646-l2-000041	bellydrum_sitrus	0	1	0	1	p2	13	observed item loss (Sitrus Berry) on opp but no branch removes it
i-0f053d721253978ff	b004/g4/20260812T034646-l4-000070	struggle_damage	1	0	1	1	p1	15	observed damage 9 on snorlax from calyrexshadow struggle (crit=False) not in the PS-exact roll set (nearest delta -2; max_roll 14)
i-0f053d721253978ff	b004/g6/20260812T034646-l5-000041	struggle_damage	4	0	4	4	p2	97	observed damage 26 on araquanid from giratina struggle (crit=False) not in the PS-exact roll set (nearest delta -2; max_roll 33)
i-0f057c2c5cad803e1	b000/g11/20260812T042524-l6-000076	bellydrum_sitrus	0	1	0	1	p1	9	observed weather NONE but no branch sets it [ko-margin]
i-0f057c2c5cad803e1	b000/g13/20260812T042524-l3-000013	ko_margin_soft	0	1	0	1	p2	32	observed slp on opp but no branch applies it [ko-margin]
i-0f057c2c5cad803e1	b000/g14/20260812T042524-l2-000022	bellydrum_sitrus	0	2	0	2	p1	14	observed item loss (Sitrus Berry) on opp but no branch removes it
i-0f057c2c5cad803e1	b000/g4/20260812T042524-l2-000068	struggle_damage	3	0	3	3	p2	100	observed damage 6 on volbeat from screamtail struggle (crit=False) not in the PS-exact roll set (nearest delta -1; max_roll 9)
i-0f057c2c5cad803e1	b000/g5/20260812T042524-l3-000089	struggle_damage	2	0	2	2	p2	111	observed damage 19 on giratina from terapagosterastal struggle (crit=False) not in the PS-exact roll set (nearest delta -5; max_roll 29)
i-0f057c2c5cad803e1	b000/g9/20260812T042524-l6-000014	revival_blessing	2	0	0	2	p1	25	observed + spa on user but no branch produces it
i-0f057c2c5cad803e1	b001/g12/20260812T043933-l1-000060	struggle_damage	5	0	5	5	p2	87	observed damage 4 on registeel from pecharunt struggle (crit=False) not in the PS-exact roll set (nearest delta -1; max_roll 6)
i-0f057c2c5cad803e1	b001/g14/20260812T043933-l1-000010	struggle_damage	1	0	1	1	p2	25	observed damage 24 on gothitelle from typhlosionhisui struggle (crit=False) not in the PS-exact roll set (nearest delta -2; max_roll 31)
i-0f057c2c5cad803e1	b001/g8/20260812T043933-l2-000012	struggle_damage	3	0	3	3	p2	22	observed damage 12 on sandslash from gholdengo struggle (crit=False) not in the PS-exact roll set (nearest delta -4; max_roll 19)
i-0f057c2c5cad803e1	b001/g8/20260812T043933-l6-000051	struggle_damage	1	0	1	1	p1	93	observed damage 23 on kingambit from tropius struggle (crit=False) not in the PS-exact roll set (nearest delta -4; max_roll 32)
i-0f057c2c5cad803e1	b002/g10/20260812T045453-l2-000014	bellydrum_sitrus	0	1	0	1	p1	20	observed item loss (Sitrus Berry) on opp but no branch removes it
i-0f057c2c5cad803e1	b002/g10/20260812T045453-l5-000057	struggle_damage	1	0	1	1	p1	4	observed damage 35 on froslass from suicune struggle (crit=True) not in the PS-exact roll set (nearest delta -9; max_roll 52)
i-0f057c2c5cad803e1	b002/g6/20260812T045453-l3-000003	struggle_damage	4	0	4	4	p2	85	observed damage 23 on grimmsnarl from chimecho struggle (crit=False) not in the PS-exact roll set (nearest delta -9; max_roll 38)
i-0f057c2c5cad803e1	b002/g9/20260812T045453-l5-000005	struggle_damage	1	0	1	1	p1	12	observed damage 30 on florges from ludicolo struggle (crit=False) not in the PS-exact roll set (nearest delta -6; max_roll 43)
i-0f057c2c5cad803e1	b002/g9/20260812T045453-l5-000044	struggle_damage	2	0	2	2	p2	132	observed damage 4 on umbreon from blissey struggle (crit=False) not in the PS-exact roll set (nearest delta -6; max_roll 12)
i-0f057c2c5cad803e1	b003/g0/20260812T050850-l4-000023	struggle_damage	1	0	1	1	p1	50	observed damage 4 on probopass from gholdengo struggle (crit=False) not in the PS-exact roll set (nearest delta -1; max_roll 6)
i-0f057c2c5cad803e1	b003/g11/20260812T050850-l6-000079	ko_margin_soft	0	1	0	1	p2	45	observed slp on opp but no branch applies it [ko-margin]
i-0f057c2c5cad803e1	b003/g13/20260812T050850-l1-000039	struggle_damage	1	0	1	1	p2	21	observed damage 30 on tinkaton from volcanion struggle (crit=False) not in the PS-exact roll set (nearest delta -6; max_roll 43)
i-0f057c2c5cad803e1	b003/g3/20260812T050850-l4-000016	struggle_damage	1	0	1	1	p2	137	observed damage 16 on vileplume from sylveon struggle (crit=False) not in the PS-exact roll set (nearest delta -3; max_roll 23)
i-0f057c2c5cad803e1	b003/g4/20260812T050850-l1-000092	struggle_damage	2	0	2	2	p2	201	observed damage 22 on qwilfish from lunala struggle (crit=False) not in the PS-exact roll set (nearest delta -5; max_roll 32)
i-0f057c2c5cad803e1	b003/g6/20260812T050850-l6-000018	ko_margin_soft	0	2	0	2	p2	8	observed + spe on opp but no branch produces it [ko-margin]
i-0f057c2c5cad803e1	b003/g8/20260812T050850-l6-000058	struggle_damage	1	0	1	1	p2	20	observed damage 33 on chansey from calyrexshadow struggle (crit=False) not in the PS-exact roll set (nearest delta -7; max_roll 48)
i-0f057c2c5cad803e1	b005/g11/20260812T053717-l3-000068	struggle_damage	2	0	2	2	p2	115	observed damage 19 on regice from suicune struggle (crit=False) not in the PS-exact roll set (nearest delta -3; max_roll 27)
i-0f057c2c5cad803e1	b005/g12/20260812T053717-l6-000081	ko_margin_soft	0	2	0	2	p2	11	observed + spa on opp but no branch produces it [ko-margin]
i-0f057c2c5cad803e1	b005/g14/20260812T053717-l2-000073	revival_blessing	2	0	0	2	p2	10	observed + spa on user but no branch produces it
i-0f057c2c5cad803e1	b006/g11/20260812T055334-l6-000072	struggle_damage	2	0	2	2	p2	61	observed damage 30 on farigiraf from necrozmadawnwings struggle (crit=False) not in the PS-exact roll set (nearest delta -4; max_roll 41)
i-0f057c2c5cad803e1	b006/g14/20260812T055334-l5-000074	struggle_damage	2	0	2	2	p2	112	observed damage 24 on toucannon from venusaur struggle (crit=False) not in the PS-exact roll set (nearest delta -7; max_roll 37)
i-0f057c2c5cad803e1	b006/g4/20260812T055334-l4-000070	struggle_damage	1	0	1	1	p1	20	observed damage 22 on necrozma from ludicolo struggle (crit=False) not in the PS-exact roll set (nearest delta -6; max_roll 34)
i-0f057c2c5cad803e1	b006/g4/20260812T055334-l5-000087	other_damage_rollset	2	0	2	2	p1	28	observed damage 114 on darkrai from alcremiesaltedcream terablast (crit=False) not in the PS-exact roll set (nearest delta -20; max_roll 162)
i-0f057c2c5cad803e1	b007/g1/20260812T060808-l3-000065	struggle_damage	1	0	1	1	p1	69	observed damage 23 on suicune from lapras struggle (crit=False) not in the PS-exact roll set (nearest delta -4; max_roll 32)
i-0f057c2c5cad803e1	b007/g11/20260812T060808-l3-000076	struggle_damage	2	0	2	2	p2	109	observed damage 20 on ariados from chimecho struggle (crit=False) not in the PS-exact roll set (nearest delta -7; max_roll 32)
i-0f057c2c5cad803e1	b007/g4/20260812T060808-l4-000058	struggle_damage	1	0	1	1	p1	32	observed damage 23 on clefable from delphox struggle (crit=False) not in the PS-exact roll set (nearest delta -6; max_roll 35)
i-0f057c2c5cad803e1	b007/g4/20260812T060808-l6-000094	bellydrum_sitrus	0	1	0	1	p2	13	observed item loss (Sitrus Berry) on opp but no branch removes it
i-0f057c2c5cad803e1	b008/g0/20260812T062547-l3-000063	bellydrum_sitrus	0	2	0	2	p2	4	observed item loss (Sitrus Berry) on opp but no branch removes it
i-0f057c2c5cad803e1	b008/g10/20260812T062547-l3-000044	struggle_damage	2	0	2	2	p2	69	observed damage 9 on probopass from necrozmadawnwings struggle (crit=False) not in the PS-exact roll set (nearest delta -1; max_roll 12)
i-0f057c2c5cad803e1	b008/g11/20260812T062547-l6-000076	struggle_damage	4	0	4	4	p1	108	observed damage 24 on toxtricity from bastiodon struggle (crit=False) not in the PS-exact roll set (nearest delta -4; max_roll 34)
i-0f057c2c5cad803e1	b008/g3/20260812T062547-l1-000060	other_categorical	1	0	0	1	p2	17	observed item loss (Heavy-Duty Boots) on opp but no branch removes it
i-0f057c2c5cad803e1	b008/g5/20260812T062547-l2-000010	struggle_damage	3	0	3	3	p1	96	observed damage 16 on hippowdon from screamtail struggle (crit=False) not in the PS-exact roll set (nearest delta -4; max_roll 24)
i-0f057c2c5cad803e1	b008/g6/20260812T062547-l3-000029	struggle_damage	4	0	4	4	p1	110	observed damage 13 on amoonguss from sylveon struggle (crit=False) not in the PS-exact roll set (nearest delta -2; max_roll 18)
i-0f057c2c5cad803e1	b008/g6/20260812T062547-l4-000046	bellydrum_sitrus	0	1	0	1	p2	25	observed item loss (Sitrus Berry) on opp but no branch removes it
i-0f057c2c5cad803e1	b009/g3/20260812T063854-l3-000051	bellydrum_sitrus	0	1	0	1	p1	6	observed item loss (Sitrus Berry) on opp but no branch removes it
i-0f057c2c5cad803e1	b009/g7/20260812T063854-l5-000005	ko_margin_soft	0	2	0	2	p1	20	observed - atk on opp but no branch produces it [ko-margin]
i-0f1f71586ce8c32ff	b000/g13/20260812T042522-l2-000033	other_categorical	0	2	0	2	p1+p2	17	observed volatile confusion end on opp but no branch removes it
i-0f1f71586ce8c32ff	b000/g2/20260812T042522-l2-000008	revival_blessing,other_categorical	2	0	0	2	p2	17	observed - spa on user but no branch produces it
i-0f1f71586ce8c32ff	b000/g3/20260812T042522-l4-000037	struggle_damage	4	0	4	4	p1	99	observed damage 22 on suicune from phione struggle (crit=False) not in the PS-exact roll set (nearest delta -6; max_roll 33)
i-0f1f71586ce8c32ff	b000/g6/20260812T042522-l6-000045	bellydrum_sitrus	0	1	0	1	p1	7	observed item loss (Sitrus Berry) on opp but no branch removes it
i-0f1f71586ce8c32ff	b000/g9/20260812T042522-l6-000006	bellydrum_sitrus	0	1	0	1	p2	9	observed item loss (Sitrus Berry) on opp but no branch removes it
i-0f1f71586ce8c32ff	b001/g0/20260812T043940-l3-000094	struggle_damage	1	0	1	1	p1	16	observed damage 26 on polteageist from indeedee struggle (crit=False) not in the PS-exact roll set (nearest delta -7; max_roll 39)
i-0f1f71586ce8c32ff	b001/g0/20260812T043940-l4-000019	struggle_damage	1	0	1	1	p1	123	observed damage 12 on bellibolt from bellossom struggle (crit=False) not in the PS-exact roll set (nearest delta -2; max_roll 16)
i-0f1f71586ce8c32ff	b001/g11/20260812T043940-l1-000078	other_categorical	0	1	0	1	p1	39	observed heal on user but no branch heals it
i-0f1f71586ce8c32ff	b001/g13/20260812T043940-l5-000032	bellydrum_sitrus	0	1	0	1	p1	5	observed item loss (Sitrus Berry) on opp but no branch removes it
i-0f1f71586ce8c32ff	b001/g3/20260812T043940-l6-000025	bellydrum_sitrus	0	1	0	1	p2	4	observed item loss (Sitrus Berry) on opp but no branch removes it
i-0f1f71586ce8c32ff	b001/g6/20260812T043940-l5-000031	ko_margin_soft	0	2	0	2	p2	9	observed + spe on opp but no branch produces it [ko-margin]
i-0f1f71586ce8c32ff	b001/g7/20260812T043940-l1-000055	other_categorical	4	0	0	4	p1	15	observed - def on opp but no branch produces it
i-0f1f71586ce8c32ff	b001/g8/20260812T043940-l5-000025	struggle_damage	1	0	1	1	p1	95	observed damage 36 on wigglytuff from sceptile struggle (crit=False) not in the PS-exact roll set (nearest delta -8; max_roll 52)
i-0f1f71586ce8c32ff	b002/g1/20260812T045224-l6-000046	struggle_damage	1	0	1	1	p2	72	observed damage 7 on farigiraf from arboliva struggle (crit=False) not in the PS-exact roll set (nearest delta -2; max_roll 11)
i-0f1f71586ce8c32ff	b002/g12/20260812T045224-l3-000013	struggle_damage	1	0	1	1	p2	39	observed damage 19 on sylveon from chandelure struggle (crit=False) not in the PS-exact roll set (nearest delta -8; max_roll 32)
i-0f1f71586ce8c32ff	b002/g4/20260812T045224-l3-000045	struggle_damage	2	0	2	2	p1	110	observed damage 20 on ironjugulis from umbreon struggle (crit=False) not in the PS-exact roll set (nearest delta -8; max_roll 33)
i-0f1f71586ce8c32ff	b002/g5/20260812T045224-l2-000092	struggle_damage	4	0	4	4	p2	59	observed damage 8 on persianalola from chimecho struggle (crit=False) not in the PS-exact roll set (nearest delta -3; max_roll 14)
i-0f1f71586ce8c32ff	b002/g5/20260812T045224-l5-000093	bellydrum_sitrus	0	1	0	1	p2	1	observed item loss (Sitrus Berry) on opp but no branch removes it
i-0f1f71586ce8c32ff	b002/g6/20260812T045224-l3-000031	bellydrum_sitrus	0	1	0	1	p2	11	observed item loss (Sitrus Berry) on opp but no branch removes it
i-0f1f71586ce8c32ff	b002/g7/20260812T045224-l2-000015	bellydrum_sitrus	0	1	0	1	p1	7	observed item loss (Sitrus Berry) on opp but no branch removes it
i-0f1f71586ce8c32ff	b003/g10/20260812T050535-l6-000014	struggle_damage	3	0	3	3	p2	94	observed damage 4 on bastiodon from arboliva struggle (crit=False) not in the PS-exact roll set (nearest delta -1; max_roll 6)
i-0f1f71586ce8c32ff	b003/g11/20260812T050535-l3-000022	bellydrum_sitrus	0	1	0	1	p1	6	observed item loss (Sitrus Berry) on opp but no branch removes it
i-0f1f71586ce8c32ff	b003/g11/20260812T050535-l5-000017	ko_margin_soft	0	2	0	2	p2	38	observed + spa on opp but no branch produces it [ko-margin]
i-0f1f71586ce8c32ff	b003/g13/20260812T050535-l3-000003	revival_blessing,other_categorical	1	1	0	2	p1	7	observed heal on user but no branch heals it
i-0f1f71586ce8c32ff	b003/g14/20260812T050535-l1-000034	struggle_damage	2	0	2	2	p1	93	observed damage 22 on vileplume from exeggutor struggle (crit=False) not in the PS-exact roll set (nearest delta -2; max_roll 29)
i-0f1f71586ce8c32ff	b003/g3/20260812T050535-l1-000016	struggle_damage	1	0	1	1	p2	19	observed damage 21 on seviper from chandelure struggle (crit=False) not in the PS-exact roll set (nearest delta -5; max_roll 31)
i-0f1f71586ce8c32ff	b003/g4/20260812T050535-l6-000021	bellydrum_sitrus	0	1	0	1	p2	9	observed item loss (Sitrus Berry) on opp but no branch removes it
i-0f1f71586ce8c32ff	b003/g7/20260812T050535-l5-000012	other_categorical	2	0	0	2	p1	24	observed + atk on user but no branch produces it
i-0f1f71586ce8c32ff	b003/g8/20260812T050535-l4-000095	other_categorical	0	1	0	1	p1	26	observed volatile Substitute end on opp but no branch removes it
i-0f1f71586ce8c32ff	b004/g0/20260812T052323-l1-000009	struggle_damage	1	0	1	1	p1	115	observed damage 9 on diancie from wigglytuff struggle (crit=False) not in the PS-exact roll set (nearest delta -2; max_roll 13)
i-0f1f71586ce8c32ff	b004/g0/20260812T052323-l4-000083	struggle_damage	2	0	2	2	p1	14	observed damage 23 on screamtail from typhlosion struggle (crit=False) not in the PS-exact roll set (nearest delta -4; max_roll 32)
i-0f1f71586ce8c32ff	b004/g10/20260812T052323-l2-000016	struggle_damage	2	0	2	2	p1	134	observed damage 21 on ogerponcornerstone from chimecho struggle (crit=False) not in the PS-exact roll set (nearest delta -8; max_roll 35)
i-0f1f71586ce8c32ff	b004/g11/20260812T052323-l6-000006	other_categorical	2	0	0	2	p1+p2	18	observed item loss (Booster Energy) on opp but no branch removes it
i-0f1f71586ce8c32ff	b004/g3/20260812T052323-l2-000052	struggle_damage	7	0	7	7	p1+p2	113	observed damage 18 on suicune from vaporeon struggle (crit=False) not in the PS-exact roll set (nearest delta -4; max_roll 26)
i-0f1f71586ce8c32ff	b004/g7/20260812T052323-l4-000014	revival_blessing	1	0	0	1	p2	9	observed side-condition toxicspikes change on opp but no branch produces it
i-0f1f71586ce8c32ff	b004/g7/20260812T052323-l4-000056	struggle_damage	1	0	1	1	p1	82	observed damage 21 on vespiquen from clefable struggle (crit=False) not in the PS-exact roll set (nearest delta -5; max_roll 31)
i-0f1f71586ce8c32ff	b005/g0/20260812T053744-l1-000024	other_categorical	2	0	0	2	p1+p2	4	observed item loss (Booster Energy) on opp but no branch removes it
i-0f1f71586ce8c32ff	b005/g0/20260812T053744-l1-000052	revival_blessing	1	0	0	1	p1	27	observed + def on user but no branch produces it
i-0f1f71586ce8c32ff	b005/g1/20260812T053744-l5-000015	struggle_damage	1	0	1	1	p2	19	observed damage 67 on blissey from typhlosion struggle (crit=False) not in the PS-exact roll set (nearest delta -19; max_roll 102)
i-0f1f71586ce8c32ff	b005/g10/20260812T053744-l1-000018	bellydrum_sitrus	0	2	0	2	p2	24	observed item loss (Sitrus Berry) on opp but no branch removes it
i-0f1f71586ce8c32ff	b005/g12/20260812T053744-l2-000026	struggle_damage	16	0	16	16	p1	20	observed damage 26 on vaporeon from gardevoir struggle (crit=False) not in the PS-exact roll set (nearest delta -5; max_roll 37)
i-0f1f71586ce8c32ff	b005/g3/20260812T053744-l3-000039	struggle_damage	1	0	1	1	p1	15	observed damage 23 on gothitelle from kyuremwhite struggle (crit=False) not in the PS-exact roll set (nearest delta -4; max_roll 32)
i-0f1f71586ce8c32ff	b005/g4/20260812T053744-l4-000074	other_categorical	1	1	0	2	p2	18	observed volatile Substitute start on opp but no branch applies it
i-0f1f71586ce8c32ff	b006/g1/20260812T055059-l3-000071	bellydrum_sitrus	0	1	0	1	p2	13	observed item loss (Sitrus Berry) on opp but no branch removes it
i-0f1f71586ce8c32ff	b006/g10/20260812T055059-l1-000069	other_categorical	0	1	0	1	p1	24	observed volatile Substitute end on opp but no branch removes it
i-0f1f71586ce8c32ff	b006/g11/20260812T055059-l4-000075	revival_blessing	0	1	0	1	p1	20	observed heal on user but no branch heals it
i-0f1f71586ce8c32ff	b006/g4/20260812T055059-l3-000078	bellydrum_sitrus	0	2	0	2	p1	1	observed item loss (Sitrus Berry) on opp but no branch removes it
i-0f1f71586ce8c32ff	b006/g4/20260812T055059-l5-000008	revival_blessing	1	0	0	1	p2	5	observed par on opp but no branch applies it
i-0f1f71586ce8c32ff	b006/g7/20260812T055059-l3-000058	revival_blessing	0	1	0	1	p2	32	observed heal on user but no branch heals it
i-0f1f71586ce8c32ff	b006/g8/20260812T055059-l3-000028	bellydrum_sitrus	0	1	0	1	p2	8	observed item loss (Sitrus Berry) on opp but no branch removes it
i-0f1f71586ce8c32ff	b006/g9/20260812T055059-l1-000036	struggle_damage	3	0	3	3	p2	103	observed damage 21 on umbreon from tropius struggle (crit=False) not in the PS-exact roll set (nearest delta -4; max_roll 30)
i-0f1f71586ce8c32ff	b006/g9/20260812T055059-l4-000024	ko_margin_soft	0	1	0	1	p2	9	observed slp on user but no branch applies it [ko-margin]
i-0f1f71586ce8c32ff	b007/g1/20260812T060355-l3-000046	struggle_damage	1	0	1	1	p2	63	observed damage 19 on mightyena from bellossom struggle (crit=False) not in the PS-exact roll set (nearest delta -1; max_roll 24)
i-0f1f71586ce8c32ff	b007/g14/20260812T060355-l6-000045	other_categorical	2	0	0	2	p1	23	observed - def on user but no branch produces it
i-0f1f71586ce8c32ff	b007/g2/20260812T060355-l2-000055	revival_blessing	1	0	0	1	p2	8	observed psn on opp but no branch applies it
i-0f1f71586ce8c32ff	b007/g2/20260812T060355-l6-000087	ko_margin_soft	0	3	0	3	p1	5	observed slp on user but no branch applies it [ko-margin]
i-0f1f71586ce8c32ff	b007/g5/20260812T060355-l1-000086	bellydrum_sitrus	0	1	0	1	p1	36	observed item loss (Sitrus Berry) on opp but no branch removes it
i-0f1f71586ce8c32ff	b008/g0/20260812T061654-l1-000012	bellydrum_sitrus	0	1	0	1	p1	8	observed item loss (Sitrus Berry) on opp but no branch removes it
i-0f1f71586ce8c32ff	b008/g10/20260812T061654-l1-000079	struggle_damage	2	0	2	2	p1	81	observed damage 14 on hitmonchan from screamtail struggle (crit=False) not in the PS-exact roll set (nearest delta -3; max_roll 21)
i-0f1f71586ce8c32ff	b008/g12/20260812T061654-l1-000043	ko_margin_soft	0	3	0	3	p2	13	observed + spe on opp but no branch produces it [ko-margin]
i-0f1f71586ce8c32ff	b008/g12/20260812T061654-l2-000014	struggle_damage	1	0	1	1	p1	73	observed damage 25 on altaria from typhlosion struggle (crit=False) not in the PS-exact roll set (nearest delta -3; max_roll 33)
i-0f1f71586ce8c32ff	b008/g12/20260812T061654-l4-000036	struggle_damage	2	0	2	2	p1	104	observed damage 36 on chansey from gholdengo struggle (crit=False) not in the PS-exact roll set (nearest delta -9; max_roll 53)
i-0f1f71586ce8c32ff	b008/g6/20260812T061654-l2-000034	bellydrum_sitrus	0	1	0	1	p2	7	observed item loss (Sitrus Berry) on opp but no branch removes it
i-0f1f71586ce8c32ff	b009/g15/20260812T063347-l4-000061	struggle_damage	2	0	2	2	p1	96	observed damage 26 on gastrodoneast from suicune struggle (crit=False) not in the PS-exact roll set (nearest delta -4; max_roll 36)
i-0f43ec34c40e0f83b	b000/g12/20260812T042545-l3-000013	struggle_damage	1	0	1	1	p1	42	observed damage 26 on noctowl from gothitelle struggle (crit=False) not in the PS-exact roll set (nearest delta -8; max_roll 40)
i-0f43ec34c40e0f83b	b000/g12/20260812T042545-l5-000092	ko_margin_soft	0	1	0	1	p1	23	observed slp on opp but no branch applies it [ko-margin]
i-0f43ec34c40e0f83b	b000/g14/20260812T042545-l1-000060	struggle_damage	1	0	1	1	p1	9	observed damage 10 on kommoo from ursalunabloodmoon struggle (crit=False) not in the PS-exact roll set (nearest delta -3; max_roll 16)
i-0f43ec34c40e0f83b	b000/g14/20260812T042545-l1-000083	struggle_damage	1	0	1	1	p1	23	observed damage 24 on passimian from porygonz struggle (crit=False) not in the PS-exact roll set (nearest delta -4; max_roll 33)
i-0f43ec34c40e0f83b	b000/g14/20260812T042545-l3-000031	ko_margin_soft	0	1	0	1	p1	14	observed - spa on opp but no branch produces it [ko-margin]
i-0f43ec34c40e0f83b	b000/g14/20260812T042545-l4-000041	ko_margin_soft	0	1	0	1	p1	14	observed + atk on opp but no branch produces it [ko-margin]
i-0f43ec34c40e0f83b	b000/g15/20260812T042545-l1-000013	struggle_damage	1	0	1	1	p1	20	observed damage 32 on primarina from volcanion struggle (crit=False) not in the PS-exact roll set (nearest delta -5; max_roll 44)
i-0f43ec34c40e0f83b	b000/g3/20260812T042545-l2-000014	struggle_damage	4	0	4	4	p2	100	observed damage 30 on lapras from phione struggle (crit=False) not in the PS-exact roll set (nearest delta -4; max_roll 41)
i-0f43ec34c40e0f83b	b000/g7/20260812T042545-l3-000045	struggle_damage	2	0	2	2	p2	113	observed damage 19 on sandyshocks from cresselia struggle (crit=False) not in the PS-exact roll set (nearest delta -4; max_roll 28)
i-0f43ec34c40e0f83b	b001/g11/20260812T043825-l2-000007	other_categorical	0	1	0	1	p2	12	observed volatile confusion end on user but no branch removes it
i-0f43ec34c40e0f83b	b001/g2/20260812T043825-l3-000068	bellydrum_sitrus	0	2	0	2	p1	47	observed item loss (Sitrus Berry) on opp but no branch removes it
i-0f43ec34c40e0f83b	b001/g6/20260812T043825-l3-000011	struggle_damage	1	0	1	1	p2	16	observed damage 31 on gastrodoneast from politoed struggle (crit=False) not in the PS-exact roll set (nearest delta -4; max_roll 42)
i-0f43ec34c40e0f83b	b002/g12/20260812T045125-l6-000006	struggle_damage	2	0	2	2	p2	55	observed damage 30 on chansey from fluttermane struggle (crit=False) not in the PS-exact roll set (nearest delta -9; max_roll 47)
i-0f43ec34c40e0f83b	b002/g13/20260812T045125-l6-000033	other_categorical	1	0	0	1	p1	10	observed + spa on opp but no branch produces it
i-0f43ec34c40e0f83b	b002/g7/20260812T045125-l4-000057	bellydrum_sitrus	0	1	0	1	p1	2	observed item loss (Sitrus Berry) on opp but no branch removes it
i-0f43ec34c40e0f83b	b002/g8/20260812T045125-l4-000070	revival_blessing	1	0	0	1	p1	9	observed brn on opp but no branch applies it
i-0f43ec34c40e0f83b	b003/g12/20260812T050421-l4-000052	bellydrum_sitrus	0	1	0	1	p1	7	observed item loss (Sitrus Berry) on opp but no branch removes it
i-0f43ec34c40e0f83b	b003/g12/20260812T050421-l6-000021	struggle_damage	4	0	4	4	p1	102	observed damage 20 on comfey from florgesblue struggle (crit=False) not in the PS-exact roll set (nearest delta -5; max_roll 30)
i-0f43ec34c40e0f83b	b003/g13/20260812T050421-l4-000048	struggle_damage	4	0	4	4	p2	89	observed damage 24 on sinistcha from arboliva struggle (crit=False) not in the PS-exact roll set (nearest delta -3; max_roll 32)
i-0f43ec34c40e0f83b	b003/g2/20260812T050421-l2-000020	ko_margin_soft	0	2	0	2	p1	22	observed - spa on opp but no branch produces it [ko-margin]
i-0f43ec34c40e0f83b	b003/g2/20260812T050421-l5-000084	struggle_damage	2	0	2	2	p2	65	observed damage 9 on alomomola from eternatus struggle (crit=False) not in the PS-exact roll set (nearest delta -2; max_roll 13)
i-0f43ec34c40e0f83b	b003/g3/20260812T050421-l5-000043	bellydrum_sitrus	0	1	0	1	p1	11	observed item loss (Sitrus Berry) on opp but no branch removes it
i-0f43ec34c40e0f83b	b003/g4/20260812T050421-l2-000027	struggle_damage	2	0	2	2	p1	19	observed damage 51 on blissey from chandelure struggle (crit=False) not in the PS-exact roll set (nearest delta -12; max_roll 75)
i-0f43ec34c40e0f83b	b003/g9/20260812T050421-l5-000065	struggle_damage	1	0	1	1	p2	181	observed damage 24 on florgeswhite from suicune struggle (crit=False) not in the PS-exact roll set (nearest delta -7; max_roll 37)
i-0f43ec34c40e0f83b	b004/g0/20260812T052014-l1-000030	other_categorical	1	0	0	1	p1	4	observed + spa on opp but no branch produces it
i-0f43ec34c40e0f83b	b004/g10/20260812T052014-l4-000064	bellydrum_sitrus	0	1	0	1	p2	6	observed item loss (Sitrus Berry) on opp but no branch removes it
i-0f43ec34c40e0f83b	b005/g1/20260812T053320-l2-000050	bellydrum_sitrus	0	1	0	1	p2	22	observed item loss (Sitrus Berry) on opp but no branch removes it
i-0f43ec34c40e0f83b	b005/g10/20260812T053320-l4-000089	struggle_damage	1	0	1	1	p1	16	observed damage 27 on dugtrio from indeedeef struggle (crit=False) not in the PS-exact roll set (nearest delta -11; max_roll 45)
i-0f43ec34c40e0f83b	b005/g11/20260812T053320-l1-000067	struggle_damage	4	0	4	4	p1	85	observed damage 16 on umbreon from screamtail struggle (crit=False) not in the PS-exact roll set (nearest delta -5; max_roll 25)
i-0f43ec34c40e0f83b	b005/g11/20260812T053320-l4-000007	revival_blessing	1	0	0	1	p1	15	observed - spa on user but no branch produces it
i-0f43ec34c40e0f83b	b005/g2/20260812T053320-l4-000037	struggle_damage	1	0	1	1	p2	91	observed damage 28 on altaria from dudunsparce struggle (crit=False) not in the PS-exact roll set (nearest delta -3; max_roll 37)
i-0f43ec34c40e0f83b	b005/g8/20260812T053320-l5-000067	bellydrum_sitrus	0	1	0	1	p2	6	observed item loss (Sitrus Berry) on opp but no branch removes it
i-0f43ec34c40e0f83b	b005/g9/20260812T053320-l3-000019	struggle_damage	2	0	2	2	p2	121	observed damage 3 on dipplin from blissey struggle (crit=False) not in the PS-exact roll set (nearest delta -3; max_roll 8)
i-0f43ec34c40e0f83b	b006/g10/20260812T054637-l3-000068	struggle_damage	1	0	1	1	p1	42	observed damage 27 on conkeldurr from gardevoir struggle (crit=False) not in the PS-exact roll set (nearest delta -9; max_roll 43)
i-0f43ec34c40e0f83b	b006/g11/20260812T054637-l4-000004	struggle_damage	3	0	3	3	p1	135	observed damage 4 on coalossal from blissey struggle (crit=False) not in the PS-exact roll set (nearest delta -5; max_roll 11)
i-0f43ec34c40e0f83b	b006/g15/20260812T054637-l4-000009	other_categorical	1	0	0	1	p2	31	observed - spd on opp but no branch produces it
i-0f43ec34c40e0f83b	b006/g2/20260812T054637-l2-000062	ko_margin_soft	0	1	0	1	p2	14	observed item loss (Life Orb) on opp but no branch removes it [ko-margin]
i-0f43ec34c40e0f83b	b006/g2/20260812T054637-l4-000011	struggle_damage	1	0	1	1	p2	35	observed damage 9 on tinglu from clefable struggle (crit=False) not in the PS-exact roll set (nearest delta -1; max_roll 12)
i-0f43ec34c40e0f83b	b006/g3/20260812T054637-l1-000036	struggle_damage	1	0	1	1	p1	94	observed damage 26 on snorlax from skeledirge struggle (crit=False) not in the PS-exact roll set (nearest delta -5; max_roll 37)
i-0f43ec34c40e0f83b	b006/g3/20260812T054637-l5-000040	bellydrum_sitrus	0	1	0	1	p2	51	observed item loss (Sitrus Berry) on opp but no branch removes it
i-0f43ec34c40e0f83b	b006/g6/20260812T054637-l3-000090	bellydrum_sitrus	0	1	0	1	p1	6	observed item loss (Sitrus Berry) on opp but no branch removes it
i-0f43ec34c40e0f83b	b006/g6/20260812T054637-l4-000078	revival_blessing	1	0	0	1	p1	48	observed + def on user but no branch produces it
i-0f43ec34c40e0f83b	b006/g9/20260812T054637-l2-000028	struggle_damage,ko_margin_soft	1	1	1	2	p2	2	observed damage 18 on froslass from armarouge struggle (crit=False) not in the PS-exact roll set (nearest delta -7; max_roll 30)
i-0f43ec34c40e0f83b	b007/g0/20260812T060047-l3-000032	struggle_damage	3	0	3	3	p2	74	observed damage 22 on suicune from lapras struggle (crit=False) not in the PS-exact roll set (nearest delta -5; max_roll 32)
i-0f43ec34c40e0f83b	b007/g13/20260812T060047-l5-000018	ko_margin_soft	0	1	0	1	p1	23	observed + spe on opp but no branch produces it [ko-margin]
i-0f43ec34c40e0f83b	b007/g3/20260812T060047-l5-000042	struggle_damage	8	0	8	8	p1	116	observed damage 18 on suicune from vaporeon struggle (crit=False) not in the PS-exact roll set (nearest delta -4; max_roll 26)
i-0f43ec34c40e0f83b	b007/g4/20260812T060047-l2-000052	other_categorical	1	0	0	1	p2	6	observed psn on user but no branch applies it
i-0f43ec34c40e0f83b	b007/g6/20260812T060047-l1-000001	struggle_damage	5	0	5	5	p2	116	observed damage 12 on toxapex from keldeoresolute struggle (crit=False) not in the PS-exact roll set (nearest delta -4; max_roll 19)
i-0f43ec34c40e0f83b	b007/g9/20260812T060047-l5-000071	ko_margin_soft	0	1	0	1	p1	24	observed + def on opp but no branch produces it [ko-margin]
i-0f43ec34c40e0f83b	b008/g0/20260812T061427-l1-000009	struggle_damage	3	0	3	3	p2	91	observed damage 11 on dipplin from suicune struggle (crit=False) not in the PS-exact roll set (nearest delta -3; max_roll 17)
i-0f43ec34c40e0f83b	b008/g10/20260812T061427-l6-000021	struggle_damage	1	0	1	1	p1	38	observed damage 30 on hypno from toxtricity struggle (crit=False) not in the PS-exact roll set (nearest delta -3; max_roll 39)
i-0f43ec34c40e0f83b	b008/g12/20260812T061427-l4-000031	struggle_damage	1	0	1	1	p2	33	observed damage 10 on magnezone from chandelure struggle (crit=False) not in the PS-exact roll set (nearest delta -2; max_roll 15)
i-0f43ec34c40e0f83b	b008/g13/20260812T061427-l2-000025	struggle_damage	1	0	1	1	p1	63	observed damage 32 on vaporeon from hydrapple struggle (crit=False) not in the PS-exact roll set (nearest delta -4; max_roll 43)
i-0f43ec34c40e0f83b	b008/g8/20260812T061427-l2-000064	struggle_damage	3	0	3	3	p2	17	observed damage 15 on gothitelle from miraidon struggle (crit=False) not in the PS-exact roll set (nearest delta -2; max_roll 20)
i-0f43ec34c40e0f83b	b009/g1/20260812T062727-l4-000041	struggle_damage	1	0	1	1	p1	108	observed damage 22 on slowkinggalar from sylveon struggle (crit=False) not in the PS-exact roll set (nearest delta -5; max_roll 32)
i-0f43ec34c40e0f83b	b009/g14/20260812T062727-l6-000041	revival_blessing	1	0	0	1	p1	17	observed item loss (Heavy-Duty Boots) on opp but no branch removes it
i-0f43ec34c40e0f83b	b009/g15/20260812T062727-l3-000039	other_categorical	1	0	0	1	p2	65	observed item loss (Focus Sash) on opp but no branch removes it [membership 0/8 legal actions reproduce]
i-0f43ec34c40e0f83b	b009/g7/20260812T062727-l6-000016	ko_margin_soft	0	1	0	1	p2	24	observed volatile Encore start on user but no branch applies it [ko-margin]
i-0f43ec34c40e0f83b	b009/g8/20260812T062727-l5-000010	struggle_damage	5	0	5	5	p2	85	observed damage 20 on sylveon from electrodehisui struggle (crit=False) not in the PS-exact roll set (nearest delta -8; max_roll 33)
i-0f488b1f3ccce74cd	b000/g1/20260812T042522-l2-000065	bellydrum_sitrus	0	1	0	1	p1	13	observed item loss (Sitrus Berry) on opp but no branch removes it
i-0f488b1f3ccce74cd	b000/g13/20260812T042522-l2-000016	struggle_damage	4	0	4	4	p1+p2	146	observed damage 111 on blissey from lunala struggle (crit=True) not in the PS-exact roll set (nearest delta -6; max_roll 138)
i-0f488b1f3ccce74cd	b000/g14/20260812T042522-l5-000039	ko_margin_soft	0	1	0	1	p1	36	observed slp on opp but no branch applies it [ko-margin]
i-0f488b1f3ccce74cd	b000/g5/20260812T042522-l3-000027	revival_blessing	1	0	0	1	p2	5	observed brn on opp but no branch applies it
i-0f488b1f3ccce74cd	b000/g8/20260812T042522-l3-000063	struggle_damage	4	0	4	4	p1	104	observed damage 22 on latios from screamtail struggle (crit=False) not in the PS-exact roll set (nearest delta -6; max_roll 34)
i-0f488b1f3ccce74cd	b000/g8/20260812T042522-l4-000036	ko_margin_soft	0	1	0	1	p1	23	observed - def on opp but no branch produces it [ko-margin]
i-0f488b1f3ccce74cd	b001/g1/20260812T044119-l5-000012	bellydrum_sitrus	0	1	0	1	p2	9	observed item loss (Sitrus Berry) on opp but no branch removes it
i-0f488b1f3ccce74cd	b001/g10/20260812T044119-l1-000077	struggle_damage	1	0	1	1	p2	124	observed damage 1 on pecharunt from blissey struggle (crit=False) not in the PS-exact roll set (nearest delta -1; max_roll 3)
i-0f488b1f3ccce74cd	b001/g10/20260812T044119-l2-000048	struggle_damage	1	0	1	1	p1	15	observed damage 15 on palkiaorigin from gholdengo struggle (crit=False) not in the PS-exact roll set (nearest delta -6; max_roll 25)
i-0f488b1f3ccce74cd	b001/g11/20260812T044119-l4-000038	bellydrum_sitrus	0	1	0	1	p2	18	observed item loss (Sitrus Berry) on opp but no branch removes it
i-0f488b1f3ccce74cd	b001/g11/20260812T044119-l5-000058	struggle_damage	2	0	2	2	p2	17	observed damage 4 on chesnaught from gengar struggle (crit=False) not in the PS-exact roll set (nearest delta -1; max_roll 7)
i-0f488b1f3ccce74cd	b001/g3/20260812T044119-l3-000073	struggle_damage	1	0	1	1	p2	35	observed damage 40 on dudunsparce from typhlosionhisui struggle (crit=True) not in the PS-exact roll set (nearest delta -8; max_roll 57)
i-0f488b1f3ccce74cd	b001/g4/20260812T044119-l6-000077	ko_margin_soft	0	1	0	1	p2	23	observed + spe on opp but no branch produces it [ko-margin]
i-0f488b1f3ccce74cd	b002/g12/20260812T045449-l5-000074	struggle_damage	1	0	1	1	p2	30	observed damage 23 on dudunsparce from jolteon struggle (crit=False) not in the PS-exact roll set (nearest delta -4; max_roll 32)
i-0f488b1f3ccce74cd	b002/g13/20260812T045449-l6-000010	struggle_damage	1	0	1	1	p2	67	observed damage 26 on infernape from lunala struggle (crit=False) not in the PS-exact roll set (nearest delta -6; max_roll 38)
i-0f488b1f3ccce74cd	b002/g15/20260812T045449-l1-000080	revival_blessing	1	0	0	1	p2	20	observed psn on opp but no branch applies it
i-0f488b1f3ccce74cd	b002/g5/20260812T045449-l2-000044	ko_margin_soft	0	1	0	1	p1	5	observed slp on opp but no branch applies it [ko-margin]
i-0f488b1f3ccce74cd	b002/g8/20260812T045449-l2-000019	struggle_damage	1	0	1	1	p1	31	observed damage 22 on chandelure from alcremierubycream struggle (crit=False) not in the PS-exact roll set (nearest delta -5; max_roll 32)
i-0f488b1f3ccce74cd	b002/g9/20260812T045449-l1-000024	struggle_damage	1	0	1	1	p2	17	observed damage 8 on suicune from kyogre struggle (crit=False) not in the PS-exact roll set (nearest delta -2; max_roll 12)
i-0f488b1f3ccce74cd	b003/g1/20260812T050927-l5-000014	struggle_damage	1	0	1	1	p1	112	observed damage 16 on chesnaught from chimecho struggle (crit=False) not in the PS-exact roll set (nearest delta -4; max_roll 24)
i-0f488b1f3ccce74cd	b003/g10/20260812T050927-l4-000007	struggle_damage	4	0	4	4	p1	112	observed damage 8 on arboliva from chimecho struggle (crit=False) not in the PS-exact roll set (nearest delta -4; max_roll 15)
i-0f488b1f3ccce74cd	b003/g11/20260812T050927-l4-000058	struggle_damage	2	0	2	2	p2	97	observed damage 16 on mudsdale from arboliva struggle (crit=False) not in the PS-exact roll set (nearest delta -2; max_roll 22)
i-0f488b1f3ccce74cd	b003/g13/20260812T050927-l3-000014	other_categorical	0	1	0	1	p2	31	observed heal on user but no branch heals it
i-0f488b1f3ccce74cd	b003/g3/20260812T050927-l2-000054	struggle_damage	1	0	1	1	p2	19	observed damage 3 on arceuspsychic from gardevoir struggle (crit=False) not in the PS-exact roll set (nearest delta -1; max_roll 5)
i-0f488b1f3ccce74cd	b003/g3/20260812T050927-l3-000027	bellydrum_sitrus	0	1	0	1	p1	10	observed item loss (Sitrus Berry) on opp but no branch removes it
i-0f488b1f3ccce74cd	b003/g4/20260812T050927-l2-000078	bellydrum_sitrus	0	1	0	1	p1	10	observed item loss (Sitrus Berry) on opp but no branch removes it
i-0f488b1f3ccce74cd	b003/g5/20260812T050927-l1-000042	struggle_damage	6	0	6	6	p2	140	observed damage 12 on glalie from tropius struggle (crit=False) not in the PS-exact roll set (nearest delta -2; max_roll 17)
i-0f488b1f3ccce74cd	b003/g6/20260812T050927-l5-000033	revival_blessing	3	0	0	3	p2	37	observed + spa on user but no branch produces it
i-0f488b1f3ccce74cd	b004/g1/20260812T052732-l2-000090	bellydrum_sitrus	0	1	0	1	p2	11	observed item loss (Sitrus Berry) on opp but no branch removes it
i-0f488b1f3ccce74cd	b004/g11/20260812T052732-l4-000018	bellydrum_sitrus	0	1	0	1	p2	9	observed item loss (Sitrus Berry) on opp but no branch removes it
i-0f488b1f3ccce74cd	b004/g5/20260812T052732-l2-000089	struggle_damage	4	0	4	4	p1	124	observed damage 4 on palossand from blissey struggle (crit=False) not in the PS-exact roll set (nearest delta -5; max_roll 11)
i-0f488b1f3ccce74cd	b005/g1/20260812T054104-l2-000054	struggle_damage	1	0	1	1	p1	31	observed damage 21 on vileplume from delphox struggle (crit=False) not in the PS-exact roll set (nearest delta -5; max_roll 31)
i-0f488b1f3ccce74cd	b005/g11/20260812T054104-l2-000090	struggle_damage	3	0	3	3	p1	150	observed damage 20 on bellibolt from screamtail struggle (crit=False) not in the PS-exact roll set (nearest delta -4; max_roll 29)
i-0f488b1f3ccce74cd	b005/g11/20260812T054104-l4-000018	struggle_damage	4	0	4	4	p2	179	observed damage 23 on vileplume from tropius struggle (crit=False) not in the PS-exact roll set (nearest delta -7; max_roll 36)
i-0f488b1f3ccce74cd	b005/g12/20260812T054104-l3-000052	struggle_damage	1	0	1	1	p1	100	observed damage 4 on ampharos from blissey struggle (crit=False) not in the PS-exact roll set (nearest delta -7; max_roll 13)
i-0f488b1f3ccce74cd	b005/g13/20260812T054104-l2-000064	struggle_damage	1	0	1	1	p2	34	observed damage 8 on snorlax from fluttermane struggle (crit=False) not in the PS-exact roll set (nearest delta -3; max_roll 14)
i-0f488b1f3ccce74cd	b005/g13/20260812T054104-l3-000082	struggle_damage	2	0	2	2	p2	135	observed damage 22 on alcremierainbowswirl from florgeswhite struggle (crit=False) not in the PS-exact roll set (nearest delta -5; max_roll 32)
i-0f488b1f3ccce74cd	b005/g15/20260812T054104-l4-000029	struggle_damage	1	0	1	1	p2	29	observed damage 27 on toucannon from gardevoir struggle (crit=False) not in the PS-exact roll set (nearest delta -7; max_roll 41)
i-0f488b1f3ccce74cd	b005/g4/20260812T054104-l2-000031	struggle_damage	3	0	3	3	p1+p2	80	observed damage 26 on ludicolo from arboliva struggle (crit=False) not in the PS-exact roll set (nearest delta -8; max_roll 40)
i-0f488b1f3ccce74cd	b005/g5/20260812T054104-l1-000027	struggle_damage	2	0	2	2	p2	91	observed damage 38 on fluttermane from tropius struggle (crit=False) not in the PS-exact roll set (nearest delta -8; max_roll 55)
i-0f488b1f3ccce74cd	b006/g12/20260812T055502-l5-000073	ko_margin_soft	0	1	0	1	p2	14	observed slp on opp but no branch applies it [ko-margin]
i-0f488b1f3ccce74cd	b006/g15/20260812T055502-l3-000058	revival_blessing	0	1	0	1	p1	36	observed heal on user but no branch heals it
i-0f488b1f3ccce74cd	b006/g15/20260812T055502-l4-000011	struggle_damage	1	0	1	1	p2	88	observed damage 23 on arceusrock from arboliva struggle (crit=False) not in the PS-exact roll set (nearest delta -4; max_roll 32)
i-0f488b1f3ccce74cd	b006/g15/20260812T055502-l4-000041	struggle_damage	1	0	1	1	p2	33	observed damage 32 on reuniclus from palkia struggle (crit=False) not in the PS-exact roll set (nearest delta -2; max_roll 41)
i-0f488b1f3ccce74cd	b006/g15/20260812T055502-l4-000050	struggle_damage	1	0	1	1	p2	82	observed damage 4 on deoxysdefense from umbreon struggle (crit=False) not in the PS-exact roll set (nearest delta -1; max_roll 6)
i-0f488b1f3ccce74cd	b006/g3/20260812T055502-l5-000046	struggle_damage	5	0	5	5	p2	175	observed damage 17 on toxapex from tropius struggle (crit=False) not in the PS-exact roll set (nearest delta -3; max_roll 24)
i-0f488b1f3ccce74cd	b006/g6/20260812T055502-l6-000072	struggle_damage	1	0	1	1	p1	38	observed damage 15 on eelektross from mismagius struggle (crit=False) not in the PS-exact roll set (nearest delta -2; max_roll 21)
i-0f488b1f3ccce74cd	b007/g15/20260812T060805-l6-000062	revival_blessing	1	0	0	1	p1	18	observed + spa on user but no branch produces it
i-0f488b1f3ccce74cd	b007/g2/20260812T060805-l6-000050	struggle_damage	3	0	3	3	p1	68	observed damage 18 on giratina from ninetalesalola struggle (crit=False) not in the PS-exact roll set (nearest delta -2; max_roll 24)
i-0f488b1f3ccce74cd	b007/g6/20260812T060805-l3-000084	struggle_damage	5	0	5	5	p1+p2	107	observed damage 23 on jirachi from suicune struggle (crit=False) not in the PS-exact roll set (nearest delta -2; max_roll 30)
i-0f488b1f3ccce74cd	b007/g7/20260812T060805-l2-000002	struggle_damage	2	0	2	2	p1	138	observed damage 4 on rotommow from blissey struggle (crit=False) not in the PS-exact roll set (nearest delta -6; max_roll 12)
i-0f488b1f3ccce74cd	b007/g8/20260812T060805-l3-000043	struggle_damage	2	0	2	2	p1	71	observed damage 13 on floatzel from suicune struggle (crit=False) not in the PS-exact roll set (nearest delta -2; max_roll 18)
i-0f488b1f3ccce74cd	b008/g13/20260812T062041-l4-000004	struggle_damage	3	0	3	3	p2	99	observed damage 23 on florgeswhite from chimecho struggle (crit=False) not in the PS-exact roll set (nearest delta -7; max_roll 36)
i-0f488b1f3ccce74cd	b008/g15/20260812T062041-l3-000089	bellydrum_sitrus	0	1	0	1	p1	3	observed heal on opp but no branch heals it
i-0f488b1f3ccce74cd	b008/g2/20260812T062041-l4-000044	struggle_damage	1	0	1	1	p2	14	observed damage 11 on suicune from palkia struggle (crit=False) not in the PS-exact roll set (nearest delta -2; max_roll 16)
i-0f488b1f3ccce74cd	b008/g3/20260812T062041-l6-000047	struggle_damage	1	0	1	1	p1	135	observed damage 4 on shaymin from blissey struggle (crit=False) not in the PS-exact roll set (nearest delta -7; max_roll 13)
i-0f488b1f3ccce74cd	b008/g4/20260812T062041-l3-000019	struggle_damage	1	0	1	1	p2	56	observed damage 7 on carbink from gothitelle struggle (crit=False) not in the PS-exact roll set (nearest delta -1; max_roll 10)
i-0f488b1f3ccce74cd	b008/g7/20260812T062041-l2-000035	struggle_damage	1	0	1	1	p2	7	observed damage 21 on trevenant from jolteon struggle (crit=False) not in the PS-exact roll set (nearest delta -5; max_roll 31)
i-0f488b1f3ccce74cd	b009/g11/20260812T063343-l1-000042	ko_margin_soft	0	1	0	1	p2	41	observed - atk on user but no branch produces it [ko-margin]
i-0f488b1f3ccce74cd	b009/g11/20260812T063343-l3-000090	struggle_damage	1	0	1	1	p1	57	observed damage 14 on milotic from bellossom struggle (crit=False) not in the PS-exact roll set (nearest delta -1; max_roll 18)
i-0f488b1f3ccce74cd	b009/g13/20260812T063343-l5-000077	struggle_damage	1	0	1	1	p1	80	observed damage 21 on clodsire from dudunsparce struggle (crit=False) not in the PS-exact roll set (nearest delta -1; max_roll 27)
i-0f488b1f3ccce74cd	b009/g2/20260812T063343-l4-000004	revival_blessing	3	0	0	3	p2	12	observed + atk on user but no branch produces it
i-0f488b1f3ccce74cd	b009/g5/20260812T063343-l5-000013	bellydrum_sitrus	0	1	0	1	p1	6	observed item loss (Sitrus Berry) on opp but no branch removes it
i-0f608689a07e1846b	b000/g1/20260812T042525-l2-000041	other_categorical	0	1	0	1	p2	28	observed heal on user but no branch heals it
i-0f608689a07e1846b	b000/g10/20260812T042525-l2-000070	struggle_damage	1	0	1	1	p1	15	observed damage 12 on phione from ludicolo struggle (crit=False) not in the PS-exact roll set (nearest delta -3; max_roll 18)
i-0f608689a07e1846b	b000/g11/20260812T042525-l6-000020	struggle_damage	1	0	1	1	p1	27	observed damage 36 on florgesyellow from volcanion struggle (crit=False) not in the PS-exact roll set (nearest delta -3; max_roll 46)
i-0f608689a07e1846b	b000/g2/20260812T042525-l4-000062	struggle_damage	2	0	2	2	p1	133	observed damage 17 on dachsbun from latios struggle (crit=False) not in the PS-exact roll set (nearest delta -4; max_roll 25)
i-0f608689a07e1846b	b000/g4/20260812T042525-l3-000056	struggle_damage	2	0	2	2	p1	94	observed damage 24 on zekrom from giratina struggle (crit=False) not in the PS-exact roll set (nearest delta -2; max_roll 31)
i-0f608689a07e1846b	b000/g8/20260812T042525-l5-000069	ko_margin_soft	0	1	0	1	p1	34	observed + spe on opp but no branch produces it [ko-margin]
i-0f608689a07e1846b	b000/g9/20260812T042525-l6-000026	other_categorical	1	0	0	1	p2	22	observed psn on opp but no branch applies it
i-0f608689a07e1846b	b001/g0/20260812T043812-l4-000011	ko_margin_soft	0	1	0	1	p1	20	observed psn on user but no branch applies it [ko-margin]
i-0f608689a07e1846b	b001/g10/20260812T043812-l1-000001	bellydrum_sitrus	0	1	0	1	p2	19	observed item loss (Sitrus Berry) on opp but no branch removes it
i-0f608689a07e1846b	b001/g11/20260812T043812-l3-000030	bellydrum_sitrus	0	2	0	2	p1	1	observed item loss (Sitrus Berry) on opp but no branch removes it
i-0f608689a07e1846b	b001/g2/20260812T043812-l3-000037	struggle_damage	1	0	1	1	p1	27	observed damage 15 on hatterene from calyrexshadow struggle (crit=False) not in the PS-exact roll set (nearest delta -2; max_roll 20)
i-0f608689a07e1846b	b001/g5/20260812T043812-l1-000014	bellydrum_sitrus	0	1	0	1	p2	15	observed item loss (Sitrus Berry) on opp but no branch removes it
i-0f608689a07e1846b	b001/g6/20260812T043812-l2-000032	ko_margin_soft	0	1	0	1	p2	32	observed slp on opp but no branch applies it [ko-margin]
i-0f608689a07e1846b	b002/g12/20260812T045112-l3-000003	struggle_damage	1	0	1	1	p1	11	observed damage 20 on slowbro from ludicolo struggle (crit=False) not in the PS-exact roll set (nearest delta -5; max_roll 30)
i-0f608689a07e1846b	b002/g2/20260812T045112-l2-000040	bellydrum_sitrus	0	1	0	1	p1	8	observed item loss (Sitrus Berry) on opp but no branch removes it
i-0f608689a07e1846b	b002/g4/20260812T045112-l2-000028	revival_blessing	0	1	0	1	p2	9	observed heal on user but no branch heals it
i-0f608689a07e1846b	b002/g4/20260812T045112-l3-000059	revival_blessing	2	0	0	2	p2	41	observed par on opp but no branch applies it
i-0f608689a07e1846b	b002/g5/20260812T045112-l3-000081	struggle_damage	1	0	1	1	p1	160	observed damage 23 on gastrodon from misdreavus struggle (crit=False) not in the PS-exact roll set (nearest delta -9; max_roll 38)
i-0f608689a07e1846b	b003/g10/20260812T050759-l6-000076	other_categorical	1	0	0	1	p1	14	observed brn on opp but no branch applies it
i-0f608689a07e1846b	b003/g12/20260812T050759-l4-000054	struggle_damage	3	0	3	3	p2	129	observed damage 27 on politoed from wigglytuff struggle (crit=False) not in the PS-exact roll set (nearest delta -9; max_roll 43)
i-0f608689a07e1846b	b003/g14/20260812T050759-l4-000054	revival_blessing	1	0	0	1	p1	16	observed - spa on opp but no branch produces it
i-0f608689a07e1846b	b003/g14/20260812T050759-l6-000016	other_categorical	1	0	0	1	p1	44	observed item loss (Heavy-Duty Boots) on opp but no branch removes it
i-0f608689a07e1846b	b003/g5/20260812T050759-l4-000053	struggle_damage	3	0	3	3	p1	27	observed damage 10 on snorlax from mismagius struggle (crit=False) not in the PS-exact roll set (nearest delta -3; max_roll 16)
i-0f608689a07e1846b	b003/g6/20260812T050759-l2-000048	struggle_damage	1	0	1	1	p2	33	observed damage 8 on vileplume from gothitelle struggle (crit=False) not in the PS-exact roll set (nearest delta -3; max_roll 13)
i-0f608689a07e1846b	b003/g7/20260812T050759-l3-000016	struggle_damage	1	0	1	1	p2	111	observed damage 14 on dusknoir from screamtail struggle (crit=False) not in the PS-exact roll set (nearest delta -3; max_roll 20)
i-0f608689a07e1846b	b003/g9/20260812T050759-l6-000019	ko_margin_soft	0	1	0	1	p2	73	observed slp on opp but no branch applies it [ko-margin]
i-0f608689a07e1846b	b004/g11/20260812T052051-l2-000019	struggle_damage	1	0	1	1	p2	77	observed damage 34 on vaporeon from sceptile struggle (crit=False) not in the PS-exact roll set (nearest delta -6; max_roll 48)
i-0f608689a07e1846b	b004/g15/20260812T052051-l2-000033	bellydrum_sitrus	1	1	0	2	p1	4	observed item loss (Sitrus Berry) on opp but no branch removes it
i-0f608689a07e1846b	b005/g0/20260812T053438-l2-000041	revival_blessing	2	0	0	2	p1	19	observed + spa on user but no branch produces it
i-0f608689a07e1846b	b005/g0/20260812T053438-l4-000013	bellydrum_sitrus	0	1	0	1	p2	22	observed item loss (Sitrus Berry) on opp but no branch removes it
i-0f608689a07e1846b	b005/g15/20260812T053438-l4-000052	bellydrum_sitrus	2	1	0	3	p1	37	observed item loss (Sitrus Berry) on opp but no branch removes it
i-0f608689a07e1846b	b005/g2/20260812T053438-l3-000003	struggle_damage	3	0	3	3	p2	85	observed damage 4 on probopass from screamtail struggle (crit=False) not in the PS-exact roll set (nearest delta -1; max_roll 6)
i-0f608689a07e1846b	b005/g2/20260812T053438-l4-000053	bellydrum_sitrus	0	1	0	1	p2	21	observed item loss (Sitrus Berry) on opp but no branch removes it
i-0f608689a07e1846b	b005/g5/20260812T053438-l2-000054	revival_blessing	2	0	0	2	p1	9	observed + spa on user but no branch produces it
i-0f608689a07e1846b	b006/g0/20260812T054809-l5-000052	struggle_damage	3	0	3	3	p1	92	observed damage 75 on blissey from palossand struggle (crit=False) not in the PS-exact roll set (nearest delta -14; max_roll 105)
i-0f608689a07e1846b	b006/g1/20260812T054809-l1-000055	struggle_damage	4	0	4	4	p1	108	observed damage 18 on ariados from chimecho struggle (crit=False) not in the PS-exact roll set (nearest delta -9; max_roll 32)
i-0f608689a07e1846b	b006/g14/20260812T054809-l1-000033	struggle_damage	1	0	1	1	p2	81	observed damage 17 on arboliva from eternatus struggle (crit=False) not in the PS-exact roll set (nearest delta -2; max_roll 23)
i-0f608689a07e1846b	b006/g14/20260812T054809-l4-000004	struggle_damage	3	0	3	3	p1	91	observed damage 68 on blissey from lunala struggle (crit=False) not in the PS-exact roll set (nearest delta -10; max_roll 92)
i-0f608689a07e1846b	b006/g14/20260812T054809-l5-000063	revival_blessing,ko_margin_soft	1	1	0	2	p1	58	observed + def on user but no branch produces it
i-0f608689a07e1846b	b006/g3/20260812T054809-l4-000088	struggle_damage	1	0	1	1	p1	80	observed damage 8 on suicune from milotic struggle (crit=False) not in the PS-exact roll set (nearest delta -1; max_roll 11)
i-0f608689a07e1846b	b006/g7/20260812T054809-l6-000059	struggle_damage	2	0	2	2	p1	85	observed damage 25 on swalot from shaymin struggle (crit=False) not in the PS-exact roll set (nearest delta -6; max_roll 37)
i-0f608689a07e1846b	b006/g9/20260812T054809-l2-000002	revival_blessing	1	0	0	1	p1	15	observed - spd on opp but no branch produces it
i-0f608689a07e1846b	b007/g13/20260812T060114-l6-000007	bellydrum_sitrus	0	1	0	1	p1	14	observed item loss (Sitrus Berry) on opp but no branch removes it
i-0f608689a07e1846b	b007/g3/20260812T060114-l3-000009	struggle_damage	1	0	1	1	p1	20	observed damage 17 on gothitelle from chimecho struggle (crit=False) not in the PS-exact roll set (nearest delta -5; max_roll 27)
i-0f608689a07e1846b	b007/g3/20260812T060114-l3-000049	struggle_damage	2	0	2	2	p2	74	observed damage 29 on appletun from sceptile struggle (crit=False) not in the PS-exact roll set (nearest delta -2; max_roll 37)
i-0f608689a07e1846b	b007/g7/20260812T060114-l2-000048	bellydrum_sitrus	0	2	0	2	p2	1	observed item loss (Sitrus Berry) on opp but no branch removes it
i-0f608689a07e1846b	b007/g7/20260812T060114-l4-000058	struggle_damage	1	0	1	1	p2	27	observed damage 23 on dialgaorigin from typhlosionhisui struggle (crit=False) not in the PS-exact roll set (nearest delta -4; max_roll 32)
i-0f608689a07e1846b	b007/g8/20260812T060114-l4-000022	bellydrum_sitrus	0	2	0	2	p2	4	observed item loss (Sitrus Berry) on opp but no branch removes it
i-0f608689a07e1846b	b008/g0/20260812T061436-l2-000078	bellydrum_sitrus	0	1	0	1	p2	16	observed item loss (Sitrus Berry) on opp but no branch removes it
i-0f608689a07e1846b	b008/g11/20260812T061436-l1-000074	struggle_damage	1	0	1	1	p2	81	observed damage 25 on mightyena from giratina struggle (crit=False) not in the PS-exact roll set (nearest delta -3; max_roll 34)
i-0f608689a07e1846b	b008/g11/20260812T061436-l6-000056	struggle_damage	1	0	1	1	p1	47	observed damage 22 on glalie from giratina struggle (crit=False) not in the PS-exact roll set (nearest delta -4; max_roll 31)
i-0f608689a07e1846b	b008/g15/20260812T061436-l2-000060	bellydrum_sitrus	1	1	0	2	p2	12	observed item loss (Sitrus Berry) on opp but no branch removes it
i-0f608689a07e1846b	b008/g4/20260812T061436-l5-000007	ko_margin_soft	0	1	0	1	p2	17	observed slp on opp but no branch applies it [ko-margin]
i-0f608689a07e1846b	b009/g0/20260812T062745-l1-000041	struggle_damage	2	0	2	2	p2	44	observed damage 13 on froslass from arboliva struggle (crit=False) not in the PS-exact roll set (nearest delta -4; max_roll 20)
i-0f608689a07e1846b	b009/g15/20260812T062745-l4-000091	revival_blessing	2	0	0	2	p1	3	observed + spa on user but no branch produces it
i-0f608689a07e1846b	b009/g2/20260812T062745-l6-000044	struggle_damage	1	0	1	1	p2	98	observed damage 48 on blissey from spectrier struggle (crit=False) not in the PS-exact roll set (nearest delta -11; max_roll 70)
i-0f608689a07e1846b	b009/g5/20260812T062745-l5-000023	ko_margin_soft	0	2	0	2	p2	31	observed + spe on opp but no branch produces it [ko-margin]
i-0f608689a07e1846b	b009/g6/20260812T062745-l1-000039	struggle_damage	1	0	1	1	p1	30	observed damage 30 on pikachuhoenn from ursalunabloodmoon struggle (crit=False) not in the PS-exact roll set (nearest delta -5; max_roll 42)
i-0f608689a07e1846b	b009/g7/20260812T062745-l3-000029	bellydrum_sitrus	0	1	0	1	p1	22	observed item loss (Sitrus Berry) on opp but no branch removes it
i-0f608689a07e1846b	b009/g7/20260812T062745-l6-000091	ko_margin_soft	0	1	0	1	p1	24	observed slp on opp but no branch applies it [ko-margin]
i-0f608689a07e1846b	b009/g8/20260812T062745-l6-000006	bellydrum_sitrus	0	1	0	1	p1	5	observed item loss (Sitrus Berry) on opp but no branch removes it
i-0f6153a368f619205	b000/g0/20260812T042525-l3-000043	struggle_damage	1	0	1	1	p2	95	observed damage 24 on jirachi from arboliva struggle (crit=False) not in the PS-exact roll set (nearest delta -4; max_roll 34)
i-0f6153a368f619205	b000/g10/20260812T042525-l4-000042	struggle_damage	1	0	1	1	p2	17	observed damage 21 on rillaboom from delphox struggle (crit=False) not in the PS-exact roll set (nearest delta -6; max_roll 32)
i-0f6153a368f619205	b000/g10/20260812T042525-l5-000039	ko_margin_soft	0	1	0	1	p1	8	observed - atk on user but no branch produces it [ko-margin]
i-0f6153a368f619205	b000/g14/20260812T042525-l1-000085	bellydrum_sitrus	0	1	0	1	p2	11	observed item loss (Sitrus Berry) on opp but no branch removes it
i-0f6153a368f619205	b000/g15/20260812T042525-l6-000070	ko_margin_soft	0	1	0	1	p2	71	observed par on opp but no branch applies it [ko-margin]
i-0f6153a368f619205	b000/g9/20260812T042525-l5-000021	struggle_damage	1	0	1	1	p1	100	observed damage 9 on misdreavus from sylveon struggle (crit=False) not in the PS-exact roll set (nearest delta -2; max_roll 13)
i-0f6153a368f619205	b001/g10/20260812T043819-l3-000012	bellydrum_sitrus	0	1	0	1	p1	17	observed item loss (Sitrus Berry) on opp but no branch removes it
i-0f6153a368f619205	b001/g14/20260812T043819-l2-000065	struggle_damage	2	0	2	2	p2	79	observed damage 7 on carbink from pecharunt struggle (crit=False) not in the PS-exact roll set (nearest delta -1; max_roll 10)
i-0f6153a368f619205	b001/g7/20260812T043819-l6-000068	struggle_damage	2	0	2	2	p1	3	observed damage 18 on gothitelle from chiyu struggle (crit=False) not in the PS-exact roll set (nearest delta -4; max_roll 26)
i-0f6153a368f619205	b002/g15/20260812T045111-l6-000093	ko_margin_soft	0	1	0	1	p2	42	observed slp on opp but no branch applies it [ko-margin]
i-0f6153a368f619205	b002/g2/20260812T045111-l1-000001	other_categorical	1	0	0	1	p1	12	observed - spd on opp but no branch produces it
i-0f6153a368f619205	b002/g3/20260812T045111-l3-000021	struggle_damage	1	0	1	1	p2	112	observed damage 15 on cobalion from lugia struggle (crit=False) not in the PS-exact roll set (nearest delta -4; max_roll 23)
i-0f6153a368f619205	b002/g3/20260812T045111-l6-000012	struggle_damage	9	0	9	9	p1	32	observed damage 37 on vaporeon from lapras struggle (crit=False) not in the PS-exact roll set (nearest delta -3; max_roll 48)
i-0f6153a368f619205	b002/g4/20260812T045111-l5-000007	bellydrum_sitrus	0	1	0	1	p2	3	observed item loss (Sitrus Berry) on opp but no branch removes it
i-0f6153a368f619205	b002/g5/20260812T045111-l5-000051	ko_margin_soft,other_categorical	0	2	0	2	p2	27	observed slp on opp but no branch applies it [ko-margin]
i-0f6153a368f619205	b003/g1/20260812T050423-l5-000078	struggle_damage	1	0	1	1	p1	90	observed damage 22 on okidogi from terapagosterastal struggle (crit=False) not in the PS-exact roll set (nearest delta -2; max_roll 29)
i-0f6153a368f619205	b003/g15/20260812T050423-l3-000084	bellydrum_sitrus	0	1	0	1	p2	8	observed par on opp but no branch applies it [ko-margin]
i-0f6153a368f619205	b003/g2/20260812T050423-l6-000055	struggle_damage	1	0	1	1	p1	60	observed damage 16 on diancie from kyogre struggle (crit=False) not in the PS-exact roll set (nearest delta -1; max_roll 20)
i-0f6153a368f619205	b004/g10/20260812T051735-l1-000088	struggle_damage	1	0	1	1	p1	73	observed damage 6 on deoxysdefense from wigglytuff struggle (crit=False) not in the PS-exact roll set (nearest delta -1; max_roll 9)
i-0f6153a368f619205	b004/g12/20260812T051735-l1-000062	bellydrum_sitrus	0	1	0	1	p2	5	observed item loss (Sitrus Berry) on opp but no branch removes it
i-0f6153a368f619205	b004/g14/20260812T051735-l2-000022	struggle_damage	2	0	2	2	p1	104	observed damage 15 on glaceon from chimecho struggle (crit=False) not in the PS-exact roll set (nearest delta -4; max_roll 23)
i-0f6153a368f619205	b004/g7/20260812T051735-l1-000067	struggle_damage	1	0	1	1	p1	12	observed damage 24 on emboar from ironcrown struggle (crit=False) not in the PS-exact roll set (nearest delta -5; max_roll 35)
i-0f6153a368f619205	b005/g3/20260812T053325-l3-000087	struggle_damage	6	0	6	6	p1+p2	106	observed damage 5 on arboliva from florgesblue struggle (crit=False) not in the PS-exact roll set (nearest delta -1; max_roll 8)
i-0f6153a368f619205	b005/g5/20260812T053325-l6-000094	ko_margin_soft	0	2	0	2	p2	39	observed brn on opp but no branch applies it [ko-margin]
i-0f6153a368f619205	b005/g9/20260812T053325-l2-000079	struggle_damage	1	0	1	1	p2	83	observed damage 23 on florgesblue from lugia struggle (crit=False) not in the PS-exact roll set (nearest delta -5; max_roll 34)
i-0f6153a368f619205	b006/g1/20260812T054629-l4-000057	struggle_damage	1	0	1	1	p2	39	observed damage 17 on umbreon from espeon struggle (crit=False) not in the PS-exact roll set (nearest delta -4; max_roll 25)
i-0f6153a368f619205	b006/g11/20260812T054629-l6-000012	bellydrum_sitrus	0	2	0	2	p1	37	observed item loss (Sitrus Berry) on opp but no branch removes it
i-0f6153a368f619205	b006/g12/20260812T054629-l2-000076	struggle_damage	2	0	2	2	p2	7	observed damage 48 on gengar from scovillain struggle (crit=False) not in the PS-exact roll set (nearest delta -8; max_roll 67)
i-0f6153a368f619205	b006/g13/20260812T054629-l1-000001	ko_margin_soft	0	1	0	1	p2	14	observed - spd on opp but no branch produces it [ko-margin]
i-0f6153a368f619205	b006/g14/20260812T054629-l2-000032	ko_margin_soft	0	1	0	1	p2	23	observed slp on opp but no branch applies it [ko-margin]
i-0f6153a368f619205	b006/g5/20260812T054629-l1-000078	revival_blessing	1	0	0	1	p1	30	observed + def on user but no branch produces it
i-0f6153a368f619205	b006/g6/20260812T054629-l4-000004	struggle_damage	1	0	1	1	p2	12	observed damage 21 on kricketune from bellossom struggle (crit=False) not in the PS-exact roll set (nearest delta -3; max_roll 29)
i-0f6153a368f619205	b006/g8/20260812T054629-l2-000070	struggle_damage	2	0	2	2	p2	83	observed damage 22 on latios from lugia struggle (crit=False) not in the PS-exact roll set (nearest delta -6; max_roll 33)
i-0f6153a368f619205	b006/g8/20260812T054629-l5-000042	bellydrum_sitrus	0	1	0	1	p1	3	observed item loss (Sitrus Berry) on opp but no branch removes it
i-0f6153a368f619205	b006/g8/20260812T054629-l6-000040	struggle_damage	1	0	1	1	p2	66	observed damage 7 on chimecho from necrozmadawnwings struggle (crit=False) not in the PS-exact roll set (nearest delta -1; max_roll 10)
i-0f6153a368f619205	b007/g0/20260812T055927-l1-000044	struggle_damage	3	0	3	3	p1	67	observed damage 6 on houndoom from blissey struggle (crit=False) not in the PS-exact roll set (nearest delta -10; max_roll 19)
i-0f6153a368f619205	b007/g0/20260812T055927-l4-000050	struggle_damage	1	0	1	1	p2	44	observed damage 32 on wigglytuff from typhlosion struggle (crit=False) not in the PS-exact roll set (nearest delta -8; max_roll 48)
i-0f6153a368f619205	b007/g13/20260812T055927-l6-000040	struggle_damage	1	0	1	1	p2	53	observed damage 24 on suicune from volcanion struggle (crit=False) not in the PS-exact roll set (nearest delta -3; max_roll 32)
i-0f6153a368f619205	b007/g5/20260812T055927-l5-000061	ko_margin_soft	0	1	0	1	p2	21	observed + spe on opp but no branch produces it [ko-margin]
i-0f6153a368f619205	b007/g8/20260812T055927-l5-000086	other_categorical,revival_blessing	2	3	0	5	p1	19	observed volatile Leech Seed start on opp but no branch applies it
i-0f6153a368f619205	b008/g12/20260812T061238-l3-000007	struggle_damage	5	0	5	5	p2	68	observed damage 12 on snorlax from lunala struggle (crit=False) not in the PS-exact roll set (nearest delta -2; max_roll 17)
i-0f6153a368f619205	b008/g2/20260812T061238-l4-000067	struggle_damage	2	0	2	2	p1	78	observed damage 22 on alcremiecaramelswirl from cresselia struggle (crit=False) not in the PS-exact roll set (nearest delta -3; max_roll 30)
i-0f6153a368f619205	b008/g2/20260812T061238-l6-000041	bellydrum_sitrus	0	1	0	1	p2	8	observed item loss (Sitrus Berry) on opp but no branch removes it
i-0f6153a368f619205	b008/g3/20260812T061238-l5-000039	bellydrum_sitrus	0	2	0	2	p2	3	observed item loss (Sitrus Berry) on opp but no branch removes it
i-0f6153a368f619205	b008/g4/20260812T061238-l6-000028	ko_margin_soft	0	2	0	2	p2	23	observed + spe on opp but no branch produces it [ko-margin]
i-0f6153a368f619205	b008/g7/20260812T061238-l1-000064	struggle_damage	2	0	2	2	p2	142	observed damage 6 on comfey from vaporeon struggle (crit=False) not in the PS-exact roll set (nearest delta -1; max_roll 9)
i-0f6153a368f619205	b009/g1/20260812T062530-l4-000026	revival_blessing	0	1	0	1	p2	5	observed heal on user but no branch heals it
i-0f6153a368f619205	b009/g5/20260812T062530-l1-000042	bellydrum_sitrus	1	1	0	2	p1	9	observed item loss (Sitrus Berry) on opp but no branch removes it
i-0f6153a368f619205	b009/g6/20260812T062530-l2-000073	struggle_damage	2	0	2	2	p2	94	observed damage 45 on thundurustherian from arboliva struggle (crit=True) not in the PS-exact roll set (nearest delta -11; max_roll 66)
i-0f6153a368f619205	b009/g9/20260812T062530-l5-000059	other_categorical	1	0	0	1	p1	46	observed + def on user but no branch produces it
i-0fa9d30f5f0803471	b000/g11/20260812T065018-l4-000017	struggle_damage	2	0	2	2	p2	103	observed damage 7 on meganium from screamtail struggle (crit=False) not in the PS-exact roll set (nearest delta -2; max_roll 11)
i-0fa9d30f5f0803471	b000/g12/20260812T065018-l3-000014	struggle_damage	3	0	3	3	p2	104	observed damage 13 on dipplin from tropius struggle (crit=False) not in the PS-exact roll set (nearest delta -4; max_roll 20)
i-0fa9d30f5f0803471	b000/g13/20260812T065018-l5-000029	bellydrum_sitrus	0	2	0	2	p2	1	observed item loss (Sitrus Berry) on opp but no branch removes it
i-0fa9d30f5f0803471	b000/g6/20260812T065018-l2-000028	ko_margin_soft	0	1	0	1	p1	31	observed - spa on opp but no branch produces it [ko-margin]
i-0fc042edfbb474a51	b000/g0/20260812T065017-l6-000016	struggle_damage	1	0	1	1	p1	148	observed damage 24 on amoonguss from sylveon struggle (crit=False) not in the PS-exact roll set (nearest delta -7; max_roll 37)
i-0fc042edfbb474a51	b000/g0/20260812T065017-l6-000035	ko_margin_soft	0	1	0	1	p1	28	observed - spd on opp but no branch produces it [ko-margin]
